{"stats":{"minecraft:mined":{"minecraft:spruce_planks":1,"minecraft:stone_pressure_plate":1,"minecraft:white_bed":15,"minecraft:brewing_stand":8,"minecraft:granite":36,"minecraft:grass_block":5,"minecraft:jungle_log":10,"minecraft:soul_soil":45,"minecraft:composter":4,"minecraft:hopper":24,"minecraft:spawner":1,"minecraft:tall_seagrass":2,"minecraft:magma_block":201,"minecraft:glowstone":19,"minecraft:iron_ore":101,"minecraft:fire":6,"minecraft:sticky_piston":21,"minecraft:barrel":5,"minecraft:target":1,"minecraft:pumpkin":17,"minecraft:fletching_table":2,"minecraft:green_stained_glass":7,"minecraft:iron_bars":2,"minecraft:crimson_sign":1,"minecraft:spruce_slab":1,"minecraft:tripwire":6,"minecraft:green_bed":3,"minecraft:piston_head":1,"minecraft:sandstone_slab":84,"minecraft:cut_sandstone":4,"minecraft:jungle_door":1,"minecraft:blackstone":65,"minecraft:kelp_plant":15,"minecraft:smoker":2,"minecraft:soul_fire":7,"minecraft:torch":4,"minecraft:blast_furnace":3,"minecraft:melon":16,"minecraft:chest":26,"minecraft:dead_bush":3,"minecraft:nether_quartz_ore":297,"minecraft:glass":133,"minecraft:cobblestone":46,"minecraft:slime_block":3,"minecraft:cyan_bed":1,"minecraft:sugar_cane":187,"minecraft:oak_planks":11,"minecraft:smooth_sandstone_slab":1,"minecraft:wall_torch":5,"minecraft:seagrass":5,"minecraft:repeater":6,"minecraft:powered_rail":1,"minecraft:oak_log":6,"minecraft:sand":1655,"minecraft:dirt":62,"minecraft:netherrack":4394,"minecraft:ancient_debris":46,"minecraft:oak_leaves":19,"minecraft:nether_gold_ore":179,"minecraft:diamond_ore":6,"minecraft:end_stone":68,"minecraft:shulker_box":2,"minecraft:ladder":33,"minecraft:nether_bricks":35,"minecraft:redstone_wire":27,"minecraft:kelp":6,"minecraft:sandstone":549,"minecraft:dead_brain_coral":2,"minecraft:oak_trapdoor":6,"minecraft:furnace":10,"minecraft:carrots":37,"minecraft:chiseled_sandstone":1,"minecraft:acacia_wood":1,"minecraft:andesite":310,"minecraft:bell":1,"minecraft:potatoes":9,"minecraft:vine":2,"minecraft:rail":228,"minecraft:bamboo":1,"minecraft:stone":1252,"minecraft:smithing_table":1,"minecraft:oak_slab":70,"minecraft:scaffolding":63,"minecraft:redstone_block":19,"minecraft:comparator":15,"minecraft:soul_sand":244,"minecraft:observer":13,"minecraft:jungle_sign":2,"minecraft:smooth_sandstone":12,"minecraft:crafting_table":7,"minecraft:short_grass":11,"minecraft:campfire":25,"minecraft:copper_ore":16,"minecraft:lapis_ore":35,"minecraft:diorite":60,"minecraft:cactus":10,"minecraft:coal_ore":68,"minecraft:cocoa":12,"minecraft:gravel":65,"minecraft:cracked_stone_bricks":5,"minecraft:terracotta":1,"minecraft:stone_bricks":142,"minecraft:mossy_stone_bricks":3,"minecraft:fern":3},"minecraft:broken":{"minecraft:stone_pickaxe":1,"minecraft:wooden_axe":2,"minecraft:stone_shovel":1,"minecraft:iron_pickaxe":4},"minecraft:dropped":{"minecraft:soul_sand":6,"minecraft:diamond_axe":1,"minecraft:cooked_beef":5,"minecraft:cooked_porkchop":7,"minecraft:sandstone_slab":128,"minecraft:lantern":5,"minecraft:dragon_breath":1,"minecraft:elytra":3,"minecraft:rail":1,"minecraft:emerald":120,"minecraft:dirt":370,"minecraft:sand":77,"minecraft:iron_pickaxe":1,"minecraft:bone":12,"minecraft:sugar_cane":4,"minecraft:smooth_sandstone_stairs":3,"minecraft:obsidian":1,"minecraft:rotten_flesh":25,"minecraft:diamond_shovel":2,"minecraft:cooked_mutton":4,"minecraft:carrot":148,"minecraft:shulker_shell":12,"minecraft:hopper":10,"minecraft:chest":4,"minecraft:iron_bars":3,"minecraft:arrow":17,"minecraft:glass":9,"minecraft:quartz":64,"minecraft:netherrack":471,"minecraft:water_bucket":2,"minecraft:bread":3123,"minecraft:diamond_leggings":2,"minecraft:stick":4,"minecraft:golden_carrot":22,"minecraft:torch":5,"minecraft:diamond_helmet":1,"minecraft:iron_leggings":2,"minecraft:string":106,"minecraft:spruce_sapling":2,"minecraft:oak_trapdoor":3,"minecraft:bowl":1,"minecraft:iron_boots":1,"minecraft:shulker_box":1,"minecraft:suspicious_stew":6,"minecraft:diamond_sword":1,"minecraft:potato":140,"minecraft:diamond_chestplate":2,"minecraft:iron_chestplate":1,"minecraft:andesite":3,"minecraft:mossy_stone_bricks":1,"minecraft:spider_eye":24,"minecraft:stone_bricks":4,"minecraft:nether_quartz_ore":46},"minecraft:killed":{"minecraft:spider":14,"minecraft:shulker":4,"minecraft:skeleton":36,"minecraft:chicken":4,"minecraft:silverfish":4,"minecraft:magma_cube":4,"minecraft:pig":7,"minecraft:creeper":12,"minecraft:sheep":6,"minecraft:pillager":8,"minecraft:zombie":17,"minecraft:blaze":7,"minecraft:cow":3,"minecraft:vindicator":2,"minecraft:drowned":1,"minecraft:husk":16,"minecraft:wither_skeleton":25,"minecraft:villager":4,"minecraft:enderman":6},"minecraft:used":{"minecraft:melon":4,"minecraft:dispenser":11,"minecraft:elytra":2,"minecraft:spruce_slab":1,"minecraft:dead_brain_coral":2,"minecraft:ladder":33,"minecraft:chest":71,"minecraft:shield":24,"minecraft:stone":105,"minecraft:iron_sword":45,"minecraft:bell":1,"minecraft:soul_campfire":25,"minecraft:soul_sand":21,"minecraft:nether_bricks":26,"minecraft:carrot":44,"minecraft:glass":478,"minecraft:jungle_fence_gate":6,"minecraft:hopper_minecart":7,"minecraft:stone_bricks":166,"minecraft:item_frame":1,"minecraft:repeater":31,"minecraft:magma_block":1,"minecraft:scaffolding":339,"minecraft:ominous_bottle":1,"minecraft:jungle_button":1,"minecraft:furnace":19,"minecraft:potato":3,"minecraft:dead_brain_coral_fan":4,"minecraft:dropper":4,"minecraft:stone_pickaxe":131,"minecraft:powered_rail":16,"minecraft:oak_planks":11,"minecraft:ender_pearl":34,"minecraft:wooden_pickaxe":30,"minecraft:sandstone":210,"minecraft:redstone_block":24,"minecraft:composter":19,"minecraft:diamond_axe":114,"minecraft:sand":152,"minecraft:blast_furnace":4,"minecraft:end_stone":23,"minecraft:sticky_piston":27,"minecraft:lever":5,"minecraft:firework_rocket":256,"minecraft:bread":23,"minecraft:cyan_bed":2,"minecraft:string":2,"minecraft:jungle_sign":20,"minecraft:diamond_sword":326,"minecraft:grindstone":1,"minecraft:smithing_table":2,"minecraft:andesite":57,"minecraft:bone_meal":328,"minecraft:experience_bottle":60,"minecraft:oak_trapdoor":11,"minecraft:armor_stand":2,"minecraft:stone_shovel":153,"minecraft:redstone":53,"minecraft:spruce_planks":1,"minecraft:netherrack":234,"minecraft:torch":72,"minecraft:brewing_stand":13,"minecraft:dirt":99,"minecraft:target":1,"minecraft:white_carpet":12,"minecraft:hopper":108,"minecraft:nether_quartz_ore":48,"minecraft:shulker_box":8,"minecraft:jungle_trapdoor":17,"minecraft:granite":3,"minecraft:iron_hoe":6,"minecraft:wooden_axe":95,"minecraft:iron_axe":65,"minecraft:slime_block":7,"minecraft:smooth_sandstone":7,"minecraft:barrel":29,"minecraft:glowstone":103,"minecraft:golden_carrot":98,"minecraft:soul_soil":45,"minecraft:minecart":3,"minecraft:cooked_beef":4,"minecraft:observer":25,"minecraft:cooked_mutton":7,"minecraft:water_bucket":91,"minecraft:glass_bottle":40,"minecraft:cut_sandstone":2,"minecraft:fletching_table":5,"minecraft:green_bed":4,"minecraft:terracotta":1,"minecraft:rail":253,"minecraft:comparator":21,"minecraft:crafting_table":10,"minecraft:oak_slab":154,"minecraft:white_bed":17,"minecraft:campfire":25,"minecraft:smoker":3,"minecraft:ender_eye":26,"minecraft:diamond_pickaxe":7427,"minecraft:diamond_shovel":1818,"minecraft:iron_pickaxe":913,"minecraft:stone_axe":76,"minecraft:cobblestone":45,"minecraft:cooked_porkchop":6,"minecraft:bucket":89,"minecraft:jungle_door":1,"minecraft:sandstone_slab":1927,"minecraft:kelp":2,"minecraft:green_stained_glass":212},"minecraft:picked_up":{"minecraft:shulker_shell":3,"minecraft:redstone_block":19,"minecraft:suspicious_stew":10,"minecraft:smithing_table":1,"minecraft:diamond_sword":3,"minecraft:potion":2,"minecraft:enchanted_book":2,"minecraft:brewing_stand":8,"minecraft:string":415,"minecraft:raw_copper":51,"minecraft:soul_soil":45,"minecraft:iron_leggings":1,"minecraft:sticky_piston":23,"minecraft:diamond_leggings":1,"minecraft:comparator":15,"minecraft:bucket":1,"minecraft:spruce_planks":1,"minecraft:hopper_minecart":6,"minecraft:cobblestone_slab":17,"minecraft:ender_eye":10,"minecraft:iron_pickaxe":3,"minecraft:melon_slice":16,"minecraft:furnace":10,"minecraft:stick":88,"minecraft:jungle_door":1,"minecraft:composter":4,"minecraft:torch":57,"minecraft:green_bed":3,"minecraft:sandstone_wall":37,"minecraft:porkchop":13,"minecraft:target":1,"minecraft:diorite":61,"minecraft:stone_sword":4,"minecraft:nether_gold_ore":179,"minecraft:cactus":19,"minecraft:rotten_flesh":94,"minecraft:glowstone":19,"minecraft:blaze_rod":16,"minecraft:obsidian":1,"minecraft:iron_bars":3,"minecraft:cobblestone":605,"minecraft:magma_block":195,"minecraft:feather":6,"minecraft:repeater":8,"minecraft:magma_cream":1,"minecraft:andesite":326,"minecraft:water_bucket":3,"minecraft:jungle_log":10,"minecraft:smoker":2,"minecraft:potato":99,"minecraft:flint":41,"minecraft:smooth_sandstone_stairs":3,"minecraft:lapis_lazuli":175,"minecraft:dirt":556,"minecraft:lantern":5,"minecraft:bone":137,"minecraft:glass":157,"minecraft:bow":4,"minecraft:wheat_seeds":5,"minecraft:bell":1,"minecraft:fletching_table":2,"minecraft:mossy_stone_bricks":1,"minecraft:diamond_helmet":1,"minecraft:bamboo":9,"minecraft:powered_rail":2,"minecraft:oak_planks":31,"minecraft:jungle_planks":6,"minecraft:sand":1690,"minecraft:melon":10,"minecraft:cyan_bed":1,"minecraft:shulker_box":9,"minecraft:chiseled_sandstone":1,"minecraft:barrel":5,"minecraft:sugar":3,"minecraft:diamond":6,"minecraft:slime_block":3,"minecraft:lever":3,"minecraft:granite":43,"minecraft:bone_meal":27,"minecraft:emerald":125,"minecraft:bread":1822,"minecraft:oak_sapling":2,"minecraft:netherrack":1324,"minecraft:dead_brain_coral":2,"minecraft:diamond_pickaxe":2,"minecraft:cocoa_beans":30,"minecraft:crafting_table":7,"minecraft:sandstone_slab":550,"minecraft:nether_wart":2,"minecraft:ominous_bottle":1,"minecraft:chicken":4,"minecraft:ladder":33,"minecraft:oak_trapdoor":12,"minecraft:elytra":5,"minecraft:iron_axe":1,"minecraft:item_frame":1,"minecraft:white_carpet":751,"minecraft:blackstone":62,"minecraft:beef":9,"minecraft:observer":13,"minecraft:spruce_slab":1,"minecraft:minecart":4,"minecraft:chest":29,"minecraft:sugar_cane":359,"minecraft:egg":1,"minecraft:raw_iron":96,"minecraft:sandstone":612,"minecraft:end_stone":68,"minecraft:stone":735,"minecraft:bowl":2,"minecraft:stone_button":2,"minecraft:carrot":226,"minecraft:redstone":47,"minecraft:stone_pressure_plate":1,"minecraft:jungle_sign":2,"minecraft:smooth_sandstone_slab":14,"minecraft:arrow":62,"minecraft:diamond_chestplate":2,"minecraft:nether_bricks":33,"minecraft:diamond_boots":1,"minecraft:sandstone_stairs":2,"minecraft:mutton":11,"minecraft:rail":239,"minecraft:bone_block":10,"minecraft:white_wool":5,"minecraft:soul_campfire":25,"minecraft:lapis_ore":8,"minecraft:cut_sandstone":4,"minecraft:leather":4,"minecraft:oak_log":7,"minecraft:ancient_debris":46,"minecraft:cobblestone_wall":11,"minecraft:gunpowder":102,"minecraft:paper":128,"minecraft:white_banner":5,"minecraft:smooth_sandstone":17,"minecraft:apple":1,"minecraft:stone_bricks":165,"minecraft:kelp":125,"minecraft:iron_ingot":1,"minecraft:iron_ore":5,"minecraft:iron_sword":1,"minecraft:soul_sand":235,"minecraft:oak_slab":109,"minecraft:scaffolding":548,"minecraft:nether_quartz_ore":249,"minecraft:pumpkin":17,"minecraft:quartz":178,"minecraft:green_stained_glass":230,"minecraft:spruce_sapling":2,"minecraft:blast_furnace":3,"minecraft:white_bed":14,"minecraft:spider_eye":39,"minecraft:firework_rocket":419,"minecraft:diamond_shovel":3,"minecraft:campfire":25,"minecraft:diamond_axe":3,"minecraft:terracotta":1,"minecraft:black_wool":1,"minecraft:coal":94,"minecraft:hopper":24,"minecraft:ender_pearl":24},"minecraft:killed_by":{"minecraft:player":1},"minecraft:custom":{"minecraft:interact_with_crafting_table":52,"minecraft:open_barrel":271,"minecraft:open_shulker_box":60,"minecraft:bell_ring":7,"minecraft:leave_game":19,"minecraft:time_since_death":181601,"minecraft:sprint_one_cm":1752650,"minecraft:damage_blocked_by_shield":645,"minecraft:drop":198,"minecraft:talked_to_villager":218,"minecraft:play_time":931968,"minecraft:deaths":2,"minecraft:jump":13462,"minecraft:interact_with_brewingstand":1,"minecraft:walk_on_water_one_cm":121238,"minecraft:enchant_item":54,"minecraft:interact_with_furnace":29,"minecraft:traded_with_villager":938,"minecraft:sleep_in_bed":15,"minecraft:damage_dealt":33714,"minecraft:crouch_one_cm":279109,"minecraft:interact_with_smoker":2,"minecraft:inspect_dispenser":32,"minecraft:horse_one_cm":6229,"minecraft:interact_with_smithing_table":2,"minecraft:inspect_dropper":1,"minecraft:interact_with_anvil":10,"minecraft:mob_kills":181,"minecraft:inspect_hopper":50,"minecraft:climb_one_cm":190396,"minecraft:walk_one_cm":2097500,"minecraft:raid_win":1,"minecraft:sneak_time":60075,"minecraft:walk_under_water_one_cm":328896,"minecraft:total_world_time":931968,"minecraft:raid_trigger":1,"minecraft:pot_flower":1,"minecraft:interact_with_grindstone":40,"minecraft:time_since_rest":20715,"minecraft:damage_taken":7328,"minecraft:swim_one_cm":61956,"minecraft:fly_one_cm":3019225,"minecraft:open_chest":200,"minecraft:aviate_one_cm":6337919,"minecraft:fall_one_cm":304936},"minecraft:crafted":{"minecraft:oak_planks":176,"minecraft:blaze_powder":20,"minecraft:slime_block":7,"minecraft:diamond_shovel":4,"minecraft:shulker_box":16,"minecraft:cooked_mutton":11,"minecraft:glass":64,"minecraft:diamond_helmet":4,"minecraft:diamond_leggings":4,"minecraft:melon_seeds":16,"minecraft:chest":2,"minecraft:rail":64,"minecraft:stone_bricks":128,"minecraft:ender_eye":20,"minecraft:smoker":1,"minecraft:glass_bottle":384,"minecraft:target":1,"minecraft:oak_slab":210,"minecraft:emerald":461,"minecraft:cooked_porkchop":13,"minecraft:diamond_axe":4,"minecraft:crafting_table":2,"minecraft:wooden_pickaxe":1,"minecraft:sticky_piston":1,"minecraft:apple":100,"minecraft:diamond_pickaxe":4,"minecraft:shield":3,"minecraft:stick":64,"minecraft:iron_ingot":96,"minecraft:iron_pickaxe":2,"minecraft:sandstone":82,"minecraft:composter":5,"minecraft:golden_carrot":36,"minecraft:redstone":144,"minecraft:stone_shovel":3,"minecraft:experience_bottle":60,"minecraft:furnace":3,"minecraft:blast_furnace":1,"minecraft:bone_meal":480,"minecraft:white_carpet":6,"minecraft:oak_trapdoor":8,"minecraft:ladder":48,"minecraft:ender_pearl":58,"minecraft:stone_pickaxe":1,"minecraft:diamond_boots":4,"minecraft:redstone_block":7,"minecraft:minecart":14,"minecraft:cooked_beef":9,"minecraft:diamond_sword":4,"minecraft:sandstone_slab":1536,"minecraft:bucket":2,"minecraft:stone_axe":1,"minecraft:glowstone":144,"minecraft:air":0,"minecraft:jungle_planks":40,"minecraft:oak_boat":2,"minecraft:wooden_axe":2,"minecraft:white_bed":1,"minecraft:torch":84,"minecraft:lapis_lazuli":252,"minecraft:diamond_chestplate":4}},"DataVersion":3953}