{"stats":{"minecraft:broken":{"exdeorum:crook":6},"minecraft:dropped":{"minecraft:clay":3,"minecraft:cooked_beef":12,"minecraft:oak_log":10,"minecraft:baked_potato":28,"minecraft:diamond":1,"exdeorum:copper_ore_chunk":3,"minecraft:emerald":18,"minecraft:dirt":1,"minecraft:amethyst_shard":1,"exdeorum:granite_pebble":1,"minecraft:gold_nugget":66,"minecraft:gold_ingot":14,"minecraft:emerald_block":1,"sophisticatedstorage:basic_tier_upgrade":1,"minecraft:pointed_dripstone":2,"minecraft:rotten_flesh":4,"minecraft:oak_planks":13,"waystones:warp_stone":1,"powah:dielectric_casing":2,"mysticalagriculture:inferium_essence":1,"powah:wrench":1,"minecraft:egg":7,"minecraft:water_bucket":1,"dankstorage:dank_1":1,"allthecompressed:cobblestone_1x":1,"minecraft:iron_helmet":1,"minecraft:cobblestone":2,"powah:solar_panel_starter":2,"exdeorum:iron_ore_chunk":2,"minecraft:coal":32,"minecraft:stick":5,"minecraft:wooden_axe":1,"alltheores:copper_ore_hammer":2,"tombstone:grave_dust":1,"thermal:machine_crucible":1,"minecraft:cactus":6,"minecraft:string":40,"exdeorum:stone_pebble":1,"minecraft:bucket":3,"minecraft:redstone":4,"minecraft:snow_block":4,"pickletweaks:emerald_pickaxe":1,"pipez:item_pipe":11,"minecraft:shield":1,"exdeorum:tin_ore_chunk":66,"minecraft:andesite":1,"minecraft:oak_sapling":26,"waystones:waystone":1,"pipez:wrench":3},"minecraft:killed":{"minecraft:zombified_piglin":3,"minecraft:spider":7,"minecraft:wither":1,"minecraft:skeleton":7,"minecraft:magma_cube":7,"minecraft:piglin":2,"minecraft:zombie_villager":1,"minecraft:creeper":1,"farmingforblockheads:merchant":1,"minecraft:trader_llama":1,"minecraft:zombie":15,"minecraft:blaze":12,"minecraft:wandering_trader":1,"minecraft:wither_skeleton":4,"minecraft:enderman":73},"minecraft:used":{"craftingstation:crafting_station_slab":2,"sophisticatedbackpacks:copper_backpack":2,"rftoolspower:coalgenerator":9,"minecraft:chest":47,"minecraft:shield":22,"minecraft:iron_sword":4,"allthecompressed:cobblestone_1x":368,"pickletweaks:emerald_pickaxe":70,"ars_nouveau:red_archwood_sapling":1,"powah:solar_panel_basic":12,"mekanism:basic_universal_cable":48,"integrateddynamics:squeezer":3,"minecraft:lava_bucket":4,"thermal:machine_insolator":3,"pickletweaks:emerald_hoe":104,"ars_nouveau:green_archwood_sapling":1,"ironfurnaces:iron_furnace":2,"pipez:item_pipe":46,"minecraft:oak_sapling":3,"minecraft:furnace":6,"minecraft:egg":28,"ars_nouveau:blue_archwood_sapling":1,"powah:solar_panel_starter":1,"minecraft:stone_pickaxe":23,"minecraft:clay":26,"minecraft:diamond_axe":596,"powah:magmator_basic":4,"pickletweaks:emerald_sword":56,"mekanism:superheating_element":1,"ars_nouveau:purple_archwood_sapling":1,"exdeorum:oak_barrel":13,"mekanism:crusher":3,"mekanism:metallurgic_infuser":4,"tombstone:grave_key":1,"minecraft:gravel":2,"exmachinis:flux_hammer":14,"minecraft:wooden_sword":3,"functionalstorage:oak_1":7,"minecraft:smithing_table":1,"exdeorum:compressed_stone_hammer":408,"exmachinis:flux_sieve":5,"minecraft:coarse_dirt":156,"minecraft:bone_meal":8,"cookingforblockheads:sink":2,"sophisticatedbackpacks:iron_backpack":2,"thermal:machine_crucible":2,"farmingforblockheads:market":1,"exdeorum:crook":804,"sophisticatedstorage:gold_chest":4,"minecraft:torch":4,"minecraft:dirt":4,"cobblefordays:tier_2":1,"exdeorum:silk_worm":5,"allthecompressed:cobblestone_2x":2,"minecraft:nether_brick_stairs":2,"minecraft:wooden_axe":45,"cobblefordays:tier_5":2,"integrateddynamics:menril_sapling":2,"sophisticatedstorage:diamond_chest":8,"minecraft:diamond_chestplate":1,"exdeorum:porcelain_crucible":2,"minecraft:golden_carrot":30,"exdeorum:stone_hammer":4,"minecraft:netherite_pickaxe":25,"tombstone:gift":3,"minecraft:cooked_beef":21,"exdeorum:oak_sieve":9,"pipez:fluid_pipe":9,"minecraft:water_bucket":4,"minecraft:iron_ore":21,"powah:energy_cell_basic":1,"mekanismgenerators:bio_generator":8,"minecraft:baked_potato":22,"integrateddynamics:drying_basin":1,"minecraft:oak_slab":347,"minecraft:white_bed":3,"minecraft:oak_log":126,"pickletweaks:emerald_axe":42,"craftingstation:crafting_station":1,"allthecompressed:sand_1x":22,"minecraft:oak_button":4,"minecraft:iron_pickaxe":37,"allthecompressed:gravel_1x":86,"tombstone:magic_scroll":1,"minecraft:stone_axe":79,"minecraft:cobblestone":28,"minecraft:bucket":7},"minecraft:picked_up":{"minecraft:wooden_axe":1,"minecraft:wheat":1,"exdeorum:mycelium_spores":8,"exdeorum:dust":162,"allthecompressed:cobblestone_2x":2,"cobblefordays:tier_5":1,"minecraft:smithing_table":1,"minecraft:lead":1,"minecraft:potion":1,"minecraft:enchanted_book":1,"exdeorum:iron_ore_chunk":306,"sophisticatedstorage:gold_chest":4,"exdeorum:grass_seeds":17,"minecraft:string":162,"minecraft:raw_copper":58,"integrateddynamics:menril_log":52,"craftingstation:crafting_station":1,"cobblefordays:tier_1":1,"mysticalagriculture:inferium_essence":27,"minecraft:gold_nugget":46,"mekanism:basic_universal_cable":29,"minecraft:bucket":2,"integrateddynamics:menril_sapling":6,"minecraft:light_weighted_pressure_plate":9,"minecraft:redstone_torch":4,"alltheores:lumium_ingot":2,"minecraft:coal_block":1,"thermal:spinach_seeds":2,"xycraft_world:xychorium_gem_green":1,"wstweaks:fragment":14,"minecraft:furnace":4,"minecraft:golden_helmet":1,"minecraft:stick":101,"apotheosis:gem":6,"minecraft:torch":8,"pickletweaks:emerald_pickaxe":1,"minecraft:snow_block":8,"tombstone:grave_dust":6,"minecraft:pointed_dripstone":365,"thermal:flax_seeds":1,"pipez:wrench":4,"minecraft:stone_sword":1,"minecraft:cactus":15,"silentgear:leather_scrap":4,"minecraft:rotten_flesh":18,"create:copper_casing":4,"minecraft:iron_block":1,"exdeorum:tin_ore_chunk":159,"occultism:datura":1,"minecraft:cyan_terracotta":12,"ars_nouveau:sourceberry_bush":5,"supplementaries:ash":3,"minecraft:blaze_rod":8,"minecraft:obsidian":21,"minecraft:iron_bars":13,"minecraft:blaze_powder":7,"minecraft:cobblestone":204,"exdeorum:osmium_ore_chunk":97,"occultism:datura_seeds":3,"minecraft:pink_petals":5,"exdeorum:basalt_pebble":211,"minecraft:cooked_beef":1,"minecraft:magma_cream":1,"powah:dielectric_casing":2,"minecraft:water_bucket":1,"minecraft:andesite":1,"integrateddynamics:crystalized_menril_chunk":7,"enderio:grains_of_infinity":7,"minecraft:potato":8,"minecraft:flint":710,"powah:energy_cable_basic":5,"thermal:tin_gear":1,"ae2:charged_certus_quartz_crystal":3,"minecraft:netherite_leggings":2,"minecraft:lapis_lazuli":119,"exdeorum:nickel_ore_chunk":136,"minecraft:dirt":173,"thermal:rf_coil":2,"reliquary:nebulous_heart":3,"minecraft:leather_boots":1,"alltheores:raw_tin":9,"minecraft:bone":20,"minecraft:bow":2,"minecraft:wheat_seeds":32,"easy_villagers:trader":1,"minecraft:raw_gold":8,"powah:capacitor_basic":1,"everlastingabilities:ability_totem":2,"minecraft:bamboo":5,"minecraft:glowstone_dust":5,"minecraft:oak_planks":16,"thermal:bell_pepper_seeds":1,"mekanism:metallurgic_infuser":3,"patchouli:guide_book":1,"xycraft_world:xychorium_gem_red":2,"exmachinis:flux_hammer":6,"ae2:certus_quartz_crystal":5,"minecraft:poisonous_potato":9,"exdeorum:flint_mesh":4,"minecraft:sand":794,"integrateddynamics:squeezer":2,"minecraft:nether_brick_stairs":2,"minecraft:dead_bush":8,"minecraft:barrel":1,"xycraft_world:xychorium_gem_dark":5,"botania:green_petal":3,"thermal:device_rock_gen":1,"forbidden_arcanus:ender_pearl_fragment":73,"minecraft:bundle":1,"xycraft_world:xychorium_gem_light":1,"projecte:repair_talisman":1,"minecraft:sugar":1,"minecraft:clay":32,"minecraft:diamond":8,"minecraft:netherite_helmet":1,"constructionwand:stone_wand":1,"thermal:eggplant_seeds":1,"minecraft:bone_meal":20,"exdeorum:copper_ore_chunk":240,"botania:gray_petal":3,"mekanism:superheating_element":2,"croptopia:toast":7,"minecraft:oak_sapling":105,"minecraft:netherrack":69,"minecraft:chorus_fruit":3,"ars_nouveau:red_archwood_log":51,"farmingforblockheads:market":1,"exdeorum:gold_ore_chunk":111,"functionalstorage:oak_1":5,"alltheores:steel_ingot":7,"alltheores:osmium_ingot":3,"powah:solar_panel_basic":5,"minecraft:azure_bluet":2,"minecraft:nether_wart":25,"minecraft:clay_ball":107,"mekanism:alloy_infused":1,"ars_nouveau:blue_archwood_sapling":10,"exdeorum:oak_barrel":4,"sophisticatedstorage:basic_to_iron_tier_upgrade":1,"minecraft:shield":2,"exdeorum:blackstone_pebble":203,"minecraft:cornflower":1,"powah:energizing_rod_starter":2,"botania:endoflame":1,"exdeorum:granite_pebble":556,"exdeorum:string_mesh":9,"botania:pure_daisy":3,"integrateddynamics:menril_berries":27,"botania:black_petal":2,"exdeorum:zinc_ore_chunk":101,"minecraft:poppy":2,"minecraft:iron_nugget":17,"exdeorum:compressed_stone_hammer":3,"allthecompressed:cobblestone_1x":1,"minecraft:sugar_cane":15,"minecraft:chest":8,"minecraft:egg":38,"sophisticatedstorage:iron_to_gold_tier_upgrade":1,"minecraft:raw_iron":219,"ars_nouveau:purple_archwood_log":52,"minecraft:stone":7,"sophisticatedstorage:gold_to_diamond_tier_upgrade":1,"exdeorum:porcelain_crucible":1,"minecraft:copper_ingot":8,"pipez:item_pipe":29,"ars_nouveau:purple_archwood_sapling":6,"ars_nouveau:blue_archwood_log":55,"minecraft:cake":2,"minecraft:carrot":21,"exmachinis:flux_sieve":1,"minecraft:redstone":6,"minecraft:netherite_pickaxe":1,"powah:capacitor_basic_large":1,"ars_nouveau:green_archwood_log":54,"mekanism:crusher":2,"exdeorum:silk_worm":8,"minecraft:arrow":16,"minecraft:diamond_chestplate":1,"powah:wrench":1,"xycraft_world:xychorium_gem_blue":5,"ae2:certus_quartz_dust":14,"exdeorum:diorite_pebble":538,"minecraft:nether_bricks":1,"exmachinis:gold_upgrade":4,"sophisticatedbackpacks:copper_backpack":1,"thermal:fluid_duct":7,"alltheores:raw_osmium":2,"everlastingabilities:ability_bottle":1,"exdeorum:andesite_pebble":576,"minecraft:gold_ingot":7,"minecraft:mutton":1,"powah:capacitor_basic_tiny":7,"minecraft:white_wool":1,"minecraft:oxeye_daisy":1,"exdeorum:random_pottery_sherd":4,"minecraft:netherite_boots":1,"minecraft:golden_carrot":9,"minecraft:leather":1,"rftoolspower:coalgenerator":9,"minecraft:oak_log":178,"powah:energy_cable_starter":24,"mekanismgenerators:bio_generator":8,"minecraft:gunpowder":14,"ae2:sky_dust":5,"ars_nouveau:green_archwood_sapling":12,"sophisticatedstorage:basic_tier_upgrade":2,"minecraft:apple":8,"thermal:machine_crucible":3,"exdeorum:stone_pebble":1729,"minecraft:iron_ingot":4,"minecraft:iron_ore":3,"powah:solar_panel_starter":3,"minecraft:soul_sand":25,"minecraft:green_dye":1,"botania:purple_petal":3,"minecraft:emerald_block":2,"minecraft:oak_slab":29,"allthecompressed:sand_1x":4,"exdeorum:deepslate_pebble":191,"exdeorum:lead_ore_chunk":103,"minecraft:sweet_berries":5,"botania:quartz_mana":4,"minecraft:dandelion":21,"ars_nouveau:red_archwood_sapling":10,"minecraft:gravel":3320,"minecraft:lava_bucket":1,"minecraft:amethyst_shard":35,"minecraft:white_bed":1,"projecte:medium_covalence_dust":4,"forcecraft:recovery_heart":10,"exdeorum:silver_ore_chunk":143,"minecraft:spider_eye":2,"powah:dielectric_rod_horizontal":14,"thermal:rice_seeds":1,"cookingforblockheads:sink":1,"minecraft:diamond_shovel":1,"minecraft:pumpkin_seeds":14,"thermal:redstone_servo":2,"exdeorum:aluminum_ore_chunk":122,"immersiveengineering:seed":18,"minecraft:stone_axe":1,"minecraft:iron_helmet":2,"minecraft:diamond_axe":2,"alltheores:raw_silver":6,"minecraft:oak_button":3,"minecraft:baked_potato":14,"tombstone:magic_scroll":1,"thermal:amaranth_seeds":1,"minecraft:melon_seeds":14,"minecraft:coal":356,"alltheores:copper_ore_hammer":3,"minecraft:ender_pearl":41},"minecraft:custom":{"lootr:looted_stat":4,"minecraft:interact_with_crafting_table":23,"minecraft:eat_cake_slice":3,"minecraft:leave_game":6,"minecraft:time_since_death":84081,"minecraft:damage_resisted":242,"minecraft:sprint_one_cm":1117738,"minecraft:damage_blocked_by_shield":1050,"minecraft:drop":94,"minecraft:talked_to_villager":4,"minecraft:play_time":768533,"minecraft:deaths":10,"minecraft:jump":7451,"tombstone:kill_undead_boss":1,"minecraft:walk_on_water_one_cm":1110,"minecraft:interact_with_furnace":278,"minecraft:traded_with_villager":13,"minecraft:sleep_in_bed":26,"minecraft:waystone_activated":2,"minecraft:damage_dealt":42705,"minecraft:interact_with_beacon":1,"minecraft:crouch_one_cm":71371,"tombstone:undead_killed":36,"tombstone:villager_killed":1,"minecraft:interact_with_smithing_table":4,"minecraft:mob_kills":137,"minecraft:inspect_hopper":9,"minecraft:damage_dealt_resisted":182,"minecraft:walk_one_cm":1569148,"minecraft:sneak_time":25056,"minecraft:total_world_time":768533,"minecraft:time_since_rest":83888,"minecraft:damage_taken":7723,"minecraft:damage_absorbed":2832,"minecraft:fly_one_cm":1412577,"minecraft:open_chest":1265,"minecraft:fall_one_cm":544233},"minecraft:mined":{"minecraft:white_bed":1,"create:copper_casing":4,"minecraft:farmland":149,"sophisticatedstorage:gold_chest":4,"allthecompressed:cobblestone_2x":2,"minecraft:obsidian":9,"integrateddynamics:squeezer":2,"thermal:device_rock_gen":1,"integrateddynamics:menril_log":49,"minecraft:oxeye_daisy":1,"minecraft:nether_wart":20,"allthecompressed:sand_1x":22,"minecraft:iron_ore":21,"minecraft:fire":3,"minecraft:azure_bluet":2,"minecraft:nether_brick_stairs":2,"ars_nouveau:red_archwood_log":51,"minecraft:iron_bars":1,"thermal:machine_crucible":2,"exmachinis:flux_hammer":6,"minecraft:clay":26,"minecraft:torch":1,"mekanismgenerators:bio_generator":8,"minecraft:poppy":2,"minecraft:chest":7,"minecraft:cobblestone":26,"minecraft:oak_planks":3,"integrateddynamics:menril_log_filled":4,"minecraft:grass":123,"minecraft:oak_log":93,"exdeorum:oak_barrel":4,"minecraft:sand":1,"minecraft:dirt":7,"allthecompressed:cobblestone_1x":304,"integrateddynamics:menril_leaves":128,"mekanism:basic_universal_cable":18,"minecraft:oak_leaves":523,"powah:solar_panel_basic":5,"functionalstorage:oak_1":4,"minecraft:nether_bricks":1,"minecraft:furnace":3,"rftoolspower:coalgenerator":9,"mekanism:superheating_element":2,"botania:pure_daisy":1,"ars_nouveau:purple_archwood_log":52,"exdeorum:porcelain_crucible":1,"minecraft:smithing_table":1,"farmingforblockheads:market":1,"minecraft:oak_slab":24,"mekanism:crusher":2,"ars_nouveau:green_archwood_log":54,"minecraft:soul_sand":20,"exdeorum:infested_leaves":283,"minecraft:dandelion":17,"pipez:item_pipe":25,"minecraft:cornflower":1,"exmachinis:flux_sieve":1,"cobblefordays:tier_5":1,"allthecompressed:gravel_1x":86,"minecraft:tall_grass":19,"mekanism:metallurgic_infuser":2,"craftingstation:crafting_station":1,"ars_nouveau:blue_archwood_log":55,"cookingforblockheads:sink":1,"powah:solar_panel_starter":1,"minecraft:gravel":2,"minecraft:oak_button":1},"minecraft:crafted":{"powah:magmator_basic":4,"minecraft:black_dye":2,"minecraft:oak_planks":802,"minecraft:barrel":2,"sophisticatedstorage:gold_chest":8,"alltheores:lead_ingot":1,"alltheores:copper_dust":40,"pipez:item_pipe":16,"minecraft:sand":4,"waystones:waystone":1,"alltheores:silver_ore":16,"ironfurnaces:iron_furnace":2,"minecraft:stone":0,"alltheores:lumium_gear":6,"exdeorum:unfired_porcelain_crucible":1,"pickletweaks:emerald_chestplate":1,"pipez:fluid_pipe":16,"alltheores:osmium_ore":16,"thermal:machine_frame":3,"minecraft:iron_bars":80,"minecraft:green_dye":3,"minecraft:granite":72,"alltheores:tin_ingot":0,"minecraft:glass":2,"minecraft:hopper":12,"minecraft:netherite_boots":1,"tombstone:grave_key":3,"allthecompressed:sand_1x":22,"powah:magmator_starter":4,"minecraft:chest":62,"minecraft:netherite_helmet":1,"pickletweaks:emerald_boots":1,"minecraft:oak_button":1,"minecraft:copper_block":14,"minecraft:netherite_upgrade_smithing_template":8,"minecraft:dried_kelp_block":1,"minecraft:stone_bricks":13,"create:cogwheel":10,"exdeorum:stone_hammer":10,"dankstorage:dank_5":1,"exdeorum:porcelain_crucible":1,"cobblefordays:tier_2":2,"sophisticatedstorage:diamond_chest":8,"integrateddynamics:squeezer":1,"minecraft:dropper":2,"rftoolspower:coalgenerator":1,"minecraft:oak_slab":432,"pickletweaks:emerald_helmet":1,"ironjetpacks:jetpack":1,"exdeorum:oak_barrel":9,"pickletweaks:emerald_hoe":1,"minecraft:crafting_table":1,"minecraft:gold_ore":4,"minecraft:baked_potato":0,"exdeorum:netherite_mesh":2,"minecraft:red_wool":2,"minecraft:moss_block":50,"minecraft:copper_ingot":39,"craftingstation:crafting_station":1,"minecraft:gold_block":8,"waystones:warp_stone":3,"thermal:machine_insolator":3,"alltheores:copper_plate":1,"powah:solar_panel_basic":7,"minecraft:diorite":70,"cobblefordays:tier_1":2,"alltheores:lead_ore":16,"ironjetpacks:capacitor":1,"minecraft:emerald_block":8,"create:water_wheel":1,"mekanism:steel_casing":1,"exdeorum:flint_mesh":15,"minecraft:stick":64,"mekanism:crusher":1,"minecraft:iron_ingot":170,"minecraft:iron_pickaxe":1,"minecraft:iron_block":25,"create:large_cogwheel":3,"minecraft:iron_ore":376,"minecraft:gold_ingot":25,"exdeorum:oak_sieve":12,"minecraft:redstone_torch":10,"minecraft:netherite_ingot":2,"ars_caelum:ritual_conjure_island_village":2,"powah:capacitor_basic_tiny":48,"exmachinis:flux_sieve":4,"minecraft:coarse_dirt":39,"pickletweaks:emerald_sword":1,"powah:dielectric_casing":32,"pickletweaks:emerald_leggings":1,"mekanism:basic_universal_cable":40,"rftoolsbase:machine_frame":1,"pickletweaks:emerald_axe":1,"alltheores:lead_nugget":9,"minecraft:iron_nugget":144,"powah:energy_cell_basic":1,"sophisticatedstorage:iron_chest":8,"exmachinis:gold_upgrade":8,"minecraft:furnace":8,"alltheores:gold_dust":8,"exdeorum:diamond_mesh":3,"minecraft:gray_dye":36,"ironjetpacks:basic_coil":12,"minecraft:bone_meal":3,"allthecompressed:cobblestone_1x":415,"darkutils:damage_plate_player":1,"powah:photoelectric_pane":63,"minecraft:diamond_block":10,"minecraft:glass_pane":112,"allthecompressed:gravel_1x":85,"alltheores:copper_ore_hammer":5,"minecraft:netherite_leggings":1,"exdeorum:string_mesh":15,"ironjetpacks:strap":1,"minecraft:stone_pickaxe":1,"alltheores:silver_dust":4,"create:hose_pulley":1,"minecraft:redstone_block":25,"alltheores:tin_gear":3,"create:belt_connector":2,"exdeorum:iron_mesh":5,"ironjetpacks:thruster":2,"functionalstorage:oak_1":5,"powah:dielectric_rod_horizontal":86,"dankstorage:dank_1":2,"minecraft:red_dye":5,"dankstorage:dank_2":1,"pickletweaks:emerald_pickaxe":2,"powah:dielectric_paste":592,"exdeorum:golden_mesh":5,"create:andesite_alloy":39,"summoningrituals:altar":1,"create:hand_crank":1,"alltheores:osmium_ingot":9,"exdeorum:diamond_hammer":8,"mekanism:metallurgic_infuser":1,"minecraft:dried_kelp":0,"integrateddynamics:drying_basin":1,"powah:solar_panel_starter":21,"exdeorum:compressed_stone_hammer":10,"minecraft:copper_ore":115,"minecraft:bucket":10,"minecraft:red_carpet":3,"dankstorage:dank_4":1,"minecraft:stone_axe":1,"minecraft:amethyst_block":16,"minecraft:air":1767,"cobblefordays:tier_3":1,"cobblefordays:tier_5":1,"exdeorum:crook":8,"minecraft:blue_dye":2,"powah:dielectric_rod":166,"exdeorum:porcelain_clay_ball":7,"craftingstation:crafting_station_slab":2,"sophisticatedstorage:chest":8,"functionalstorage:copper_upgrade":2,"minecraft:white_wool":6,"ironjetpacks:cell":6,"minecraft:cobblestone":411,"minecraft:gold_nugget":18,"alltheores:lumium_dust":24,"alltheores:tin_dust":9,"alltheores:lumium_ingot":8,"allthecompressed:cobblestone_2x":7,"alltheores:iron_dust":200,"minecraft:white_bed":2,"powah:capacitor_basic":52,"exmachinis:flux_hammer":8,"create:shaft":32,"minecraft:andesite":79,"cookingforblockheads:sink":1,"thermal:rf_coil":3,"dankstorage:dank_3":1,"cobblefordays:tier_4":1,"minecraft:diamond_chestplate":1},"minecraft:killed_by":{"minecraft:zombie":1,"minecraft:player":2}},"DataVersion":3465}