{"stats":{"minecraft:killed_by":{"minecraft:zombie":1,"minecraft:player":3},"minecraft:killed":{"minecraft:skeleton":31,"minecraft:chicken":1,"minecraft:skeleton_horse":1,"minecraft:magma_cube":7,"farmingforblockheads:merchant":1,"minecraft:zombie":52,"minecraft:zoglin":1,"minecraft:wandering_trader":1,"minecraft:enderman":73,"minecraft:zombified_piglin":3,"minecraft:spider":35,"minecraft:wither":1,"minecraft:piglin":3,"minecraft:zombie_villager":1,"minecraft:creeper":8,"minecraft:sheep":3,"minecraft:trader_llama":3,"minecraft:blaze":12,"minecraft:hoglin":1,"minecraft:wither_skeleton":4},"minecraft:used":{"create:deployer":3,"refinedstorage:exporter":1,"minecraft:polished_blackstone":285,"sophisticatedbackpacks:copper_backpack":2,"mekanism:advanced_logistical_transporter":2,"trashcans:item_trash_can":1,"rftoolspower:coalgenerator":9,"minecraft:chest":49,"mekanism:basic_logistical_transporter":7,"minecraft:rotten_flesh":6,"create:fluid_tank":13,"fluxnetworks:flux_plug":1,"powah:solar_panel_basic":12,"create:mechanical_crafter":12,"integrateddynamics:mechanical_squeezer":8,"occultism:butcher_knife":17,"refinedstorage:network_transmitter":2,"minecraft:lava_bucket":7,"constructionwand:infinity_wand":22,"thermal:machine_insolator":4,"summoningrituals:altar":2,"create:andesite_funnel":3,"ironfurnaces:iron_furnace":4,"create:rotation_speed_controller":11,"occultism:chalk_white":23,"create:shaft":31,"create:steam_engine":7,"minecraft:oak_sapling":5,"minecraft:furnace":6,"minecraft:egg":32,"ars_nouveau:blue_archwood_sapling":1,"powah:solar_panel_starter":1,"occultism:datura_seeds":13,"minecraft:blackstone":3,"minecraft:clay":46,"powah:magmator_basic":6,"minecraft:blue_ice":1,"pickletweaks:emerald_sword":236,"createaddition:gold_spool":14,"sophisticatedstorage:basic_to_iron_tier_upgrade":2,"sophisticatedstorage:gold_to_diamond_tier_upgrade":1,"minecraft:wooden_sword":3,"minecraft:smithing_table":2,"sophisticatedstorage:diamond_barrel":1,"exmachinis:flux_sieve":8,"minecraft:iron_bars":8,"farmingforblockheads:market":1,"exdeorum:crook":804,"minecraft:netherrack":2,"minecraft:torch":10,"exdeorum:witch_water_bucket":1,"allthecompressed:cobblestone_2x":2,"minecraft:nether_brick_stairs":2,"integrateddynamics:menril_sapling":2,"create:wrench":24,"create:gearbox":3,"sophisticatedstorage:diamond_chest":13,"minecraft:barrel":1,"minecraft:diamond_chestplate":1,"tombstone:gift":3,"create:fluid_pipe":21,"create:belt_connector":14,"createaddition:large_connector":11,"exdeorum:oak_sieve":9,"xycraft_machines:extractor":4,"minecraft:water_bucket":36,"powah:energy_cell_basic":1,"mekanismgenerators:bio_generator":9,"integrateddynamics:drying_basin":2,"fluxnetworks:basic_flux_storage":1,"create:blaze_burner":30,"minecraft:oak_slab":484,"minecraft:white_bed":3,"occultism:datura":3,"minecraft:oak_log":148,"ironfurnaces:netherite_furnace":1,"allthecompressed:sand_1x":24,"minecraft:oak_button":6,"oreberriesreplanted:iron_oreberry_bush":36,"minecraft:iron_pickaxe":37,"allthecompressed:gravel_1x":86,"refinedstorage:crafting_grid":2,"create:water_wheel":1,"tombstone:magic_scroll":1,"sophisticatedstorage:barrel":1,"occultism:candle_white":4,"minecraft:cobblestone":907,"occultism:golden_sacrificial_bowl":1,"minecraft:stripped_oak_log":1,"craftingstation:crafting_station_slab":3,"minecraft:polished_deepslate":67,"minecraft:diamond_hoe":5,"minecraft:shield":57,"minecraft:iron_sword":4,"allthecompressed:cobblestone_1x":368,"pickletweaks:emerald_pickaxe":599,"ars_nouveau:red_archwood_sapling":1,"create:cogwheel":36,"occultism:sacrificial_bowl":4,"mekanism:basic_universal_cable":58,"minecraft:obsidian":1,"integrateddynamics:squeezer":5,"ironfurnaces:obsidian_furnace":1,"refinedstorage:importer":5,"pickletweaks:emerald_hoe":104,"ars_nouveau:green_archwood_sapling":1,"minecraft:stone_bricks":26,"createaddition:electric_motor":1,"minecraft:magma_block":1,"pipez:item_pipe":77,"refinedstorage:disk_drive":1,"minecraft:stone_pickaxe":23,"minecraft:redstone_block":1,"minecraft:diamond_axe":869,"integrateddynamics:menril_log":1,"occultism:otherworld_sapling_natural":24,"createaddition:rolling_mill":1,"mysticalagriculture:mystical_fertilizer":41,"sophisticatedstorage:basic_tier_upgrade":1,"mekanism:superheating_element":7,"ars_nouveau:purple_archwood_sapling":1,"sophisticatedstorage:iron_to_gold_tier_upgrade":1,"exdeorum:oak_barrel":13,"mekanism:crusher":3,"farmingforblockheads:red_fertilizer":97,"mekanism:metallurgic_infuser":4,"tombstone:grave_key":1,"minecraft:gravel":2,"exmachinis:flux_hammer":17,"functionalstorage:oak_1":11,"exdeorum:compressed_stone_hammer":410,"create:vertical_gearbox":1,"minecraft:coarse_dirt":156,"minecraft:bone_meal":8,"create:large_cogwheel":21,"cookingforblockheads:sink":5,"thermal:machine_crucible":2,"sophisticatedbackpacks:iron_backpack":2,"minecraft:flint_and_steel":2,"create:item_vault":11,"mekanism:configurator":48,"thermal:device_rock_gen":3,"sophisticatedstorage:gold_chest":4,"create:mechanical_pump":7,"minecraft:dirt":132,"fluxnetworks:herculean_flux_storage":1,"createaddition:modular_accumulator":29,"cobblefordays:tier_2":1,"refinedstorage:network_card":8,"exdeorum:silk_worm":5,"minecraft:wooden_axe":45,"cobblefordays:tier_5":4,"exdeorum:porcelain_crucible":7,"exdeorum:stone_hammer":4,"minecraft:golden_carrot":38,"minecraft:soul_soil":2,"minecraft:netherite_pickaxe":221,"minecraft:cooked_beef":21,"pipez:fluid_pipe":30,"minecraft:iron_ore":21,"fluxnetworks:flux_point":12,"create:empty_blaze_burner":1,"minecraft:baked_potato":120,"fluxnetworks:flux_controller":1,"create:brass_funnel":2,"minecraft:spider_eye":1,"occultism:brush":1,"createaddition:alternator":6,"refinedstorage:cable":10,"pickletweaks:emerald_axe":42,"craftingstation:crafting_station":1,"refinedstorage:network_receiver":3,"hyperbox:hyperbox":4,"create:large_water_wheel":16,"minecraft:stone_axe":79,"thermal:machine_crafter":2,"minecraft:bucket":17,"create:hand_crank":2},"minecraft:crafted":{"powah:magmator_basic":5,"minecraft:black_dye":2,"minecraft:smooth_stone":0,"immersiveengineering:hammer":1,"mekanism:configurator":1,"fluxnetworks:flux_plug":1,"pipez:item_pipe":32,"waystones:waystone":1,"alltheores:silver_ore":16,"ironfurnaces:iron_furnace":3,"hostilenetworks:blank_data_model":6,"minecraft:lever":1,"sophisticatedbackpacks:crafting_upgrade":1,"sophisticatedstorage:stack_upgrade_tier_1":1,"minecraft:bookshelf":14,"ironfurnaces:diamond_furnace":1,"refinedstorage:64k_storage_part":3,"sophisticatedstorage:stack_upgrade_tier_3":1,"sophisticatedstorage:stack_upgrade_tier_5":1,"alltheores:brass_ingot":0,"thermal:machine_frame":5,"minecraft:iron_bars":80,"occultism:sacrificial_bowl":6,"minecraft:granite":72,"create:vertical_gearbox":3,"create:rotation_speed_controller":4,"minecraft:glass":2,"ironjetpacks:ultimate_coil":28,"minecraft:repeater":9,"create:andesite_funnel":2,"refinedstorage:crafting_grid":1,"minecraft:netherite_boots":1,"occultism:brush":1,"minecraft:polished_blackstone":200,"refinedstorage:grid":1,"allthecompressed:sand_1x":22,"refinedstorage:network_receiver":2,"powah:magmator_starter":5,"sophisticatedstorage:stack_upgrade_tier_4":1,"refinedstorage:network_transmitter":2,"minecraft:dried_kelp_block":1,"create:brass_funnel":2,"integrateddynamics:mechanical_squeezer":2,"create:cogwheel":10,"dankstorage:dank_5":1,"mekanism:energy_tablet":1,"refinedstorage:raw_advanced_processor":38,"thermal:machine_crafter":1,"occultism:candle_white":4,"create:rose_quartz":42,"exdeorum:oak_barrel":9,"pickletweaks:emerald_hoe":1,"xycraft_machines:port_fluid":8,"minecraft:prismarine_bricks":293,"sophisticatedbackpacks:advanced_feeding_upgrade":1,"exdeorum:netherite_mesh":2,"hostilenetworks:deep_learner":1,"minecraft:moss_block":50,"minecraft:copper_ingot":39,"craftingstation:crafting_station":1,"thermal:machine_insolator":3,"waystones:warp_stone":3,"alltheores:copper_plate":1,"ironfurnaces:augment_speed":4,"alltheores:zinc_dust":67,"fluxnetworks:herculean_flux_storage":1,"exdeorum:flint_mesh":15,"minecraft:iron_pickaxe":1,"minecraft:iron_block":39,"minecraft:gold_ingot":25,"refinedstorage:importer":5,"create:large_cogwheel":6,"minecraft:netherite_ingot":6,"refinedstorage:machine_casing":4,"sophisticatedbackpacks:netherite_backpack":1,"alltheores:constantan_gear":3,"powah:capacitor_basic_tiny":50,"integrateddynamics:crystalized_menril_chunk":18,"fluxnetworks:flux_controller":1,"minecraft:golden_carrot":1,"pickletweaks:emerald_sword":1,"powah:dielectric_casing":36,"refinedstorage:upgrade":20,"alltheores:brass_dust":56,"minecraft:iron_nugget":144,"sophisticatedbackpacks:stack_upgrade_tier_3":1,"ironfurnaces:netherite_furnace":1,"mekanism:basic_chemical_tank":1,"sophisticatedbackpacks:stack_upgrade_tier_1":1,"exmachinis:gold_upgrade":14,"extrastorage:storagepart_256k":1,"ironjetpacks:basic_coil":235,"minecraft:bone_meal":3,"xycraft_machines:extractor":3,"allthecompressed:cobblestone_1x":415,"alltheores:copper_gear":6,"powah:photoelectric_pane":63,"alltheores:brass_plate":12,"allthecompressed:gravel_1x":85,"alltheores:copper_ore_hammer":5,"ironfurnaces:emerald_furnace":1,"sophisticatedstorage:upgrade_base":1,"refinedstorage:network_card":1,"ironjetpacks:strap":1,"minecraft:stone_pickaxe":1,"alltheores:silver_dust":4,"minecraft:redstone_block":32,"create:hose_pulley":1,"create:electron_tube":42,"create:belt_connector":2,"exdeorum:iron_mesh":5,"ironjetpacks:thruster":12,"dankstorage:dank_1":2,"powah:dielectric_paste":592,"exdeorum:golden_mesh":5,"summoningrituals:altar":1,"alltheores:osmium_ingot":9,"exdeorum:diamond_hammer":11,"minecraft:dried_kelp":0,"alltheores:invar_ingot":6,"ironjetpacks:advanced_coil":33,"create:goggles":1,"powah:solar_panel_starter":21,"sophisticatedbackpacks:gold_backpack":1,"exdeorum:compressed_stone_hammer":10,"refinedstorage:raw_improved_processor":114,"alltheores:iron_plate":74,"minecraft:red_carpet":3,"occultism:dictionary_of_spirits":1,"cobblefordays:tier_3":2,"cobblefordays:tier_5":2,"exdeorum:crook":8,"hostilenetworks:prediction_matrix":192,"ironfurnaces:upgrade_gold":1,"functionalstorage:diamond_upgrade":1,"ironjetpacks:cell":44,"minecraft:cobblestone":651,"alltheores:tin_dust":9,"alltheores:lumium_dust":24,"refinedstorage:raw_basic_processor":79,"minecraft:blackstone":480,"minecraft:white_bed":2,"powah:capacitor_basic":52,"create:shaft":40,"refinedstorage:improved_processor":0,"thermal:device_rock_gen":2,"ironfurnaces:upgrade_diamond":1,"dankstorage:dank_3":1,"hostilenetworks:sim_chamber":1,"occultism:divination_rod":1,"sophisticatedstorage:stack_upgrade_tier_1_plus":1,"minecraft:oak_planks":965,"minecraft:barrel":4,"occultism:chalk_white_impure":1,"sophisticatedstorage:gold_chest":14,"alltheores:lead_ingot":1,"alltheores:copper_dust":61,"createaddition:rolling_mill":1,"minecraft:sand":4,"refinedstorage:cable":24,"immersiveengineering:manual":1,"sophisticatedstorage:barrel":1,"minecraft:stone":0,"alltheores:lumium_gear":6,"exdeorum:unfired_porcelain_crucible":3,"pickletweaks:emerald_chestplate":1,"fluxnetworks:flux_point":6,"refinedstorage:64k_storage_disk":2,"create:deployer":3,"pipez:fluid_pipe":32,"alltheores:osmium_ore":16,"minecraft:green_dye":3,"alltheores:tin_ingot":0,"minecraft:hopper":14,"alltheores:zinc_ingot":0,"refinedstorage:4k_storage_part":24,"tombstone:grave_key":3,"exmachinis:diamond_upgrade":2,"hostilenetworks:loot_fabricator":1,"minecraft:comparator":8,"minecraft:cyan_terracotta":56,"occultism:book_of_binding_foliot":1,"functionalstorage:gold_upgrade":1,"minecraft:netherite_helmet":1,"minecraft:chest":68,"pickletweaks:emerald_boots":1,"minecraft:oak_button":2,"minecraft:copper_block":37,"minecraft:netherite_upgrade_smithing_template":8,"functionalstorage:netherite_upgrade":1,"refinedstorage:disk_drive":1,"occultism:golden_sacrificial_bowl":1,"minecraft:stone_bricks":13,"exdeorum:stone_hammer":10,"exdeorum:porcelain_crucible":1,"create:brass_hand":3,"fluxnetworks:flux_core":96,"cobblefordays:tier_2":3,"occultism:burnt_otherstone":0,"integrateddynamics:squeezer":2,"minecraft:dropper":4,"sophisticatedstorage:diamond_chest":10,"rftoolspower:coalgenerator":1,"minecraft:oak_slab":432,"pickletweaks:emerald_helmet":1,"ironjetpacks:jetpack":6,"minecraft:crafting_table":13,"minecraft:gold_ore":31,"create:fluid_pipe":68,"minecraft:baked_potato":0,"refinedstorage:exporter":1,"ironfurnaces:obsidian_furnace":1,"minecraft:red_wool":2,"minecraft:gold_block":23,"sophisticatedbackpacks:feeding_upgrade":1,"refinedstorage:speed_upgrade":20,"sophisticatedbackpacks:upgrade_base":1,"refinedstorage:basic_processor":0,"powah:solar_panel_basic":7,"minecraft:diorite":70,"cobblefordays:tier_1":3,"alltheores:lead_ore":16,"ironjetpacks:capacitor":6,"minecraft:book":45,"minecraft:paper":60,"create:water_wheel":1,"minecraft:emerald_block":8,"mekanism:steel_casing":1,"minecraft:netherite_block":2,"sophisticatedbackpacks:diamond_backpack":1,"minecraft:stick":296,"mekanism:crusher":1,"create:mechanical_pump":4,"minecraft:iron_ingot":248,"minecraft:iron_ore":573,"exdeorum:oak_sieve":13,"minecraft:redstone_torch":82,"occultism:butcher_knife":1,"ars_caelum:ritual_conjure_island_village":2,"create:empty_blaze_burner":2,"exmachinis:flux_sieve":6,"minecraft:coarse_dirt":39,"minecraft:redstone":162,"pickletweaks:emerald_leggings":1,"mekanism:basic_universal_cable":104,"ironfurnaces:gold_furnace":1,"rftoolsbase:machine_frame":1,"create:steam_engine":1,"pickletweaks:emerald_axe":1,"refinedstorage:16k_storage_part":8,"alltheores:aluminum_ingot":0,"alltheores:lead_nugget":9,"powah:energy_cell_basic":1,"sophisticatedstorage:iron_chest":14,"minecraft:furnace":22,"alltheores:gold_dust":8,"minecraft:piston":8,"sophisticatedbackpacks:stack_upgrade_starter_tier":1,"exdeorum:diamond_mesh":3,"minecraft:gray_dye":36,"hyperbox:hyperbox":2,"refinedstorage:quartz_enriched_iron":616,"darkutils:damage_plate_player":1,"minecraft:diamond_block":10,"minecraft:glass_pane":368,"refinedstorage:destruction_core":10,"refinedstorage:advanced_processor":1,"ironfurnaces:augment_fuel":1,"integrateddynamics:energy_battery":4,"minecraft:netherite_leggings":1,"exdeorum:string_mesh":15,"create:fluid_tank":13,"extrastorage:disk_256k":1,"sophisticatedbackpacks:stack_upgrade_tier_2":1,"refinedstorage:silicon":0,"trashcans:item_trash_can":1,"alltheores:tin_gear":7,"functionalstorage:oak_1":6,"powah:dielectric_rod_horizontal":86,"minecraft:glistering_melon_slice":1,"refinedstorage:1k_storage_part":60,"occultism:spirit_attuned_crystal":4,"pickletweaks:emerald_pickaxe":2,"minecraft:sugar":96,"dankstorage:dank_2":1,"minecraft:red_dye":5,"create:andesite_alloy":39,"create:hand_crank":1,"minecraft:cyan_dye":66,"mekanism:metallurgic_infuser":1,"powah:energizing_orb":1,"pickletweaks:flint_shears":1,"integrateddynamics:drying_basin":1,"ironjetpacks:elite_coil":20,"alltheores:aluminum_nugget":63,"ironfurnaces:augment_factory":2,"minecraft:copper_ore":147,"minecraft:bucket":17,"dankstorage:dank_4":1,"minecraft:stone_axe":1,"minecraft:amethyst_block":16,"minecraft:air":2460,"minecraft:blue_dye":66,"exdeorum:porcelain_clay_ball":82,"powah:dielectric_rod":166,"craftingstation:crafting_station_slab":2,"sophisticatedstorage:chest":14,"functionalstorage:copper_upgrade":3,"minecraft:white_wool":6,"ironfurnaces:upgrade_obsidian":1,"minecraft:gold_nugget":81,"minecraft:white_dye":64,"fluxnetworks:basic_flux_storage":7,"alltheores:lumium_ingot":8,"create:mechanical_crafter":27,"refinedstorage:construction_core":6,"allthecompressed:cobblestone_2x":7,"alltheores:iron_dust":200,"ironfurnaces:upgrade_emerald":1,"exmachinis:flux_hammer":10,"occultism:book_of_binding_bound_foliot":1,"minecraft:andesite":79,"sophisticatedstorage:stack_upgrade_tier_2":1,"minecraft:torch":20,"cookingforblockheads:sink":3,"thermal:rf_coil":7,"fluxnetworks:flux_block":8,"minecraft:diamond_chestplate":1,"cobblefordays:tier_4":2},"minecraft:dropped":{"minecraft:clay":3,"minecraft:iron_sword":1,"occultism:datura_seeds":5,"minecraft:cooked_beef":12,"minecraft:diamond":193,"ars_caelum:ritual_conjure_island_village":2,"create:incomplete_precision_mechanism":2,"everlastingabilities:ability_totem":1,"minecraft:light_weighted_pressure_plate":2,"minecraft:emerald":82,"minecraft:dirt":1,"ars_nouveau:blue_archwood_sapling":8,"exdeorum:granite_pebble":1,"minecraft:gold_nugget":66,"occultism:otherworld_log":48,"minecraft:bone":7,"ars_nouveau:blue_archwood_log":53,"minecraft:emerald_block":1,"minecraft:rotten_flesh":7,"minecraft:oak_planks":13,"mysticalagriculture:inferium_essence":2,"powah:wrench":1,"minecraft:egg":7,"dankstorage:dank_1":1,"minecraft:black_dye":5,"occultism:datura":1,"minecraft:clock":1,"minecraft:feather":6,"minecraft:cobblestone":2,"minecraft:iron_helmet":1,"minecraft:book":12,"mekanism:basic_chemical_tank":1,"powah:solar_panel_starter":2,"refinedstorage:16k_storage_part":1,"ars_nouveau:purple_archwood_log":52,"minecraft:coal":65,"minecraft:wooden_axe":1,"alltheores:copper_ore_hammer":2,"minecraft:string":48,"minecraft:snow_block":4,"minecraft:stone_sword":3,"pipez:item_pipe":11,"constructionwand:infinity_wand":1,"minecraft:spider_eye":4,"minecraft:bamboo":25,"minecraft:bow":1,"exdeorum:blackstone_pebble":3456,"waystones:waystone":1,"occultism:chalk_white_impure":1,"pipez:wrench":3,"minecraft:oak_log":10,"ars_elemental:yellow_archwood_sapling":29,"minecraft:baked_potato":28,"exdeorum:copper_ore_chunk":3,"alltheores:gold_plate":12,"reliquary:chelicerae":1,"ars_nouveau:red_archwood_log":51,"minecraft:amethyst_shard":1,"minecraft:gold_ingot":87,"sophisticatedstorage:basic_tier_upgrade":1,"ars_nouveau:purple_archwood_sapling":8,"minecraft:pointed_dripstone":2,"waystones:warp_stone":1,"powah:dielectric_casing":2,"supplementaries:ash":2,"minecraft:arrow":7,"minecraft:netherrack":1,"ars_nouveau:red_archwood_sapling":10,"minecraft:water_bucket":1,"minecraft:oak_slab":1,"allthecompressed:cobblestone_1x":1,"minecraft:lead":2,"exdeorum:iron_ore_chunk":2,"minecraft:stick":5,"tombstone:grave_dust":1,"thermal:machine_crucible":1,"minecraft:cactus":6,"exdeorum:stone_pebble":1,"minecraft:bucket":3,"minecraft:redstone":324,"pickletweaks:emerald_pickaxe":1,"occultism:otherstone":64,"mekanism:configurator":1,"extrastorage:disk_256k":1,"minecraft:shield":1,"exdeorum:tin_ore_chunk":66,"minecraft:andesite":289,"minecraft:oak_sapling":90,"ars_nouveau:green_archwood_log":54,"minecraft:raw_gold":126},"minecraft:custom":{"minecraft:interact_with_crafting_table":62,"minecraft:open_barrel":24,"minecraft:eat_cake_slice":22,"minecraft:leave_game":9,"minecraft:time_since_death":378624,"minecraft:damage_blocked_by_shield":3920,"minecraft:play_time":1349241,"minecraft:deaths":13,"minecraft:jump":11629,"tombstone:kill_undead_boss":1,"minecraft:interact_with_furnace":421,"minecraft:traded_with_villager":13,"minecraft:sleep_in_bed":30,"minecraft:waystone_activated":2,"minecraft:damage_dealt":65612,"tombstone:undead_killed":99,"minecraft:interact_with_smithing_table":10,"minecraft:interact_with_anvil":2,"minecraft:inspect_hopper":10,"minecraft:sneak_time":47412,"minecraft:total_world_time":1349241,"minecraft:time_since_rest":52450,"minecraft:use_wand":186,"minecraft:fly_one_cm":3419656,"minecraft:open_chest":1680,"minecraft:fall_one_cm":964698,"lootr:looted_stat":4,"minecraft:damage_resisted":561,"minecraft:sprint_one_cm":1876937,"minecraft:drop":260,"minecraft:talked_to_villager":11,"minecraft:walk_on_water_one_cm":5383,"minecraft:interact_with_beacon":1,"minecraft:player_kills":1,"minecraft:crouch_one_cm":163251,"tombstone:villager_killed":1,"minecraft:mob_kills":244,"minecraft:damage_dealt_resisted":182,"minecraft:walk_one_cm":2796091,"minecraft:walk_under_water_one_cm":2362,"minecraft:damage_absorbed":4156,"minecraft:damage_taken":18001},"minecraft:picked_up":{"minecraft:wooden_axe":1,"exdeorum:dust":180,"minecraft:chainmail_boots":1,"allthecompressed:cobblestone_2x":2,"minecraft:smithing_table":1,"minecraft:lead":7,"minecraft:enchanted_book":1,"exdeorum:iron_ore_chunk":309,"sophisticatedstorage:gold_chest":4,"minecraft:polished_deepslate":2,"exdeorum:grass_seeds":17,"minecraft:string":211,"minecraft:soul_soil":2,"sophisticatedstorage:diamond_barrel":1,"create:water_wheel":1,"mysticalagriculture:inferium_essence":75,"minecraft:gold_nugget":46,"mekanism:basic_universal_cable":44,"integrateddynamics:menril_sapling":6,"minecraft:coal_block":1,"alltheores:lumium_ingot":2,"wstweaks:fragment":14,"mekanism:basic_logistical_transporter":8,"occultism:otherstone":352,"minecraft:golden_helmet":1,"createaddition:large_connector":1,"create:andesite_casing":9,"pickletweaks:emerald_pickaxe":1,"minecraft:stone_sword":3,"create:copper_casing":4,"minecraft:iron_block":1,"minecraft:cyan_terracotta":12,"powah:magmator_basic":10,"thermal:slag":36,"ars_nouveau:sourceberry_bush":5,"supplementaries:ash":15,"minecraft:blaze_rod":8,"minecraft:iron_bars":13,"minecraft:magma_block":1,"minecraft:feather":3,"minecraft:cooked_beef":1,"powah:dielectric_casing":2,"minecraft:water_bucket":1,"minecraft:brown_wool":1,"integrateddynamics:crystalized_menril_chunk":7,"enderio:grains_of_infinity":7,"minecraft:flint":710,"ae2:charged_certus_quartz_crystal":3,"minecraft:netherite_leggings":2,"exdeorum:nickel_ore_chunk":136,"refinedstorage:network_card":1,"occultism:awakened_feather":6,"reliquary:nebulous_heart":3,"pipez:fluid_pipe":16,"powah:capacitor_basic":1,"create:shaft":9,"minecraft:glowstone_dust":5,"mekanism:metallurgic_infuser":3,"patchouli:guide_book":1,"xycraft_world:xychorium_gem_red":2,"exmachinis:flux_hammer":7,"ae2:certus_quartz_crystal":5,"exdeorum:flint_mesh":4,"minecraft:barrel":1,"xycraft_world:xychorium_gem_dark":5,"botania:green_petal":3,"minecraft:bundle":2,"thermal:device_rock_gen":1,"projecte:repair_talisman":1,"constructionwand:stone_wand":1,"thermal:eggplant_seeds":1,"exdeorum:copper_ore_chunk":240,"reliquary:witch_hat":1,"botania:gray_petal":3,"croptopia:toast":7,"exdeorum:gold_ore_chunk":116,"ars_nouveau:red_archwood_log":51,"alltheores:steel_ingot":7,"alltheores:osmium_ingot":3,"occultism:chalk_white":1,"minecraft:nether_wart":25,"minecraft:clay_ball":187,"mekanism:alloy_infused":1,"minecraft:cornflower":1,"powah:energizing_rod_starter":2,"minecraft:elytra":1,"exdeorum:granite_pebble":556,"botania:endoflame":1,"refinedstorage:crafting_grid":1,"occultism:otherworld_log":112,"occultism:otherworld_sapling_natural":65,"integrateddynamics:menril_berries":27,"create:brass_funnel":1,"botania:pure_daisy":3,"exdeorum:zinc_ore_chunk":101,"minecraft:iron_nugget":17,"minecraft:poppy":2,"exdeorum:compressed_stone_hammer":3,"allthecompressed:cobblestone_1x":1,"minecraft:chest":16,"xycraft_machines:extractor":4,"minecraft:egg":42,"ars_nouveau:purple_archwood_log":52,"minecraft:stone":7,"pipez:item_pipe":56,"minecraft:fire_charge":2,"oreberriesreplanted:iron_oreberry":196,"minecraft:cake":2,"minecraft:carrot":23,"exmachinis:flux_sieve":2,"minecraft:redstone":473,"minecraft:netherite_pickaxe":1,"create:brass_casing":13,"ars_nouveau:green_archwood_log":54,"mekanism:crusher":2,"exdeorum:silk_worm":8,"ironfurnaces:obsidian_furnace":2,"minecraft:diamond_chestplate":1,"exmachinis:gold_upgrade":4,"oreberriesreplanted:iron_oreberry_bush":36,"everlastingabilities:ability_bottle":1,"exdeorum:andesite_pebble":576,"minecraft:gold_ingot":93,"sophisticatedbackpacks:copper_backpack":1,"minecraft:polished_blackstone":36,"alltheores:raw_osmium":2,"minecraft:mutton":8,"minecraft:white_wool":4,"minecraft:oxeye_daisy":1,"minecraft:stripped_oak_log":1,"exdeorum:random_pottery_sherd":4,"powah:capacitor_basic_tiny":7,"rftoolspower:coalgenerator":9,"minecraft:oak_log":202,"mekanismgenerators:bio_generator":9,"powah:energy_cell_basic":1,"sophisticatedstorage:basic_tier_upgrade":2,"minecraft:apple":8,"minecraft:stone_bricks":19,"exdeorum:stone_pebble":1729,"minecraft:iron_ore":3,"tombstone:bag_of_seeds":1,"minecraft:iron_sword":1,"allthecompressed:sand_1x":4,"exdeorum:deepslate_pebble":191,"botania:purple_petal":3,"minecraft:sweet_berries":5,"exdeorum:lead_ore_chunk":103,"minecraft:gravel":3336,"projecte:medium_covalence_dust":4,"forcecraft:recovery_heart":18,"exdeorum:silver_ore_chunk":143,"minecraft:crying_obsidian":14,"create:gearbox":3,"minecraft:diamond_shovel":1,"cookingforblockheads:sink":3,"exdeorum:aluminum_ore_chunk":122,"immersiveengineering:seed":18,"minecraft:stone_axe":1,"create:mechanical_pump":1,"minecraft:diamond_axe":2,"alltheores:raw_silver":6,"minecraft:oak_button":6,"minecraft:baked_potato":142,"refinedstorage:network_receiver":1,"thermal:amaranth_seeds":1,"minecraft:melon_seeds":14,"minecraft:ender_pearl":45,"exdeorum:mycelium_spores":8,"minecraft:wheat":1,"minecraft:redstone_block":1,"create:mechanical_crafter":12,"cobblefordays:tier_5":2,"thermal:machine_crafter":1,"minecraft:potion":2,"minecraft:nether_brick":5,"ironfurnaces:augment_factory":1,"silentgear:sinew":1,"minecraft:raw_copper":58,"integrateddynamics:menril_log":54,"craftingstation:crafting_station":1,"hyperbox:hyperbox":2,"occultism:tallow":12,"cobblefordays:tier_1":1,"minecraft:bucket":2,"minecraft:light_weighted_pressure_plate":11,"minecraft:redstone_torch":4,"minecraft:iron_pickaxe":1,"mekanism:configurator":1,"thermal:spinach_seeds":2,"xycraft_world:xychorium_gem_green":1,"minecraft:iron_boots":1,"minecraft:furnace":4,"minecraft:stick":118,"apotheosis:gem":12,"minecraft:torch":9,"minecraft:snow_block":8,"tombstone:grave_dust":17,"minecraft:pointed_dripstone":365,"thermal:flax_seeds":1,"pipez:wrench":4,"create:large_cogwheel":8,"fluxnetworks:flux_plug":1,"occultism:otherworld_ashes":48,"minecraft:cactus":15,"forbidden_arcanus:orb_of_temporary_flight":1,"silentgear:leather_scrap":5,"minecraft:rotten_flesh":74,"summoningrituals:altar":1,"craftingstation:crafting_station_slab":1,"exdeorum:tin_ore_chunk":159,"occultism:datura":64,"minecraft:obsidian":151,"minecraft:blaze_powder":30,"minecraft:cobblestone":392,"exdeorum:osmium_ore_chunk":97,"minecraft:pink_petals":5,"thermal:machine_insolator":1,"occultism:datura_seeds":166,"exdeorum:basalt_pebble":211,"minecraft:magma_cream":11,"minecraft:andesite":1,"constructionwand:infinity_wand":1,"minecraft:potato":8,"powah:energy_cable_basic":5,"minecraft:lapis_lazuli":119,"thermal:tin_gear":1,"minecraft:dirt":205,"occultism:spirit_attuned_gem":192,"thermal:rf_coil":2,"createaddition:alternator":3,"minecraft:leather_boots":1,"alltheores:raw_tin":116,"minecraft:bone":55,"integrateddynamics:mechanical_squeezer":6,"minecraft:bow":7,"minecraft:wheat_seeds":32,"minecraft:raw_gold":8,"easy_villagers:trader":1,"ironfurnaces:augment_fuel":1,"everlastingabilities:ability_totem":5,"forcecraft:pile_of_gunpowder":1,"occultism:taboo_book":12,"minecraft:bamboo":14,"alltheores:tin_ingot":135,"minecraft:oak_planks":16,"ironfurnaces:iron_furnace":2,"thermal:bell_pepper_seeds":1,"create:cogwheel":17,"minecraft:poisonous_potato":9,"minecraft:sand":794,"integrateddynamics:squeezer":5,"minecraft:nether_brick_stairs":2,"minecraft:dead_bush":8,"minecraft:spectral_arrow":13,"forbidden_arcanus:ender_pearl_fragment":74,"mekanism:bio_fuel":64,"xycraft_world:xychorium_gem_light":1,"minecraft:sugar":1,"minecraft:clay":50,"minecraft:diamond":8,"minecraft:netherite_helmet":1,"minecraft:bone_meal":88,"minecraft:emerald":128,"mekanism:superheating_element":8,"minecraft:oak_sapling":151,"minecraft:netherrack":70,"minecraft:chorus_fruit":3,"minecraft:oak_leaves":104,"farmingforblockheads:market":1,"functionalstorage:oak_1":7,"fluxnetworks:flux_dust":49,"powah:solar_panel_basic":12,"minecraft:azure_bluet":2,"minecraft:chicken":2,"minecraft:splash_potion":2,"minecraft:turtle_helmet":1,"occultism:purified_ink":5,"create:rotation_speed_controller":5,"ars_nouveau:blue_archwood_sapling":10,"createaddition:rolling_mill":1,"exdeorum:oak_barrel":4,"sophisticatedstorage:basic_to_iron_tier_upgrade":1,"minecraft:shield":2,"exdeorum:blackstone_pebble":767,"exdeorum:string_mesh":9,"createaddition:modular_accumulator":63,"reliquary:chelicerae":1,"minecraft:blackstone":11,"botania:black_petal":2,"minecraft:sugar_cane":43,"minecraft:raw_iron":256,"refinedstorage:16k_storage_part":2,"sophisticatedstorage:iron_to_gold_tier_upgrade":1,"extrastorage:disk_256k":1,"sophisticatedstorage:gold_to_diamond_tier_upgrade":1,"exdeorum:porcelain_crucible":5,"minecraft:copper_ingot":8,"ars_nouveau:purple_archwood_sapling":6,"ars_nouveau:blue_archwood_log":55,"create:hand_crank":2,"powah:capacitor_basic_large":1,"minecraft:arrow":49,"xycraft_world:xychorium_gem_blue":5,"powah:wrench":1,"ae2:certus_quartz_dust":14,"exdeorum:diorite_pebble":538,"minecraft:nether_bricks":1,"thermal:fluid_duct":7,"mekanism:advanced_logistical_transporter":1,"minecraft:netherite_boots":1,"integrateddynamics:drying_basin":1,"minecraft:golden_carrot":9,"minecraft:leather":13,"minecraft:gunpowder":123,"powah:energy_cable_starter":24,"create:blaze_burner":21,"create:item_vault":4,"fluxnetworks:flux_point":7,"ae2:sky_dust":5,"ars_nouveau:green_archwood_sapling":12,"thermal:machine_crucible":3,"minecraft:iron_ingot":5,"powah:solar_panel_starter":3,"minecraft:soul_sand":47,"minecraft:green_dye":1,"minecraft:oak_slab":58,"create:large_water_wheel":16,"minecraft:emerald_block":2,"ars_nouveau:red_archwood_sapling":10,"botania:quartz_mana":4,"minecraft:quartz":22,"minecraft:dandelion":21,"minecraft:lava_bucket":1,"minecraft:amethyst_shard":99,"minecraft:white_bed":1,"minecraft:spider_eye":24,"powah:dielectric_rod_horizontal":14,"thermal:rice_seeds":1,"minecraft:pumpkin_seeds":14,"thermal:redstone_servo":2,"minecraft:chainmail_leggings":1,"minecraft:iron_helmet":2,"sophisticatedstorage:diamond_chest":1,"tombstone:magic_scroll":4,"minecraft:coal":528,"alltheores:copper_ore_hammer":3},"minecraft:broken":{"exdeorum:crook":6},"minecraft:mined":{"minecraft:white_bed":1,"create:copper_casing":4,"sophisticatedstorage:gold_chest":4,"create:andesite_casing":9,"allthecompressed:cobblestone_2x":2,"thermal:machine_crafter":1,"minecraft:obsidian":137,"create:item_vault":4,"create:rotation_speed_controller":5,"integrateddynamics:menril_log":50,"minecraft:nether_wart":20,"minecraft:oxeye_daisy":1,"allthecompressed:sand_1x":24,"minecraft:magma_block":1,"refinedstorage:crafting_grid":1,"minecraft:fire":6,"pipez:fluid_pipe":16,"occultism:otherworld_sapling_natural":1,"minecraft:nether_brick_stairs":2,"mekanism:basic_logistical_transporter":8,"xycraft_machines:extractor":4,"create:cogwheel":15,"exmachinis:flux_hammer":7,"ironfurnaces:iron_furnace":2,"powah:energy_cell_basic":1,"minecraft:torch":2,"sophisticatedstorage:diamond_chest":1,"mekanismgenerators:bio_generator":9,"minecraft:sugar_cane":2,"create:andesite_belt_funnel":1,"mekanism:advanced_logistical_transporter":1,"create:brass_belt_funnel":1,"thermal:machine_insolator":1,"ironfurnaces:obsidian_furnace":2,"minecraft:grass":123,"exdeorum:oak_barrel":4,"create:hand_crank":2,"allthecompressed:cobblestone_1x":304,"integrateddynamics:menril_leaves":128,"powah:solar_panel_basic":13,"functionalstorage:oak_1":6,"minecraft:nether_bricks":1,"create:shaft":5,"mekanism:superheating_element":9,"integrateddynamics:drying_basin":1,"powah:magmator_basic":10,"minecraft:smithing_table":1,"farmingforblockheads:market":1,"minecraft:oak_slab":50,"mekanism:crusher":2,"minecraft:redstone_block":1,"minecraft:soul_sand":20,"exdeorum:infested_leaves":283,"minecraft:dandelion":17,"minecraft:cornflower":1,"exmachinis:flux_sieve":2,"create:mechanical_pump":1,"create:water_wheel":1,"minecraft:tall_grass":19,"craftingstation:crafting_station":1,"create:blaze_burner":21,"create:gearbox":3,"powah:solar_panel_starter":1,"summoningrituals:altar":1,"sophisticatedstorage:diamond_barrel":1,"minecraft:gravel":2,"minecraft:oak_button":3,"minecraft:polished_blackstone":38,"minecraft:stone_bricks":19,"minecraft:farmland":149,"integrateddynamics:squeezer":5,"thermal:device_rock_gen":1,"minecraft:soul_soil":2,"occultism:datura":1,"create:powered_shaft":4,"integrateddynamics:mechanical_squeezer":6,"minecraft:iron_ore":21,"minecraft:azure_bluet":2,"ars_nouveau:red_archwood_log":51,"minecraft:iron_bars":1,"thermal:machine_crucible":2,"createaddition:modular_accumulator":63,"craftingstation:crafting_station_slab":1,"minecraft:blackstone":3,"fluxnetworks:flux_point":6,"minecraft:clay":46,"minecraft:poppy":2,"minecraft:chest":15,"create:brass_casing":13,"hyperbox:hyperbox":2,"minecraft:cobblestone":215,"minecraft:oak_planks":3,"create:large_water_wheel":16,"integrateddynamics:menril_log_filled":4,"minecraft:oak_log":106,"minecraft:sand":1,"minecraft:dirt":38,"occultism:otherworld_log_natural":117,"mekanism:basic_universal_cable":31,"minecraft:netherrack":1,"minecraft:oak_leaves":627,"create:large_cogwheel":8,"createaddition:rolling_mill":1,"minecraft:furnace":3,"rftoolspower:coalgenerator":9,"minecraft:polished_deepslate":3,"botania:pure_daisy":1,"minecraft:stripped_oak_log":1,"createaddition:large_connector":1,"ars_nouveau:purple_archwood_log":52,"exdeorum:porcelain_crucible":5,"ars_nouveau:green_archwood_log":54,"pipez:item_pipe":52,"cobblefordays:tier_5":2,"allthecompressed:gravel_1x":86,"mekanism:metallurgic_infuser":2,"cookingforblockheads:sink":3,"ars_nouveau:blue_archwood_log":55,"refinedstorage:network_receiver":1,"farmingforblockheads:fertilized_farmland_healthy":1,"create:mechanical_crafter":12}},"DataVersion":3465}