{"stats":{"minecraft:broken":{"exdeorum:crook":6},"minecraft:killed_by":{"minecraft:zombie":1},"minecraft:mined":{"minecraft:white_bed":1,"minecraft:farmland":149,"allthecompressed:cobblestone_2x":2,"functionalstorage:oak_1":4,"integrateddynamics:squeezer":2,"allthecompressed:sand_1x":21,"minecraft:furnace":3,"minecraft:iron_ore":16,"rftoolspower:coalgenerator":5,"minecraft:oak_slab":13,"exdeorum:infested_leaves":283,"exmachinis:flux_hammer":6,"pipez:item_pipe":16,"exmachinis:flux_sieve":1,"minecraft:clay":17,"minecraft:torch":1,"cobblefordays:tier_5":1,"allthecompressed:gravel_1x":85,"minecraft:chest":5,"minecraft:cobblestone":2,"craftingstation:crafting_station":1,"powah:solar_panel_starter":1,"minecraft:oak_log":77,"exdeorum:oak_barrel":4,"minecraft:gravel":2,"minecraft:dirt":7,"allthecompressed:cobblestone_1x":304,"minecraft:oak_button":1,"mekanism:basic_universal_cable":7,"minecraft:oak_leaves":523},"minecraft:dropped":{"minecraft:clay":3,"dankstorage:dank_1":1,"minecraft:cooked_beef":12,"minecraft:oak_log":10,"allthecompressed:cobblestone_1x":1,"minecraft:diamond":1,"minecraft:cobblestone":2,"exdeorum:iron_ore_chunk":2,"minecraft:emerald":18,"minecraft:wooden_axe":1,"exdeorum:granite_pebble":1,"minecraft:gold_nugget":66,"minecraft:amethyst_shard":1,"minecraft:cactus":6,"exdeorum:stone_pebble":1,"minecraft:bucket":2,"minecraft:redstone":4,"minecraft:gold_ingot":14,"minecraft:pointed_dripstone":2,"pipez:item_pipe":4,"exdeorum:tin_ore_chunk":66,"mysticalagriculture:inferium_essence":1,"minecraft:oak_sapling":26,"pipez:wrench":1},"minecraft:crafted":{"minecraft:coarse_dirt":39,"minecraft:oak_planks":606,"powah:dielectric_casing":5,"mekanism:basic_universal_cable":24,"minecraft:barrel":2,"rftoolsbase:machine_frame":1,"minecraft:iron_nugget":117,"powah:energy_cell_basic":1,"alltheores:copper_dust":40,"pipez:item_pipe":16,"exmachinis:gold_upgrade":8,"minecraft:furnace":3,"alltheores:gold_dust":8,"ironfurnaces:iron_furnace":2,"exdeorum:diamond_mesh":3,"exdeorum:unfired_porcelain_crucible":1,"minecraft:bone_meal":1,"allthecompressed:cobblestone_1x":415,"powah:photoelectric_pane":9,"minecraft:glass_pane":32,"minecraft:iron_bars":48,"allthecompressed:gravel_1x":85,"minecraft:granite":72,"minecraft:green_dye":3,"alltheores:copper_ore_hammer":4,"minecraft:glass":2,"minecraft:hopper":9,"exdeorum:string_mesh":14,"minecraft:stone_pickaxe":1,"allthecompressed:sand_1x":21,"minecraft:chest":45,"minecraft:oak_button":1,"minecraft:copper_block":12,"minecraft:redstone_block":3,"exdeorum:stone_hammer":10,"exdeorum:iron_mesh":4,"exdeorum:porcelain_crucible":1,"functionalstorage:oak_1":5,"powah:dielectric_rod_horizontal":12,"dankstorage:dank_1":2,"cobblefordays:tier_2":2,"powah:dielectric_paste":80,"exdeorum:golden_mesh":4,"integrateddynamics:squeezer":1,"minecraft:dropper":2,"rftoolspower:coalgenerator":1,"minecraft:oak_slab":390,"create:andesite_alloy":39,"alltheores:osmium_ingot":8,"exdeorum:diamond_hammer":6,"exdeorum:oak_barrel":9,"pickletweaks:emerald_hoe":1,"minecraft:crafting_table":1,"minecraft:gold_ore":4,"powah:solar_panel_starter":3,"minecraft:copper_ingot":31,"craftingstation:crafting_station":1,"exdeorum:compressed_stone_hammer":10,"minecraft:copper_ore":51,"minecraft:bucket":3,"minecraft:stone_axe":1,"minecraft:diorite":70,"powah:solar_panel_basic":1,"minecraft:air":1160,"cobblefordays:tier_1":2,"cobblefordays:tier_3":1,"cobblefordays:tier_5":1,"exdeorum:crook":8,"minecraft:blue_dye":2,"powah:dielectric_rod":24,"exdeorum:porcelain_clay_ball":7,"craftingstation:crafting_station_slab":2,"functionalstorage:copper_upgrade":2,"minecraft:white_wool":6,"minecraft:cobblestone":411,"minecraft:gold_nugget":18,"exdeorum:flint_mesh":14,"minecraft:stick":48,"minecraft:iron_ingot":39,"minecraft:iron_pickaxe":1,"minecraft:iron_block":19,"minecraft:iron_ore":99,"allthecompressed:cobblestone_2x":7,"minecraft:gold_ingot":0,"exdeorum:oak_sieve":12,"alltheores:iron_dust":200,"minecraft:white_bed":2,"powah:capacitor_basic":12,"minecraft:redstone_torch":2,"exmachinis:flux_hammer":6,"minecraft:andesite":79,"powah:capacitor_basic_tiny":8,"cobblefordays:tier_4":1,"exmachinis:flux_sieve":3},"minecraft:killed":{"minecraft:piglin":1,"minecraft:zombie":1},"minecraft:custom":{"minecraft:mob_kills":2,"minecraft:inspect_hopper":7,"minecraft:damage_dealt_resisted":0,"minecraft:leave_game":4,"minecraft:time_since_death":40525,"minecraft:sprint_one_cm":608074,"minecraft:walk_one_cm":917843,"minecraft:drop":52,"minecraft:play_time":375786,"minecraft:deaths":3,"minecraft:sneak_time":16921,"minecraft:jump":3637,"minecraft:walk_on_water_one_cm":1110,"minecraft:total_world_time":375786,"minecraft:interact_with_furnace":147,"minecraft:sleep_in_bed":10,"minecraft:time_since_rest":10595,"minecraft:damage_taken":2765,"minecraft:damage_dealt":529,"minecraft:fly_one_cm":408897,"tombstone:undead_killed":1,"minecraft:open_chest":488,"minecraft:crouch_one_cm":52527,"minecraft:fall_one_cm":114970},"minecraft:used":{"craftingstation:crafting_station_slab":2,"rftoolspower:coalgenerator":5,"minecraft:chest":33,"minecraft:iron_sword":1,"exdeorum:crook":804,"allthecompressed:cobblestone_1x":368,"minecraft:torch":4,"minecraft:dirt":4,"powah:solar_panel_basic":1,"cobblefordays:tier_2":1,"mekanism:basic_universal_cable":18,"exdeorum:silk_worm":5,"allthecompressed:cobblestone_2x":2,"integrateddynamics:squeezer":3,"minecraft:wooden_axe":45,"cobblefordays:tier_5":2,"pickletweaks:emerald_hoe":104,"exdeorum:porcelain_crucible":1,"ironfurnaces:iron_furnace":2,"minecraft:golden_carrot":9,"exdeorum:stone_hammer":4,"pipez:item_pipe":27,"minecraft:furnace":5,"minecraft:oak_sapling":3,"minecraft:egg":2,"tombstone:gift":1,"minecraft:cooked_beef":21,"exdeorum:oak_sieve":9,"minecraft:iron_ore":16,"powah:energy_cell_basic":1,"powah:solar_panel_starter":1,"minecraft:stone_pickaxe":23,"minecraft:clay":17,"minecraft:oak_slab":337,"minecraft:white_bed":3,"minecraft:oak_log":88,"exdeorum:oak_barrel":13,"craftingstation:crafting_station":1,"minecraft:iron_pickaxe":37,"allthecompressed:gravel_1x":85,"allthecompressed:sand_1x":21,"minecraft:oak_button":4,"minecraft:gravel":2,"exmachinis:flux_hammer":12,"minecraft:stone_axe":78,"minecraft:wooden_sword":3,"minecraft:cobblestone":2,"functionalstorage:oak_1":7,"exdeorum:compressed_stone_hammer":406,"exmachinis:flux_sieve":4,"minecraft:coarse_dirt":156},"minecraft:picked_up":{"minecraft:wooden_axe":1,"exdeorum:gold_ore_chunk":111,"functionalstorage:oak_1":4,"exdeorum:mycelium_spores":8,"exdeorum:dust":153,"minecraft:clay_ball":68,"allthecompressed:cobblestone_2x":2,"cobblefordays:tier_5":1,"exdeorum:iron_ore_chunk":306,"exdeorum:oak_barrel":4,"exdeorum:blackstone_pebble":203,"minecraft:string":117,"exdeorum:grass_seeds":15,"exdeorum:granite_pebble":556,"minecraft:raw_copper":58,"exdeorum:string_mesh":9,"craftingstation:crafting_station":1,"mysticalagriculture:inferium_essence":3,"minecraft:gold_nugget":42,"mekanism:basic_universal_cable":7,"minecraft:bucket":1,"minecraft:light_weighted_pressure_plate":9,"exdeorum:zinc_ore_chunk":101,"minecraft:iron_nugget":17,"exdeorum:compressed_stone_hammer":3,"allthecompressed:cobblestone_1x":1,"minecraft:sugar_cane":12,"minecraft:chest":5,"xycraft_world:xychorium_gem_green":1,"minecraft:egg":5,"minecraft:furnace":3,"minecraft:stick":64,"minecraft:raw_iron":195,"pipez:item_pipe":20,"minecraft:torch":4,"minecraft:pointed_dripstone":365,"minecraft:carrot":21,"minecraft:redstone":6,"exmachinis:flux_sieve":1,"pipez:wrench":2,"exdeorum:silk_worm":8,"minecraft:cactus":15,"minecraft:rotten_flesh":2,"xycraft_world:xychorium_gem_blue":5,"ae2:certus_quartz_dust":6,"exdeorum:diorite_pebble":538,"exmachinis:gold_upgrade":3,"supplementaries:ash":1,"exdeorum:tin_ore_chunk":159,"minecraft:cyan_terracotta":12,"everlastingabilities:ability_bottle":1,"exdeorum:andesite_pebble":576,"minecraft:gold_ingot":6,"ars_nouveau:sourceberry_bush":5,"minecraft:blaze_powder":6,"minecraft:cobblestone":125,"exdeorum:osmium_ore_chunk":97,"minecraft:pink_petals":5,"exdeorum:random_pottery_sherd":4,"exdeorum:basalt_pebble":211,"minecraft:cooked_beef":1,"minecraft:golden_carrot":9,"rftoolspower:coalgenerator":5,"enderio:grains_of_infinity":7,"minecraft:potato":8,"minecraft:flint":710,"minecraft:oak_log":153,"minecraft:gunpowder":14,"ae2:charged_certus_quartz_crystal":3,"minecraft:lapis_lazuli":119,"exdeorum:nickel_ore_chunk":136,"minecraft:dirt":162,"ae2:sky_dust":5,"minecraft:bone":1,"minecraft:apple":8,"minecraft:wheat_seeds":24,"minecraft:raw_gold":8,"exdeorum:stone_pebble":1729,"minecraft:iron_ore":1,"powah:solar_panel_starter":1,"minecraft:bamboo":5,"minecraft:glowstone_dust":5,"minecraft:green_dye":1,"minecraft:oak_slab":17,"allthecompressed:sand_1x":4,"exdeorum:deepslate_pebble":191,"minecraft:sweet_berries":5,"exdeorum:lead_ore_chunk":103,"xycraft_world:xychorium_gem_red":2,"exmachinis:flux_hammer":6,"ae2:certus_quartz_crystal":5,"minecraft:poisonous_potato":9,"minecraft:gravel":3320,"minecraft:amethyst_shard":35,"exdeorum:flint_mesh":4,"minecraft:sand":772,"integrateddynamics:squeezer":2,"minecraft:white_bed":1,"minecraft:dead_bush":8,"exdeorum:silver_ore_chunk":143,"xycraft_world:xychorium_gem_dark":5,"minecraft:bundle":1,"xycraft_world:xychorium_gem_light":1,"minecraft:pumpkin_seeds":14,"minecraft:clay":23,"exdeorum:aluminum_ore_chunk":122,"minecraft:bone_meal":20,"exdeorum:copper_ore_chunk":237,"minecraft:oak_button":3,"minecraft:oak_sapling":102,"minecraft:melon_seeds":14,"minecraft:chorus_fruit":3,"minecraft:coal":353}},"DataVersion":3465}