{"stats":{"minecraft:custom":{"minecraft:interact_with_crafting_table":62,"minecraft:open_barrel":16,"minecraft:eat_cake_slice":22,"minecraft:leave_game":9,"minecraft:time_since_death":139039,"minecraft:damage_blocked_by_shield":3370,"minecraft:play_time":1109656,"minecraft:deaths":13,"minecraft:jump":10482,"tombstone:kill_undead_boss":1,"minecraft:interact_with_furnace":375,"minecraft:traded_with_villager":13,"minecraft:sleep_in_bed":27,"minecraft:waystone_activated":2,"minecraft:damage_dealt":53797,"tombstone:undead_killed":68,"minecraft:interact_with_smithing_table":6,"minecraft:interact_with_anvil":2,"minecraft:inspect_hopper":10,"minecraft:sneak_time":37629,"minecraft:total_world_time":1109656,"minecraft:time_since_rest":138917,"minecraft:fly_one_cm":2429736,"minecraft:open_chest":1665,"minecraft:fall_one_cm":910867,"lootr:looted_stat":4,"minecraft:damage_resisted":489,"minecraft:sprint_one_cm":1641174,"minecraft:drop":216,"minecraft:talked_to_villager":8,"minecraft:walk_on_water_one_cm":2180,"minecraft:interact_with_beacon":1,"minecraft:crouch_one_cm":118714,"tombstone:villager_killed":1,"minecraft:mob_kills":187,"minecraft:damage_dealt_resisted":182,"minecraft:walk_one_cm":2306970,"minecraft:damage_absorbed":3583,"minecraft:damage_taken":15693},"minecraft:used":{"refinedstorage:exporter":1,"minecraft:polished_blackstone":56,"sophisticatedbackpacks:copper_backpack":2,"trashcans:item_trash_can":1,"rftoolspower:coalgenerator":9,"minecraft:chest":49,"mekanism:basic_logistical_transporter":7,"create:fluid_tank":13,"powah:solar_panel_basic":12,"integrateddynamics:mechanical_squeezer":8,"refinedstorage:network_transmitter":1,"minecraft:lava_bucket":5,"thermal:machine_insolator":4,"summoningrituals:altar":2,"ironfurnaces:iron_furnace":4,"create:shaft":4,"create:steam_engine":1,"minecraft:furnace":6,"minecraft:oak_sapling":5,"minecraft:egg":30,"ars_nouveau:blue_archwood_sapling":1,"powah:solar_panel_starter":1,"minecraft:clay":46,"powah:magmator_basic":6,"pickletweaks:emerald_sword":169,"sophisticatedstorage:basic_to_iron_tier_upgrade":2,"sophisticatedstorage:gold_to_diamond_tier_upgrade":1,"minecraft:wooden_sword":3,"minecraft:smithing_table":1,"exmachinis:flux_sieve":6,"farmingforblockheads:market":1,"exdeorum:crook":804,"minecraft:netherrack":1,"minecraft:torch":10,"exdeorum:witch_water_bucket":1,"allthecompressed:cobblestone_2x":2,"minecraft:nether_brick_stairs":2,"integrateddynamics:menril_sapling":2,"create:wrench":5,"sophisticatedstorage:diamond_chest":10,"minecraft:barrel":1,"minecraft:diamond_chestplate":1,"create:fluid_pipe":21,"tombstone:gift":3,"create:belt_connector":2,"exdeorum:oak_sieve":9,"minecraft:water_bucket":12,"powah:energy_cell_basic":1,"mekanismgenerators:bio_generator":9,"integrateddynamics:drying_basin":2,"create:blaze_burner":30,"minecraft:oak_slab":484,"minecraft:white_bed":3,"minecraft:oak_log":135,"allthecompressed:sand_1x":24,"minecraft:oak_button":6,"oreberriesreplanted:iron_oreberry_bush":36,"allthecompressed:gravel_1x":86,"minecraft:iron_pickaxe":37,"create:water_wheel":1,"tombstone:magic_scroll":1,"sophisticatedstorage:barrel":1,"minecraft:cobblestone":458,"minecraft:stripped_oak_log":1,"craftingstation:crafting_station_slab":3,"minecraft:polished_deepslate":1,"minecraft:shield":49,"minecraft:iron_sword":4,"allthecompressed:cobblestone_1x":368,"pickletweaks:emerald_pickaxe":237,"ars_nouveau:red_archwood_sapling":1,"create:cogwheel":22,"mekanism:basic_universal_cable":54,"integrateddynamics:squeezer":5,"ironfurnaces:obsidian_furnace":1,"refinedstorage:importer":5,"pickletweaks:emerald_hoe":104,"ars_nouveau:green_archwood_sapling":1,"minecraft:stone_bricks":26,"minecraft:magma_block":1,"pipez:item_pipe":77,"minecraft:stone_pickaxe":23,"minecraft:redstone_block":1,"integrateddynamics:menril_log":1,"minecraft:diamond_axe":690,"createaddition:rolling_mill":1,"sophisticatedstorage:basic_tier_upgrade":1,"mekanism:superheating_element":7,"ars_nouveau:purple_archwood_sapling":1,"sophisticatedstorage:iron_to_gold_tier_upgrade":1,"exdeorum:oak_barrel":13,"mekanism:crusher":3,"mekanism:metallurgic_infuser":4,"tombstone:grave_key":1,"minecraft:gravel":2,"exmachinis:flux_hammer":15,"functionalstorage:oak_1":8,"exdeorum:compressed_stone_hammer":410,"create:vertical_gearbox":1,"minecraft:coarse_dirt":156,"minecraft:bone_meal":8,"create:large_cogwheel":9,"cookingforblockheads:sink":4,"thermal:machine_crucible":2,"sophisticatedbackpacks:iron_backpack":2,"mekanism:configurator":45,"thermal:device_rock_gen":1,"sophisticatedstorage:gold_chest":4,"create:mechanical_pump":7,"minecraft:dirt":4,"cobblefordays:tier_2":1,"refinedstorage:network_card":3,"exdeorum:silk_worm":5,"minecraft:wooden_axe":45,"cobblefordays:tier_5":3,"exdeorum:porcelain_crucible":7,"minecraft:golden_carrot":38,"exdeorum:stone_hammer":4,"minecraft:netherite_pickaxe":221,"minecraft:cooked_beef":21,"pipez:fluid_pipe":30,"minecraft:iron_ore":21,"fluxnetworks:flux_point":3,"create:empty_blaze_burner":1,"minecraft:baked_potato":69,"refinedstorage:cable":10,"pickletweaks:emerald_axe":42,"craftingstation:crafting_station":1,"refinedstorage:network_receiver":1,"hyperbox:hyperbox":3,"minecraft:stone_axe":79,"thermal:machine_crafter":2,"minecraft:bucket":14,"create:hand_crank":2},"minecraft:killed":{"minecraft:skeleton":19,"minecraft:magma_cube":7,"farmingforblockheads:merchant":1,"minecraft:zombie":35,"minecraft:wandering_trader":1,"minecraft:enderman":73,"minecraft:zombified_piglin":3,"minecraft:spider":22,"minecraft:wither":1,"minecraft:piglin":3,"minecraft:zombie_villager":1,"minecraft:creeper":2,"minecraft:trader_llama":1,"minecraft:blaze":12,"minecraft:hoglin":1,"minecraft:wither_skeleton":4},"minecraft:picked_up":{"minecraft:wooden_axe":1,"minecraft:chainmail_boots":1,"exdeorum:dust":180,"allthecompressed:cobblestone_2x":2,"minecraft:smithing_table":1,"minecraft:lead":5,"minecraft:enchanted_book":1,"exdeorum:iron_ore_chunk":309,"sophisticatedstorage:gold_chest":4,"minecraft:polished_deepslate":1,"exdeorum:grass_seeds":17,"minecraft:string":194,"create:water_wheel":1,"mysticalagriculture:inferium_essence":61,"minecraft:gold_nugget":46,"mekanism:basic_universal_cable":38,"integrateddynamics:menril_sapling":6,"minecraft:coal_block":1,"alltheores:lumium_ingot":2,"wstweaks:fragment":14,"mekanism:basic_logistical_transporter":7,"minecraft:golden_helmet":1,"create:andesite_casing":9,"pickletweaks:emerald_pickaxe":1,"minecraft:stone_sword":3,"create:copper_casing":4,"minecraft:iron_block":1,"minecraft:cyan_terracotta":12,"powah:magmator_basic":6,"ars_nouveau:sourceberry_bush":5,"supplementaries:ash":15,"minecraft:blaze_rod":8,"minecraft:iron_bars":13,"minecraft:magma_block":1,"minecraft:feather":2,"minecraft:cooked_beef":1,"powah:dielectric_casing":2,"minecraft:water_bucket":1,"integrateddynamics:crystalized_menril_chunk":7,"enderio:grains_of_infinity":7,"minecraft:flint":710,"ae2:charged_certus_quartz_crystal":3,"minecraft:netherite_leggings":2,"exdeorum:nickel_ore_chunk":136,"refinedstorage:network_card":1,"reliquary:nebulous_heart":3,"pipez:fluid_pipe":12,"powah:capacitor_basic":1,"create:shaft":1,"minecraft:glowstone_dust":5,"mekanism:metallurgic_infuser":3,"patchouli:guide_book":1,"xycraft_world:xychorium_gem_red":2,"exmachinis:flux_hammer":6,"ae2:certus_quartz_crystal":5,"exdeorum:flint_mesh":4,"minecraft:barrel":1,"xycraft_world:xychorium_gem_dark":5,"botania:green_petal":3,"minecraft:bundle":2,"thermal:device_rock_gen":1,"projecte:repair_talisman":1,"constructionwand:stone_wand":1,"thermal:eggplant_seeds":1,"exdeorum:copper_ore_chunk":240,"reliquary:witch_hat":1,"botania:gray_petal":3,"croptopia:toast":7,"exdeorum:gold_ore_chunk":116,"ars_nouveau:red_archwood_log":51,"alltheores:steel_ingot":7,"alltheores:osmium_ingot":3,"minecraft:nether_wart":25,"minecraft:clay_ball":187,"mekanism:alloy_infused":1,"minecraft:cornflower":1,"powah:energizing_rod_starter":2,"minecraft:elytra":1,"exdeorum:granite_pebble":556,"botania:endoflame":1,"integrateddynamics:menril_berries":27,"botania:pure_daisy":3,"exdeorum:zinc_ore_chunk":101,"minecraft:iron_nugget":17,"minecraft:poppy":2,"exdeorum:compressed_stone_hammer":3,"allthecompressed:cobblestone_1x":1,"minecraft:chest":16,"minecraft:egg":40,"ars_nouveau:purple_archwood_log":52,"minecraft:stone":7,"pipez:item_pipe":49,"minecraft:fire_charge":2,"oreberriesreplanted:iron_oreberry":115,"minecraft:cake":2,"minecraft:carrot":21,"exmachinis:flux_sieve":1,"minecraft:redstone":473,"minecraft:netherite_pickaxe":1,"ars_nouveau:green_archwood_log":54,"mekanism:crusher":2,"exdeorum:silk_worm":8,"ironfurnaces:obsidian_furnace":1,"minecraft:diamond_chestplate":1,"exmachinis:gold_upgrade":4,"oreberriesreplanted:iron_oreberry_bush":36,"everlastingabilities:ability_bottle":1,"exdeorum:andesite_pebble":576,"minecraft:gold_ingot":93,"sophisticatedbackpacks:copper_backpack":1,"minecraft:polished_blackstone":14,"alltheores:raw_osmium":2,"minecraft:mutton":2,"minecraft:white_wool":2,"minecraft:oxeye_daisy":1,"minecraft:stripped_oak_log":1,"exdeorum:random_pottery_sherd":4,"powah:capacitor_basic_tiny":7,"rftoolspower:coalgenerator":9,"minecraft:oak_log":194,"mekanismgenerators:bio_generator":9,"powah:energy_cell_basic":1,"sophisticatedstorage:basic_tier_upgrade":2,"minecraft:apple":8,"minecraft:stone_bricks":19,"exdeorum:stone_pebble":1729,"minecraft:iron_ore":3,"tombstone:bag_of_seeds":1,"minecraft:iron_sword":1,"allthecompressed:sand_1x":4,"exdeorum:deepslate_pebble":191,"botania:purple_petal":3,"minecraft:sweet_berries":5,"exdeorum:lead_ore_chunk":103,"minecraft:gravel":3336,"projecte:medium_covalence_dust":4,"forcecraft:recovery_heart":14,"exdeorum:silver_ore_chunk":143,"minecraft:crying_obsidian":14,"minecraft:diamond_shovel":1,"cookingforblockheads:sink":2,"exdeorum:aluminum_ore_chunk":122,"immersiveengineering:seed":18,"minecraft:stone_axe":1,"create:mechanical_pump":1,"minecraft:diamond_axe":2,"alltheores:raw_silver":6,"minecraft:oak_button":6,"minecraft:baked_potato":14,"thermal:amaranth_seeds":1,"minecraft:melon_seeds":14,"minecraft:ender_pearl":45,"exdeorum:mycelium_spores":8,"minecraft:wheat":1,"minecraft:redstone_block":1,"cobblefordays:tier_5":1,"thermal:machine_crafter":1,"minecraft:potion":2,"minecraft:nether_brick":5,"minecraft:raw_copper":58,"integrateddynamics:menril_log":54,"craftingstation:crafting_station":1,"hyperbox:hyperbox":2,"cobblefordays:tier_1":1,"minecraft:bucket":2,"minecraft:light_weighted_pressure_plate":11,"minecraft:redstone_torch":4,"mekanism:configurator":1,"thermal:spinach_seeds":2,"xycraft_world:xychorium_gem_green":1,"minecraft:furnace":4,"minecraft:stick":101,"apotheosis:gem":9,"minecraft:torch":9,"minecraft:snow_block":8,"tombstone:grave_dust":10,"minecraft:pointed_dripstone":365,"thermal:flax_seeds":1,"create:large_cogwheel":3,"pipez:wrench":4,"fluxnetworks:flux_plug":1,"minecraft:cactus":15,"forbidden_arcanus:orb_of_temporary_flight":1,"silentgear:leather_scrap":5,"minecraft:rotten_flesh":47,"summoningrituals:altar":1,"craftingstation:crafting_station_slab":1,"exdeorum:tin_ore_chunk":159,"occultism:datura":1,"minecraft:obsidian":151,"minecraft:blaze_powder":30,"minecraft:cobblestone":250,"exdeorum:osmium_ore_chunk":97,"minecraft:pink_petals":5,"thermal:machine_insolator":1,"occultism:datura_seeds":3,"exdeorum:basalt_pebble":211,"minecraft:magma_cream":11,"minecraft:andesite":1,"minecraft:potato":8,"powah:energy_cable_basic":5,"minecraft:lapis_lazuli":119,"thermal:tin_gear":1,"minecraft:dirt":173,"thermal:rf_coil":2,"minecraft:leather_boots":1,"alltheores:raw_tin":116,"minecraft:bone":39,"integrateddynamics:mechanical_squeezer":6,"minecraft:bow":4,"minecraft:wheat_seeds":32,"easy_villagers:trader":1,"minecraft:raw_gold":8,"everlastingabilities:ability_totem":3,"minecraft:bamboo":14,"minecraft:oak_planks":16,"ironfurnaces:iron_furnace":2,"thermal:bell_pepper_seeds":1,"create:cogwheel":5,"minecraft:poisonous_potato":9,"minecraft:sand":794,"integrateddynamics:squeezer":5,"minecraft:nether_brick_stairs":2,"minecraft:dead_bush":8,"minecraft:spectral_arrow":13,"forbidden_arcanus:ender_pearl_fragment":74,"mekanism:bio_fuel":64,"xycraft_world:xychorium_gem_light":1,"minecraft:sugar":1,"minecraft:clay":50,"minecraft:diamond":8,"minecraft:netherite_helmet":1,"minecraft:bone_meal":88,"minecraft:emerald":128,"mekanism:superheating_element":6,"minecraft:oak_sapling":106,"minecraft:netherrack":69,"minecraft:chorus_fruit":3,"minecraft:oak_leaves":104,"farmingforblockheads:market":1,"functionalstorage:oak_1":5,"fluxnetworks:flux_dust":49,"powah:solar_panel_basic":11,"minecraft:azure_bluet":2,"minecraft:chicken":1,"minecraft:splash_potion":2,"minecraft:turtle_helmet":1,"ars_nouveau:blue_archwood_sapling":10,"createaddition:rolling_mill":1,"exdeorum:oak_barrel":4,"sophisticatedstorage:basic_to_iron_tier_upgrade":1,"minecraft:shield":2,"exdeorum:blackstone_pebble":767,"exdeorum:string_mesh":9,"reliquary:chelicerae":1,"minecraft:blackstone":8,"botania:black_petal":2,"minecraft:sugar_cane":43,"minecraft:raw_iron":256,"refinedstorage:16k_storage_part":2,"sophisticatedstorage:iron_to_gold_tier_upgrade":1,"extrastorage:disk_256k":1,"sophisticatedstorage:gold_to_diamond_tier_upgrade":1,"exdeorum:porcelain_crucible":3,"minecraft:copper_ingot":8,"ars_nouveau:purple_archwood_sapling":6,"ars_nouveau:blue_archwood_log":55,"create:hand_crank":2,"powah:capacitor_basic_large":1,"minecraft:arrow":37,"minecraft:nether_bricks":1,"xycraft_world:xychorium_gem_blue":5,"powah:wrench":1,"ae2:certus_quartz_dust":14,"exdeorum:diorite_pebble":538,"thermal:fluid_duct":7,"minecraft:netherite_boots":1,"integrateddynamics:drying_basin":1,"minecraft:golden_carrot":9,"minecraft:leather":12,"minecraft:gunpowder":118,"powah:energy_cable_starter":24,"create:blaze_burner":21,"fluxnetworks:flux_point":2,"ae2:sky_dust":5,"ars_nouveau:green_archwood_sapling":12,"thermal:machine_crucible":3,"minecraft:iron_ingot":4,"powah:solar_panel_starter":3,"minecraft:soul_sand":47,"minecraft:green_dye":1,"minecraft:oak_slab":58,"minecraft:emerald_block":2,"ars_nouveau:red_archwood_sapling":10,"botania:quartz_mana":4,"minecraft:quartz":22,"minecraft:dandelion":21,"minecraft:lava_bucket":1,"minecraft:amethyst_shard":99,"minecraft:white_bed":1,"minecraft:spider_eye":21,"powah:dielectric_rod_horizontal":14,"thermal:rice_seeds":1,"minecraft:pumpkin_seeds":14,"thermal:redstone_servo":2,"minecraft:iron_helmet":2,"tombstone:magic_scroll":4,"minecraft:coal":528,"alltheores:copper_ore_hammer":3},"minecraft:mined":{"minecraft:white_bed":1,"create:copper_casing":4,"sophisticatedstorage:gold_chest":4,"create:andesite_casing":9,"allthecompressed:cobblestone_2x":2,"thermal:machine_crafter":1,"minecraft:obsidian":137,"integrateddynamics:menril_log":50,"minecraft:nether_wart":20,"minecraft:oxeye_daisy":1,"allthecompressed:sand_1x":24,"minecraft:magma_block":1,"minecraft:fire":4,"pipez:fluid_pipe":12,"minecraft:nether_brick_stairs":2,"mekanism:basic_logistical_transporter":7,"create:cogwheel":5,"exmachinis:flux_hammer":6,"ironfurnaces:iron_furnace":2,"powah:energy_cell_basic":1,"minecraft:torch":2,"mekanismgenerators:bio_generator":9,"minecraft:sugar_cane":2,"thermal:machine_insolator":1,"ironfurnaces:obsidian_furnace":1,"minecraft:grass":123,"exdeorum:oak_barrel":4,"create:hand_crank":2,"allthecompressed:cobblestone_1x":304,"integrateddynamics:menril_leaves":128,"powah:solar_panel_basic":12,"functionalstorage:oak_1":4,"minecraft:nether_bricks":1,"create:shaft":1,"mekanism:superheating_element":6,"integrateddynamics:drying_basin":1,"powah:magmator_basic":6,"minecraft:smithing_table":1,"farmingforblockheads:market":1,"minecraft:oak_slab":50,"mekanism:crusher":2,"minecraft:redstone_block":1,"minecraft:soul_sand":20,"exdeorum:infested_leaves":283,"minecraft:dandelion":17,"minecraft:cornflower":1,"exmachinis:flux_sieve":1,"create:mechanical_pump":1,"create:water_wheel":1,"minecraft:tall_grass":19,"craftingstation:crafting_station":1,"create:blaze_burner":21,"powah:solar_panel_starter":1,"summoningrituals:altar":1,"minecraft:gravel":2,"minecraft:oak_button":3,"minecraft:polished_blackstone":14,"minecraft:stone_bricks":19,"minecraft:farmland":149,"integrateddynamics:squeezer":5,"thermal:device_rock_gen":1,"integrateddynamics:mechanical_squeezer":6,"minecraft:iron_ore":21,"minecraft:azure_bluet":2,"ars_nouveau:red_archwood_log":51,"minecraft:iron_bars":1,"thermal:machine_crucible":2,"craftingstation:crafting_station_slab":1,"fluxnetworks:flux_point":1,"minecraft:clay":46,"minecraft:poppy":2,"minecraft:chest":15,"hyperbox:hyperbox":2,"minecraft:cobblestone":70,"minecraft:oak_planks":3,"integrateddynamics:menril_log_filled":4,"minecraft:oak_log":102,"minecraft:sand":1,"minecraft:dirt":7,"mekanism:basic_universal_cable":27,"minecraft:oak_leaves":627,"create:large_cogwheel":3,"createaddition:rolling_mill":1,"minecraft:furnace":3,"rftoolspower:coalgenerator":9,"minecraft:polished_deepslate":1,"botania:pure_daisy":1,"minecraft:stripped_oak_log":1,"ars_nouveau:purple_archwood_log":52,"exdeorum:porcelain_crucible":3,"ars_nouveau:green_archwood_log":54,"pipez:item_pipe":45,"cobblefordays:tier_5":1,"allthecompressed:gravel_1x":86,"mekanism:metallurgic_infuser":2,"cookingforblockheads:sink":2,"ars_nouveau:blue_archwood_log":55},"minecraft:killed_by":{"minecraft:zombie":1,"minecraft:player":3},"minecraft:dropped":{"minecraft:clay":3,"minecraft:iron_sword":1,"minecraft:cooked_beef":12,"minecraft:diamond":1,"ars_caelum:ritual_conjure_island_village":2,"everlastingabilities:ability_totem":1,"minecraft:light_weighted_pressure_plate":2,"minecraft:emerald":82,"minecraft:dirt":1,"ars_nouveau:blue_archwood_sapling":8,"exdeorum:granite_pebble":1,"minecraft:gold_nugget":66,"minecraft:bone":5,"ars_nouveau:blue_archwood_log":53,"minecraft:emerald_block":1,"minecraft:rotten_flesh":7,"minecraft:oak_planks":13,"mysticalagriculture:inferium_essence":1,"powah:wrench":1,"minecraft:egg":7,"dankstorage:dank_1":1,"minecraft:cobblestone":2,"minecraft:iron_helmet":1,"powah:solar_panel_starter":2,"refinedstorage:16k_storage_part":1,"ars_nouveau:purple_archwood_log":52,"minecraft:coal":65,"minecraft:wooden_axe":1,"alltheores:copper_ore_hammer":2,"minecraft:string":47,"minecraft:snow_block":4,"minecraft:stone_sword":3,"pipez:item_pipe":11,"minecraft:spider_eye":4,"minecraft:bamboo":25,"exdeorum:blackstone_pebble":3456,"waystones:waystone":1,"pipez:wrench":3,"minecraft:oak_log":10,"ars_elemental:yellow_archwood_sapling":29,"minecraft:baked_potato":28,"exdeorum:copper_ore_chunk":3,"reliquary:chelicerae":1,"ars_nouveau:red_archwood_log":51,"minecraft:amethyst_shard":1,"minecraft:gold_ingot":87,"sophisticatedstorage:basic_tier_upgrade":1,"ars_nouveau:purple_archwood_sapling":8,"minecraft:pointed_dripstone":2,"waystones:warp_stone":1,"powah:dielectric_casing":2,"supplementaries:ash":2,"minecraft:arrow":5,"ars_nouveau:red_archwood_sapling":10,"minecraft:water_bucket":1,"minecraft:oak_slab":1,"allthecompressed:cobblestone_1x":1,"minecraft:lead":2,"exdeorum:iron_ore_chunk":2,"minecraft:stick":5,"tombstone:grave_dust":1,"thermal:machine_crucible":1,"minecraft:cactus":6,"exdeorum:stone_pebble":1,"minecraft:bucket":3,"minecraft:redstone":324,"pickletweaks:emerald_pickaxe":1,"mekanism:configurator":1,"extrastorage:disk_256k":1,"minecraft:shield":1,"exdeorum:tin_ore_chunk":66,"minecraft:andesite":1,"minecraft:oak_sapling":26,"ars_nouveau:green_archwood_log":54,"minecraft:raw_gold":126},"minecraft:crafted":{"powah:magmator_basic":5,"minecraft:black_dye":2,"pipez:item_pipe":32,"waystones:waystone":1,"alltheores:silver_ore":16,"ironfurnaces:iron_furnace":2,"sophisticatedbackpacks:crafting_upgrade":1,"refinedstorage:64k_storage_part":2,"thermal:machine_frame":5,"minecraft:iron_bars":80,"minecraft:granite":72,"create:vertical_gearbox":3,"minecraft:glass":2,"minecraft:netherite_boots":1,"minecraft:polished_blackstone":8,"allthecompressed:sand_1x":22,"refinedstorage:network_receiver":1,"powah:magmator_starter":5,"refinedstorage:network_transmitter":1,"minecraft:dried_kelp_block":1,"integrateddynamics:mechanical_squeezer":2,"create:cogwheel":10,"dankstorage:dank_5":1,"refinedstorage:raw_advanced_processor":12,"thermal:machine_crafter":1,"exdeorum:oak_barrel":9,"pickletweaks:emerald_hoe":1,"exdeorum:netherite_mesh":2,"minecraft:moss_block":50,"minecraft:copper_ingot":39,"craftingstation:crafting_station":1,"thermal:machine_insolator":3,"waystones:warp_stone":3,"alltheores:copper_plate":1,"ironfurnaces:augment_speed":3,"exdeorum:flint_mesh":15,"minecraft:iron_pickaxe":1,"minecraft:iron_block":30,"minecraft:gold_ingot":25,"refinedstorage:importer":5,"create:large_cogwheel":6,"minecraft:netherite_ingot":6,"powah:capacitor_basic_tiny":50,"integrateddynamics:crystalized_menril_chunk":18,"pickletweaks:emerald_sword":1,"powah:dielectric_casing":36,"refinedstorage:upgrade":17,"minecraft:iron_nugget":144,"exmachinis:gold_upgrade":8,"ironjetpacks:basic_coil":12,"minecraft:bone_meal":3,"allthecompressed:cobblestone_1x":415,"alltheores:copper_gear":6,"powah:photoelectric_pane":63,"allthecompressed:gravel_1x":85,"alltheores:copper_ore_hammer":5,"ironjetpacks:strap":1,"minecraft:stone_pickaxe":1,"alltheores:silver_dust":4,"minecraft:redstone_block":32,"create:hose_pulley":1,"create:belt_connector":2,"exdeorum:iron_mesh":5,"ironjetpacks:thruster":2,"dankstorage:dank_1":2,"powah:dielectric_paste":592,"exdeorum:golden_mesh":5,"summoningrituals:altar":1,"alltheores:osmium_ingot":9,"exdeorum:diamond_hammer":9,"minecraft:dried_kelp":0,"create:goggles":1,"powah:solar_panel_starter":21,"sophisticatedbackpacks:gold_backpack":1,"exdeorum:compressed_stone_hammer":10,"refinedstorage:raw_improved_processor":50,"alltheores:iron_plate":10,"minecraft:red_carpet":3,"cobblefordays:tier_3":2,"cobblefordays:tier_5":2,"exdeorum:crook":8,"ironfurnaces:upgrade_gold":1,"ironjetpacks:cell":6,"minecraft:cobblestone":651,"alltheores:tin_dust":9,"alltheores:lumium_dust":24,"refinedstorage:raw_basic_processor":66,"minecraft:blackstone":32,"minecraft:white_bed":2,"powah:capacitor_basic":52,"create:shaft":40,"refinedstorage:improved_processor":0,"ironfurnaces:upgrade_diamond":1,"dankstorage:dank_3":1,"minecraft:oak_planks":965,"minecraft:barrel":4,"sophisticatedstorage:gold_chest":12,"alltheores:lead_ingot":1,"alltheores:copper_dust":40,"createaddition:rolling_mill":1,"refinedstorage:cable":24,"minecraft:sand":4,"sophisticatedstorage:barrel":1,"minecraft:stone":0,"alltheores:lumium_gear":6,"exdeorum:unfired_porcelain_crucible":3,"pickletweaks:emerald_chestplate":1,"refinedstorage:64k_storage_disk":2,"pipez:fluid_pipe":32,"alltheores:osmium_ore":16,"minecraft:green_dye":3,"alltheores:tin_ingot":0,"minecraft:hopper":14,"refinedstorage:4k_storage_part":18,"tombstone:grave_key":3,"minecraft:chest":68,"minecraft:netherite_helmet":1,"pickletweaks:emerald_boots":1,"minecraft:oak_button":2,"minecraft:copper_block":21,"minecraft:netherite_upgrade_smithing_template":8,"minecraft:stone_bricks":13,"exdeorum:stone_hammer":10,"exdeorum:porcelain_crucible":1,"cobblefordays:tier_2":3,"integrateddynamics:squeezer":2,"minecraft:dropper":4,"sophisticatedstorage:diamond_chest":8,"rftoolspower:coalgenerator":1,"minecraft:oak_slab":432,"pickletweaks:emerald_helmet":1,"ironjetpacks:jetpack":1,"minecraft:crafting_table":3,"create:fluid_pipe":68,"minecraft:gold_ore":31,"minecraft:baked_potato":0,"refinedstorage:exporter":1,"minecraft:red_wool":2,"minecraft:gold_block":9,"refinedstorage:speed_upgrade":16,"sophisticatedbackpacks:upgrade_base":1,"refinedstorage:basic_processor":0,"powah:solar_panel_basic":7,"minecraft:diorite":70,"cobblefordays:tier_1":3,"alltheores:lead_ore":16,"ironjetpacks:capacitor":1,"minecraft:paper":18,"create:water_wheel":1,"minecraft:emerald_block":8,"mekanism:steel_casing":1,"sophisticatedbackpacks:diamond_backpack":1,"minecraft:stick":104,"mekanism:crusher":1,"create:mechanical_pump":4,"minecraft:iron_ingot":248,"minecraft:iron_ore":573,"exdeorum:oak_sieve":13,"minecraft:redstone_torch":18,"ars_caelum:ritual_conjure_island_village":2,"create:empty_blaze_burner":2,"exmachinis:flux_sieve":5,"minecraft:coarse_dirt":39,"minecraft:redstone":162,"pickletweaks:emerald_leggings":1,"mekanism:basic_universal_cable":104,"rftoolsbase:machine_frame":1,"create:steam_engine":1,"pickletweaks:emerald_axe":1,"refinedstorage:16k_storage_part":6,"alltheores:lead_nugget":9,"powah:energy_cell_basic":1,"sophisticatedstorage:iron_chest":12,"minecraft:furnace":8,"alltheores:gold_dust":8,"minecraft:piston":1,"exdeorum:diamond_mesh":3,"minecraft:gray_dye":36,"hyperbox:hyperbox":1,"refinedstorage:quartz_enriched_iron":224,"darkutils:damage_plate_player":1,"minecraft:diamond_block":10,"minecraft:glass_pane":112,"refinedstorage:destruction_core":7,"refinedstorage:advanced_processor":1,"ironfurnaces:augment_fuel":1,"integrateddynamics:energy_battery":4,"minecraft:netherite_leggings":1,"exdeorum:string_mesh":15,"create:fluid_tank":13,"refinedstorage:silicon":0,"trashcans:item_trash_can":1,"alltheores:tin_gear":7,"functionalstorage:oak_1":6,"powah:dielectric_rod_horizontal":86,"refinedstorage:1k_storage_part":41,"pickletweaks:emerald_pickaxe":2,"minecraft:sugar":96,"dankstorage:dank_2":1,"minecraft:red_dye":5,"create:andesite_alloy":39,"create:hand_crank":1,"mekanism:metallurgic_infuser":1,"powah:energizing_orb":1,"pickletweaks:flint_shears":1,"integrateddynamics:drying_basin":1,"ironfurnaces:augment_factory":1,"minecraft:copper_ore":131,"minecraft:bucket":17,"dankstorage:dank_4":1,"minecraft:stone_axe":1,"minecraft:amethyst_block":16,"minecraft:air":2394,"minecraft:blue_dye":2,"exdeorum:porcelain_clay_ball":82,"powah:dielectric_rod":166,"craftingstation:crafting_station_slab":2,"sophisticatedstorage:chest":12,"functionalstorage:copper_upgrade":2,"minecraft:white_wool":6,"ironfurnaces:upgrade_obsidian":1,"minecraft:gold_nugget":18,"alltheores:lumium_ingot":8,"refinedstorage:construction_core":3,"allthecompressed:cobblestone_2x":7,"alltheores:iron_dust":200,"ironfurnaces:upgrade_emerald":1,"exmachinis:flux_hammer":9,"minecraft:andesite":79,"minecraft:torch":20,"cookingforblockheads:sink":3,"thermal:rf_coil":7,"minecraft:diamond_chestplate":1,"cobblefordays:tier_4":2},"minecraft:broken":{"exdeorum:crook":6}},"DataVersion":3465}