{"stats":{"minecraft:mined":{"minecraft:cut_sandstone":2,"minecraft:stone_pressure_plate":1,"minecraft:smoker":2,"minecraft:smooth_sandstone":4,"minecraft:crafting_table":5,"minecraft:short_grass":11,"minecraft:grass_block":5,"minecraft:jungle_log":10,"minecraft:dead_bush":2,"minecraft:redstone_wire":6,"minecraft:cobblestone":1,"minecraft:lapis_ore":4,"minecraft:sugar_cane":28,"minecraft:sandstone":54,"minecraft:cactus":6,"minecraft:furnace":2,"minecraft:chiseled_sandstone":1,"minecraft:andesite":9,"minecraft:pumpkin":11,"minecraft:cocoa":12,"minecraft:potatoes":9,"minecraft:oak_log":6,"minecraft:vine":2,"minecraft:sand":31,"minecraft:dirt":10,"minecraft:bamboo":1,"minecraft:stone":153,"minecraft:oak_leaves":19,"minecraft:tripwire":4,"minecraft:fern":3},"minecraft:dropped":{"minecraft:sugar_cane":4,"minecraft:cooked_beef":5,"minecraft:cooked_porkchop":7,"minecraft:cooked_mutton":4,"minecraft:stick":4,"minecraft:potato":55},"minecraft:broken":{"minecraft:stone_pickaxe":1,"minecraft:wooden_axe":2},"minecraft:killed":{"minecraft:pig":7,"minecraft:creeper":1,"minecraft:sheep":6,"minecraft:skeleton":4,"minecraft:zombie":3,"minecraft:chicken":4,"minecraft:drowned":1,"minecraft:cow":3},"minecraft:used":{"minecraft:cooked_mutton":7,"minecraft:stone_pickaxe":131,"minecraft:chest":2,"minecraft:wooden_pickaxe":30,"minecraft:sandstone":3,"minecraft:sand":4,"minecraft:dirt":5,"minecraft:crafting_table":6,"minecraft:white_bed":1,"minecraft:smoker":3,"minecraft:wooden_axe":95,"minecraft:iron_pickaxe":76,"minecraft:smooth_sandstone":4,"minecraft:cobblestone":6,"minecraft:furnace":4,"minecraft:cooked_porkchop":1,"minecraft:andesite":9,"minecraft:cooked_beef":2,"minecraft:potato":3},"minecraft:picked_up":{"minecraft:cocoa_beans":30,"minecraft:crafting_table":5,"minecraft:feather":6,"minecraft:chicken":4,"minecraft:andesite":9,"minecraft:jungle_log":10,"minecraft:cut_sandstone":2,"minecraft:leather":4,"minecraft:smoker":2,"minecraft:potato":58,"minecraft:oak_log":6,"minecraft:lapis_lazuli":25,"minecraft:dirt":14,"minecraft:string":7,"minecraft:smooth_sandstone":4,"minecraft:bone":4,"minecraft:apple":1,"minecraft:wheat_seeds":5,"minecraft:beef":9,"minecraft:bamboo":9,"minecraft:sugar_cane":68,"minecraft:oak_planks":20,"minecraft:furnace":2,"minecraft:egg":1,"minecraft:stick":4,"minecraft:sandstone":54,"minecraft:pumpkin":11,"minecraft:sand":22,"minecraft:porkchop":13,"minecraft:jungle_planks":6,"minecraft:redstone":6,"minecraft:chiseled_sandstone":1,"minecraft:stone_pressure_plate":1,"minecraft:rotten_flesh":3,"minecraft:arrow":5,"minecraft:cactus":11,"minecraft:bread":80,"minecraft:oak_sapling":2,"minecraft:black_wool":1,"minecraft:mutton":11,"minecraft:white_wool":5,"minecraft:cobblestone":153},"minecraft:custom":{"minecraft:interact_with_furnace":10,"minecraft:mob_kills":29,"minecraft:interact_with_crafting_table":12,"minecraft:leave_game":2,"minecraft:time_since_death":52384,"minecraft:sleep_in_bed":1,"minecraft:climb_one_cm":1050,"minecraft:time_since_rest":16236,"minecraft:damage_taken":395,"minecraft:sprint_one_cm":142892,"minecraft:walk_one_cm":108971,"minecraft:drop":10,"minecraft:damage_dealt":3305,"minecraft:swim_one_cm":2581,"minecraft:talked_to_villager":1,"minecraft:fly_one_cm":317193,"minecraft:open_chest":21,"minecraft:play_time":52384,"minecraft:crouch_one_cm":5970,"minecraft:sneak_time":1992,"minecraft:walk_under_water_one_cm":445,"minecraft:jump":1294,"minecraft:walk_on_water_one_cm":3805,"minecraft:total_world_time":52384,"minecraft:interact_with_smoker":2,"minecraft:inspect_dispenser":1,"minecraft:fall_one_cm":31784,"minecraft:horse_one_cm":6229},"minecraft:crafted":{"minecraft:cooked_beef":9,"minecraft:oak_planks":8,"minecraft:cooked_porkchop":13,"minecraft:crafting_table":1,"minecraft:wooden_pickaxe":1,"minecraft:furnace":3,"minecraft:bucket":1,"minecraft:stone_axe":1,"minecraft:cooked_mutton":11,"minecraft:air":0,"minecraft:jungle_planks":40,"minecraft:shield":1,"minecraft:stick":12,"minecraft:iron_pickaxe":1,"minecraft:stone_pickaxe":1,"minecraft:wooden_axe":2,"minecraft:chest":2,"minecraft:white_bed":1,"minecraft:smoker":1}},"DataVersion":3953}