{"stats":{"minecraft:mined":{"minecraft:diamond_ore":6,"minecraft:stone_pressure_plate":1,"minecraft:spruce_planks":1,"minecraft:white_bed":4,"minecraft:grass_block":5,"minecraft:jungle_log":10,"minecraft:redstone_wire":6,"minecraft:composter":4,"minecraft:sandstone":67,"minecraft:oak_trapdoor":6,"minecraft:furnace":2,"minecraft:carrots":37,"minecraft:iron_ore":96,"minecraft:chiseled_sandstone":1,"minecraft:andesite":75,"minecraft:pumpkin":11,"minecraft:bell":1,"minecraft:potatoes":9,"minecraft:vine":2,"minecraft:rail":139,"minecraft:crimson_sign":1,"minecraft:bamboo":1,"minecraft:stone":470,"minecraft:tripwire":4,"minecraft:green_bed":3,"minecraft:oak_slab":70,"minecraft:cut_sandstone":2,"minecraft:jungle_door":1,"minecraft:smoker":2,"minecraft:smooth_sandstone":12,"minecraft:crafting_table":5,"minecraft:short_grass":11,"minecraft:melon":4,"minecraft:chest":2,"minecraft:dead_bush":3,"minecraft:glass":36,"minecraft:copper_ore":16,"minecraft:cobblestone":9,"minecraft:cyan_bed":1,"minecraft:lapis_ore":27,"minecraft:sugar_cane":28,"minecraft:oak_planks":11,"minecraft:diorite":3,"minecraft:smooth_sandstone_slab":1,"minecraft:wall_torch":4,"minecraft:cactus":10,"minecraft:oak_log":6,"minecraft:coal_ore":68,"minecraft:cocoa":12,"minecraft:sand":221,"minecraft:dirt":17,"minecraft:oak_leaves":19,"minecraft:fern":3},"minecraft:broken":{"minecraft:stone_pickaxe":1,"minecraft:iron_pickaxe":4,"minecraft:wooden_axe":2,"minecraft:stone_shovel":1},"minecraft:dropped":{"minecraft:water_bucket":1,"minecraft:bread":3123,"minecraft:cooked_beef":5,"minecraft:cooked_porkchop":7,"minecraft:stick":4,"minecraft:dirt":370,"minecraft:sand":5,"minecraft:bone":12,"minecraft:spruce_sapling":1,"minecraft:sugar_cane":4,"minecraft:oak_trapdoor":3,"minecraft:smooth_sandstone_stairs":3,"minecraft:cooked_mutton":4,"minecraft:carrot":148,"minecraft:potato":140},"minecraft:killed":{"minecraft:spider":7,"minecraft:skeleton":17,"minecraft:chicken":4,"minecraft:drowned":1,"minecraft:husk":8,"minecraft:pig":7,"minecraft:creeper":4,"minecraft:sheep":6,"minecraft:zombie":6,"minecraft:villager":2,"minecraft:cow":3},"minecraft:used":{"minecraft:oak_trapdoor":11,"minecraft:melon":4,"minecraft:stone_shovel":153,"minecraft:dispenser":1,"minecraft:ladder":33,"minecraft:chest":5,"minecraft:spruce_planks":1,"minecraft:shield":22,"minecraft:iron_sword":45,"minecraft:bell":1,"minecraft:torch":64,"minecraft:dirt":91,"minecraft:carrot":44,"minecraft:glass":215,"minecraft:wooden_axe":95,"minecraft:iron_hoe":6,"minecraft:iron_axe":57,"minecraft:smooth_sandstone":7,"minecraft:barrel":6,"minecraft:golden_carrot":5,"minecraft:jungle_button":1,"minecraft:furnace":4,"minecraft:minecart":2,"minecraft:potato":3,"minecraft:cooked_beef":4,"minecraft:cooked_mutton":7,"minecraft:water_bucket":3,"minecraft:stone_pickaxe":131,"minecraft:powered_rail":4,"minecraft:oak_planks":11,"minecraft:wooden_pickaxe":30,"minecraft:composter":9,"minecraft:sandstone":3,"minecraft:redstone_block":1,"minecraft:green_bed":4,"minecraft:sand":52,"minecraft:rail":157,"minecraft:oak_slab":154,"minecraft:crafting_table":7,"minecraft:white_bed":4,"minecraft:smoker":3,"minecraft:bread":23,"minecraft:cyan_bed":2,"minecraft:iron_pickaxe":847,"minecraft:stone_axe":76,"minecraft:cobblestone":31,"minecraft:cooked_porkchop":6,"minecraft:jungle_door":1,"minecraft:andesite":21,"minecraft:bucket":3,"minecraft:bone_meal":264},"minecraft:picked_up":{"minecraft:cocoa_beans":30,"minecraft:crafting_table":5,"minecraft:sandstone_slab":4,"minecraft:chicken":4,"minecraft:string":16,"minecraft:oak_trapdoor":12,"minecraft:raw_copper":51,"minecraft:bucket":1,"minecraft:spruce_planks":1,"minecraft:beef":9,"minecraft:cobblestone_slab":17,"minecraft:iron_pickaxe":3,"minecraft:minecart":2,"minecraft:sugar_cane":68,"minecraft:melon_slice":16,"minecraft:chest":2,"minecraft:furnace":2,"minecraft:egg":1,"minecraft:stick":86,"minecraft:raw_iron":96,"minecraft:sandstone":136,"minecraft:jungle_door":1,"minecraft:composter":4,"minecraft:torch":44,"minecraft:green_bed":3,"minecraft:sandstone_wall":37,"minecraft:porkchop":13,"minecraft:diorite":4,"minecraft:carrot":226,"minecraft:redstone":6,"minecraft:stone_pressure_plate":1,"minecraft:smooth_sandstone_slab":14,"minecraft:stone_sword":1,"minecraft:arrow":17,"minecraft:cactus":19,"minecraft:rotten_flesh":32,"minecraft:sandstone_stairs":2,"minecraft:bone_block":10,"minecraft:mutton":11,"minecraft:rail":139,"minecraft:white_wool":5,"minecraft:cobblestone":531,"minecraft:feather":6,"minecraft:andesite":93,"minecraft:water_bucket":1,"minecraft:jungle_log":10,"minecraft:cut_sandstone":2,"minecraft:leather":4,"minecraft:smoker":2,"minecraft:potato":98,"minecraft:smooth_sandstone_stairs":3,"minecraft:oak_log":7,"minecraft:cobblestone_wall":11,"minecraft:gunpowder":3,"minecraft:lapis_lazuli":175,"minecraft:dirt":477,"minecraft:bone":23,"minecraft:smooth_sandstone":17,"minecraft:glass":116,"minecraft:apple":1,"minecraft:bow":1,"minecraft:wheat_seeds":5,"minecraft:bell":1,"minecraft:iron_ingot":1,"minecraft:bamboo":9,"minecraft:oak_planks":31,"minecraft:oak_slab":109,"minecraft:pumpkin":11,"minecraft:sand":220,"minecraft:jungle_planks":6,"minecraft:spruce_sapling":1,"minecraft:white_bed":4,"minecraft:cyan_bed":1,"minecraft:chiseled_sandstone":1,"minecraft:spider_eye":1,"minecraft:sugar":3,"minecraft:diamond":6,"minecraft:granite":8,"minecraft:bone_meal":27,"minecraft:bread":1822,"minecraft:oak_sapling":2,"minecraft:black_wool":1,"minecraft:coal":68},"minecraft:custom":{"minecraft:mob_kills":65,"minecraft:interact_with_crafting_table":37,"minecraft:open_barrel":1,"minecraft:bell_ring":5,"minecraft:leave_game":6,"minecraft:time_since_death":233691,"minecraft:climb_one_cm":59585,"minecraft:sprint_one_cm":563816,"minecraft:walk_one_cm":641633,"minecraft:damage_blocked_by_shield":620,"minecraft:drop":86,"minecraft:talked_to_villager":53,"minecraft:play_time":349939,"minecraft:sneak_time":13236,"minecraft:deaths":1,"minecraft:walk_under_water_one_cm":16642,"minecraft:jump":4636,"minecraft:walk_on_water_one_cm":17298,"minecraft:total_world_time":349939,"minecraft:interact_with_furnace":24,"minecraft:traded_with_villager":160,"minecraft:pot_flower":1,"minecraft:sleep_in_bed":5,"minecraft:time_since_rest":41277,"minecraft:damage_taken":1823,"minecraft:damage_dealt":10425,"minecraft:swim_one_cm":8534,"minecraft:fly_one_cm":1038988,"minecraft:open_chest":92,"minecraft:crouch_one_cm":59239,"minecraft:interact_with_smoker":2,"minecraft:fall_one_cm":108649,"minecraft:inspect_dispenser":4,"minecraft:horse_one_cm":6229},"minecraft:crafted":{"minecraft:oak_planks":176,"minecraft:stone_shovel":3,"minecraft:furnace":3,"minecraft:bone_meal":480,"minecraft:cooked_mutton":11,"minecraft:oak_trapdoor":8,"minecraft:glass":64,"minecraft:melon_seeds":16,"minecraft:ladder":48,"minecraft:stone_pickaxe":1,"minecraft:chest":2,"minecraft:redstone_block":7,"minecraft:rail":64,"minecraft:smoker":1,"minecraft:minecart":2,"minecraft:cooked_beef":9,"minecraft:oak_slab":210,"minecraft:emerald":135,"minecraft:cooked_porkchop":13,"minecraft:crafting_table":2,"minecraft:wooden_pickaxe":1,"minecraft:bucket":1,"minecraft:stone_axe":1,"minecraft:air":0,"minecraft:jungle_planks":40,"minecraft:apple":100,"minecraft:oak_boat":2,"minecraft:shield":1,"minecraft:stick":64,"minecraft:iron_ingot":96,"minecraft:iron_pickaxe":2,"minecraft:wooden_axe":2,"minecraft:sandstone":18,"minecraft:white_bed":1,"minecraft:composter":5,"minecraft:torch":84}},"DataVersion":3953}