{"stats":{"minecraft:broken":{"exdeorum:crook":6},"minecraft:dropped":{"minecraft:clay":3,"minecraft:cooked_beef":12,"minecraft:oak_log":10,"minecraft:baked_potato":28,"minecraft:diamond":1,"minecraft:emerald":18,"minecraft:dirt":1,"minecraft:gold_nugget":66,"exdeorum:granite_pebble":1,"minecraft:amethyst_shard":1,"minecraft:gold_ingot":14,"minecraft:pointed_dripstone":2,"minecraft:oak_planks":13,"powah:dielectric_casing":2,"mysticalagriculture:inferium_essence":1,"powah:wrench":1,"minecraft:egg":7,"minecraft:water_bucket":1,"dankstorage:dank_1":1,"allthecompressed:cobblestone_1x":1,"minecraft:cobblestone":2,"powah:solar_panel_starter":2,"exdeorum:iron_ore_chunk":2,"minecraft:stick":5,"minecraft:wooden_axe":1,"alltheores:copper_ore_hammer":2,"tombstone:grave_dust":1,"thermal:machine_crucible":1,"minecraft:cactus":6,"minecraft:string":40,"exdeorum:stone_pebble":1,"minecraft:bucket":3,"minecraft:redstone":4,"pickletweaks:emerald_pickaxe":1,"pipez:item_pipe":4,"minecraft:shield":1,"exdeorum:tin_ore_chunk":66,"minecraft:andesite":1,"minecraft:oak_sapling":26,"pipez:wrench":2},"minecraft:killed":{"minecraft:magma_cube":7,"minecraft:piglin":2,"minecraft:zombie":2,"minecraft:blaze":12,"minecraft:wither_skeleton":4},"minecraft:used":{"craftingstation:crafting_station_slab":2,"rftoolspower:coalgenerator":9,"minecraft:chest":37,"minecraft:iron_sword":3,"allthecompressed:cobblestone_1x":368,"pickletweaks:emerald_pickaxe":42,"powah:solar_panel_basic":10,"mekanism:basic_universal_cable":40,"integrateddynamics:squeezer":3,"minecraft:lava_bucket":4,"thermal:machine_insolator":1,"pickletweaks:emerald_hoe":104,"ironfurnaces:iron_furnace":2,"minecraft:oak_sapling":3,"minecraft:furnace":5,"pipez:item_pipe":42,"minecraft:egg":21,"powah:solar_panel_starter":1,"minecraft:stone_pickaxe":23,"minecraft:clay":17,"powah:magmator_basic":1,"exdeorum:oak_barrel":13,"mekanism:crusher":3,"mekanism:metallurgic_infuser":4,"minecraft:gravel":2,"exmachinis:flux_hammer":14,"minecraft:wooden_sword":3,"functionalstorage:oak_1":7,"minecraft:smithing_table":1,"exdeorum:compressed_stone_hammer":406,"exmachinis:flux_sieve":5,"minecraft:coarse_dirt":156,"cookingforblockheads:sink":1,"thermal:machine_crucible":1,"sophisticatedbackpacks:iron_backpack":2,"farmingforblockheads:market":1,"exdeorum:crook":804,"sophisticatedstorage:gold_chest":4,"minecraft:torch":4,"minecraft:dirt":4,"cobblefordays:tier_2":1,"exdeorum:silk_worm":5,"allthecompressed:cobblestone_2x":2,"minecraft:nether_brick_stairs":2,"minecraft:wooden_axe":45,"cobblefordays:tier_5":2,"sophisticatedstorage:diamond_chest":8,"exdeorum:porcelain_crucible":1,"minecraft:golden_carrot":9,"exdeorum:stone_hammer":4,"tombstone:gift":2,"minecraft:cooked_beef":21,"exdeorum:oak_sieve":9,"pipez:fluid_pipe":2,"minecraft:water_bucket":4,"minecraft:iron_ore":16,"powah:energy_cell_basic":1,"minecraft:baked_potato":22,"minecraft:oak_slab":337,"minecraft:white_bed":3,"minecraft:oak_log":106,"pickletweaks:emerald_axe":42,"craftingstation:crafting_station":1,"allthecompressed:sand_1x":21,"minecraft:oak_button":4,"allthecompressed:gravel_1x":85,"minecraft:iron_pickaxe":37,"minecraft:stone_axe":79,"minecraft:cobblestone":25,"minecraft:bucket":5},"minecraft:picked_up":{"minecraft:wooden_axe":1,"exdeorum:mycelium_spores":8,"exdeorum:dust":153,"allthecompressed:cobblestone_2x":2,"minecraft:smithing_table":1,"cobblefordays:tier_5":1,"exdeorum:iron_ore_chunk":306,"sophisticatedstorage:gold_chest":4,"exdeorum:grass_seeds":15,"minecraft:string":157,"minecraft:raw_copper":58,"craftingstation:crafting_station":1,"mysticalagriculture:inferium_essence":7,"minecraft:gold_nugget":42,"mekanism:basic_universal_cable":14,"minecraft:bucket":1,"minecraft:light_weighted_pressure_plate":9,"minecraft:redstone_torch":4,"xycraft_world:xychorium_gem_green":1,"wstweaks:fragment":14,"minecraft:furnace":3,"minecraft:stick":69,"apotheosis:gem":1,"minecraft:torch":4,"pickletweaks:emerald_pickaxe":1,"tombstone:grave_dust":2,"minecraft:pointed_dripstone":365,"pipez:wrench":3,"minecraft:stone_sword":1,"minecraft:cactus":15,"minecraft:rotten_flesh":2,"create:copper_casing":4,"exdeorum:tin_ore_chunk":159,"minecraft:cyan_terracotta":12,"ars_nouveau:sourceberry_bush":5,"supplementaries:ash":3,"minecraft:blaze_rod":8,"minecraft:obsidian":15,"minecraft:blaze_powder":6,"minecraft:cobblestone":193,"exdeorum:osmium_ore_chunk":97,"minecraft:pink_petals":5,"exdeorum:basalt_pebble":211,"minecraft:cooked_beef":1,"minecraft:magma_cream":1,"powah:dielectric_casing":2,"minecraft:water_bucket":1,"minecraft:andesite":1,"enderio:grains_of_infinity":7,"minecraft:potato":8,"minecraft:flint":710,"exdeorum:nickel_ore_chunk":136,"ae2:charged_certus_quartz_crystal":3,"minecraft:lapis_lazuli":119,"minecraft:dirt":163,"alltheores:raw_tin":9,"minecraft:bone":3,"minecraft:wheat_seeds":24,"minecraft:raw_gold":8,"minecraft:glowstone_dust":5,"minecraft:bamboo":5,"minecraft:oak_planks":13,"mekanism:metallurgic_infuser":3,"xycraft_world:xychorium_gem_red":2,"exmachinis:flux_hammer":6,"ae2:certus_quartz_crystal":5,"minecraft:poisonous_potato":9,"exdeorum:flint_mesh":4,"minecraft:sand":785,"integrateddynamics:squeezer":2,"minecraft:nether_brick_stairs":2,"minecraft:dead_bush":8,"xycraft_world:xychorium_gem_dark":5,"minecraft:bundle":1,"xycraft_world:xychorium_gem_light":1,"minecraft:clay":23,"minecraft:bone_meal":20,"exdeorum:copper_ore_chunk":237,"minecraft:oak_sapling":102,"minecraft:chorus_fruit":3,"minecraft:netherrack":4,"farmingforblockheads:market":1,"exdeorum:gold_ore_chunk":111,"functionalstorage:oak_1":4,"powah:solar_panel_basic":3,"minecraft:nether_wart":25,"minecraft:clay_ball":68,"exdeorum:oak_barrel":4,"minecraft:shield":2,"exdeorum:blackstone_pebble":203,"exdeorum:string_mesh":9,"exdeorum:granite_pebble":556,"exdeorum:zinc_ore_chunk":101,"minecraft:iron_nugget":17,"exdeorum:compressed_stone_hammer":3,"allthecompressed:cobblestone_1x":1,"minecraft:sugar_cane":12,"minecraft:chest":7,"minecraft:egg":31,"minecraft:raw_iron":195,"pipez:item_pipe":27,"minecraft:carrot":21,"minecraft:redstone":6,"exmachinis:flux_sieve":1,"mekanism:crusher":2,"exdeorum:silk_worm":8,"minecraft:nether_bricks":1,"xycraft_world:xychorium_gem_blue":5,"powah:wrench":1,"ae2:certus_quartz_dust":6,"exdeorum:diorite_pebble":538,"exmachinis:gold_upgrade":3,"everlastingabilities:ability_bottle":1,"exdeorum:andesite_pebble":576,"minecraft:gold_ingot":6,"exdeorum:random_pottery_sherd":4,"minecraft:golden_carrot":9,"rftoolspower:coalgenerator":9,"minecraft:oak_log":155,"minecraft:gunpowder":14,"ae2:sky_dust":5,"minecraft:apple":8,"thermal:machine_crucible":2,"exdeorum:stone_pebble":1729,"minecraft:iron_ore":1,"powah:solar_panel_starter":3,"minecraft:soul_sand":20,"minecraft:green_dye":1,"minecraft:oak_slab":17,"allthecompressed:sand_1x":4,"exdeorum:deepslate_pebble":191,"exdeorum:lead_ore_chunk":103,"minecraft:sweet_berries":5,"minecraft:lava_bucket":1,"minecraft:gravel":3320,"minecraft:amethyst_shard":35,"minecraft:white_bed":1,"forcecraft:recovery_heart":3,"exdeorum:silver_ore_chunk":143,"minecraft:pumpkin_seeds":14,"exdeorum:aluminum_ore_chunk":122,"minecraft:stone_axe":1,"alltheores:raw_silver":6,"minecraft:oak_button":3,"minecraft:baked_potato":14,"minecraft:melon_seeds":14,"minecraft:coal":356,"alltheores:copper_ore_hammer":1},"minecraft:custom":{"lootr:looted_stat":4,"minecraft:leave_game":5,"minecraft:time_since_death":0,"minecraft:sprint_one_cm":852251,"minecraft:drop":80,"minecraft:talked_to_villager":4,"minecraft:play_time":585988,"minecraft:deaths":8,"minecraft:jump":5440,"minecraft:walk_on_water_one_cm":1110,"minecraft:interact_with_furnace":240,"minecraft:traded_with_villager":13,"minecraft:sleep_in_bed":24,"minecraft:waystone_activated":1,"minecraft:damage_dealt":5301,"minecraft:crouch_one_cm":61283,"tombstone:undead_killed":6,"minecraft:interact_with_smithing_table":1,"minecraft:mob_kills":27,"minecraft:inspect_hopper":7,"minecraft:damage_dealt_resisted":0,"minecraft:walk_one_cm":1218846,"minecraft:sneak_time":21252,"minecraft:total_world_time":585988,"minecraft:time_since_rest":5814,"minecraft:damage_taken":5467,"minecraft:fly_one_cm":620984,"minecraft:open_chest":909,"minecraft:fall_one_cm":475255},"minecraft:mined":{"minecraft:white_bed":1,"create:copper_casing":4,"minecraft:farmland":149,"sophisticatedstorage:gold_chest":4,"allthecompressed:cobblestone_2x":2,"minecraft:obsidian":3,"integrateddynamics:squeezer":2,"minecraft:nether_wart":20,"allthecompressed:sand_1x":21,"minecraft:iron_ore":16,"minecraft:fire":3,"minecraft:nether_brick_stairs":2,"thermal:machine_crucible":1,"exmachinis:flux_hammer":6,"minecraft:clay":17,"minecraft:torch":1,"minecraft:chest":7,"minecraft:cobblestone":8,"minecraft:oak_log":78,"exdeorum:oak_barrel":4,"minecraft:sand":1,"minecraft:dirt":7,"allthecompressed:cobblestone_1x":304,"mekanism:basic_universal_cable":14,"minecraft:oak_leaves":523,"powah:solar_panel_basic":3,"functionalstorage:oak_1":4,"minecraft:nether_bricks":1,"minecraft:furnace":3,"rftoolspower:coalgenerator":9,"minecraft:smithing_table":1,"farmingforblockheads:market":1,"minecraft:oak_slab":13,"mekanism:crusher":2,"minecraft:soul_sand":20,"exdeorum:infested_leaves":283,"pipez:item_pipe":23,"exmachinis:flux_sieve":1,"cobblefordays:tier_5":1,"allthecompressed:gravel_1x":85,"mekanism:metallurgic_infuser":2,"craftingstation:crafting_station":1,"powah:solar_panel_starter":1,"minecraft:gravel":2,"minecraft:oak_button":1},"minecraft:crafted":{"powah:magmator_basic":1,"minecraft:oak_planks":770,"minecraft:barrel":2,"sophisticatedstorage:gold_chest":8,"alltheores:copper_dust":40,"pipez:item_pipe":16,"minecraft:sand":4,"alltheores:silver_ore":16,"ironfurnaces:iron_furnace":2,"alltheores:lumium_gear":2,"exdeorum:unfired_porcelain_crucible":1,"pickletweaks:emerald_chestplate":1,"pipez:fluid_pipe":16,"minecraft:iron_bars":64,"thermal:machine_frame":1,"alltheores:osmium_ore":16,"minecraft:granite":72,"minecraft:green_dye":3,"alltheores:tin_ingot":0,"minecraft:hopper":12,"minecraft:glass":2,"tombstone:grave_key":2,"allthecompressed:sand_1x":21,"powah:magmator_starter":1,"minecraft:chest":52,"pickletweaks:emerald_boots":1,"minecraft:oak_button":1,"minecraft:copper_block":14,"minecraft:netherite_upgrade_smithing_template":8,"minecraft:dried_kelp_block":1,"create:cogwheel":10,"exdeorum:stone_hammer":10,"exdeorum:porcelain_crucible":1,"cobblefordays:tier_2":2,"sophisticatedstorage:diamond_chest":8,"integrateddynamics:squeezer":1,"minecraft:dropper":2,"rftoolspower:coalgenerator":1,"minecraft:oak_slab":390,"pickletweaks:emerald_helmet":1,"exdeorum:oak_barrel":9,"pickletweaks:emerald_hoe":1,"minecraft:crafting_table":1,"minecraft:gold_ore":4,"minecraft:baked_potato":0,"exdeorum:netherite_mesh":2,"minecraft:copper_ingot":39,"craftingstation:crafting_station":1,"thermal:machine_insolator":1,"alltheores:copper_plate":1,"minecraft:diorite":70,"powah:solar_panel_basic":7,"cobblefordays:tier_1":2,"create:water_wheel":1,"mekanism:steel_casing":1,"exdeorum:flint_mesh":15,"minecraft:stick":64,"mekanism:crusher":1,"minecraft:iron_ingot":100,"minecraft:iron_pickaxe":1,"minecraft:iron_block":25,"minecraft:iron_ore":310,"minecraft:gold_ingot":25,"exdeorum:oak_sieve":12,"create:large_cogwheel":3,"minecraft:redstone_torch":10,"minecraft:netherite_ingot":2,"powah:capacitor_basic_tiny":42,"exmachinis:flux_sieve":4,"minecraft:coarse_dirt":39,"pickletweaks:emerald_sword":1,"pickletweaks:emerald_leggings":1,"mekanism:basic_universal_cable":32,"powah:dielectric_casing":26,"rftoolsbase:machine_frame":1,"pickletweaks:emerald_axe":1,"minecraft:iron_nugget":117,"powah:energy_cell_basic":1,"sophisticatedstorage:iron_chest":8,"exmachinis:gold_upgrade":8,"minecraft:furnace":5,"alltheores:gold_dust":8,"exdeorum:diamond_mesh":3,"minecraft:gray_dye":36,"minecraft:bone_meal":1,"allthecompressed:cobblestone_1x":415,"darkutils:damage_plate_player":1,"powah:photoelectric_pane":63,"minecraft:glass_pane":112,"allthecompressed:gravel_1x":85,"alltheores:copper_ore_hammer":5,"exdeorum:string_mesh":15,"minecraft:stone_pickaxe":1,"create:hose_pulley":1,"alltheores:silver_dust":4,"minecraft:redstone_block":15,"alltheores:tin_gear":1,"create:belt_connector":2,"exdeorum:iron_mesh":5,"functionalstorage:oak_1":5,"powah:dielectric_rod_horizontal":62,"dankstorage:dank_1":2,"powah:dielectric_paste":464,"pickletweaks:emerald_pickaxe":2,"exdeorum:golden_mesh":5,"create:andesite_alloy":39,"create:hand_crank":1,"alltheores:osmium_ingot":9,"exdeorum:diamond_hammer":8,"mekanism:metallurgic_infuser":1,"minecraft:dried_kelp":0,"powah:solar_panel_starter":21,"exdeorum:compressed_stone_hammer":10,"minecraft:copper_ore":115,"minecraft:bucket":5,"minecraft:stone_axe":1,"minecraft:air":1530,"cobblefordays:tier_3":1,"cobblefordays:tier_5":1,"exdeorum:crook":8,"minecraft:blue_dye":2,"powah:dielectric_rod":118,"exdeorum:porcelain_clay_ball":7,"craftingstation:crafting_station_slab":2,"sophisticatedstorage:chest":8,"functionalstorage:copper_upgrade":2,"minecraft:white_wool":6,"minecraft:cobblestone":411,"minecraft:gold_nugget":18,"alltheores:tin_dust":9,"alltheores:lumium_dust":24,"alltheores:lumium_ingot":8,"allthecompressed:cobblestone_2x":7,"alltheores:iron_dust":200,"minecraft:white_bed":2,"powah:capacitor_basic":44,"exmachinis:flux_hammer":8,"create:shaft":32,"minecraft:andesite":79,"cookingforblockheads:sink":1,"thermal:rf_coil":1,"cobblefordays:tier_4":1},"minecraft:killed_by":{"minecraft:zombie":1}},"DataVersion":3465}