{"stats":{"minecraft:mined":{"minecraft:nether_gold_ore":62,"minecraft:diamond_ore":6,"minecraft:spruce_planks":1,"minecraft:stone_pressure_plate":1,"minecraft:white_bed":9,"minecraft:ladder":33,"minecraft:granite":7,"minecraft:grass_block":5,"minecraft:jungle_log":10,"minecraft:redstone_wire":6,"minecraft:soul_soil":1,"minecraft:kelp":6,"minecraft:composter":4,"minecraft:hopper":9,"minecraft:sandstone":201,"minecraft:tall_seagrass":2,"minecraft:magma_block":201,"minecraft:oak_trapdoor":6,"minecraft:glowstone":16,"minecraft:furnace":2,"minecraft:carrots":37,"minecraft:iron_ore":96,"minecraft:barrel":5,"minecraft:chiseled_sandstone":1,"minecraft:andesite":83,"minecraft:pumpkin":11,"minecraft:fletching_table":2,"minecraft:green_stained_glass":3,"minecraft:bell":1,"minecraft:potatoes":9,"minecraft:vine":2,"minecraft:rail":180,"minecraft:bamboo":1,"minecraft:crimson_sign":1,"minecraft:stone":509,"minecraft:spruce_slab":1,"minecraft:green_bed":3,"minecraft:tripwire":6,"minecraft:smithing_table":1,"minecraft:sandstone_slab":58,"minecraft:oak_slab":70,"minecraft:cut_sandstone":2,"minecraft:scaffolding":16,"minecraft:jungle_door":1,"minecraft:soul_sand":7,"minecraft:kelp_plant":15,"minecraft:smoker":2,"minecraft:observer":1,"minecraft:smooth_sandstone":12,"minecraft:crafting_table":6,"minecraft:torch":2,"minecraft:short_grass":11,"minecraft:blast_furnace":3,"minecraft:melon":4,"minecraft:chest":9,"minecraft:dead_bush":3,"minecraft:campfire":25,"minecraft:nether_quartz_ore":96,"minecraft:glass":41,"minecraft:copper_ore":16,"minecraft:cobblestone":11,"minecraft:lapis_ore":27,"minecraft:cyan_bed":1,"minecraft:oak_planks":11,"minecraft:sugar_cane":187,"minecraft:diorite":9,"minecraft:smooth_sandstone_slab":1,"minecraft:wall_torch":4,"minecraft:seagrass":5,"minecraft:cactus":10,"minecraft:oak_log":6,"minecraft:coal_ore":68,"minecraft:cocoa":12,"minecraft:gravel":15,"minecraft:sand":788,"minecraft:dirt":19,"minecraft:netherrack":114,"minecraft:oak_leaves":19,"minecraft:fern":3},"minecraft:broken":{"minecraft:stone_pickaxe":1,"minecraft:iron_pickaxe":4,"minecraft:wooden_axe":2,"minecraft:stone_shovel":1},"minecraft:dropped":{"minecraft:water_bucket":1,"minecraft:bread":3123,"minecraft:cooked_beef":5,"minecraft:cooked_porkchop":7,"minecraft:rail":1,"minecraft:stick":4,"minecraft:dirt":370,"minecraft:sand":77,"minecraft:string":100,"minecraft:spruce_sapling":2,"minecraft:bone":12,"minecraft:sugar_cane":4,"minecraft:oak_trapdoor":3,"minecraft:smooth_sandstone_stairs":3,"minecraft:diamond_shovel":1,"minecraft:cooked_mutton":4,"minecraft:carrot":148,"minecraft:potato":140,"minecraft:arrow":14,"minecraft:netherrack":3},"minecraft:killed":{"minecraft:spider":8,"minecraft:skeleton":26,"minecraft:chicken":4,"minecraft:drowned":1,"minecraft:husk":10,"minecraft:pig":7,"minecraft:creeper":6,"minecraft:sheep":6,"minecraft:zombie":6,"minecraft:villager":2,"minecraft:cow":3},"minecraft:used":{"minecraft:oak_trapdoor":11,"minecraft:melon":4,"minecraft:spruce_slab":1,"minecraft:armor_stand":2,"minecraft:stone_shovel":153,"minecraft:dispenser":11,"minecraft:ladder":33,"minecraft:chest":44,"minecraft:spruce_planks":1,"minecraft:shield":22,"minecraft:iron_sword":45,"minecraft:bell":1,"minecraft:netherrack":105,"minecraft:torch":68,"minecraft:soul_sand":1,"minecraft:dirt":93,"minecraft:hopper":64,"minecraft:nether_quartz_ore":48,"minecraft:carrot":44,"minecraft:jungle_trapdoor":6,"minecraft:granite":2,"minecraft:glass":215,"minecraft:wooden_axe":95,"minecraft:iron_hoe":6,"minecraft:jungle_fence_gate":6,"minecraft:iron_axe":65,"minecraft:smooth_sandstone":7,"minecraft:barrel":29,"minecraft:golden_carrot":19,"minecraft:magma_block":1,"minecraft:scaffolding":99,"minecraft:jungle_button":1,"minecraft:soul_soil":1,"minecraft:furnace":4,"minecraft:minecart":3,"minecraft:observer":2,"minecraft:potato":3,"minecraft:cooked_beef":4,"minecraft:cooked_mutton":7,"minecraft:water_bucket":80,"minecraft:dropper":1,"minecraft:stone_pickaxe":131,"minecraft:powered_rail":5,"minecraft:oak_planks":11,"minecraft:wooden_pickaxe":30,"minecraft:composter":19,"minecraft:sandstone":147,"minecraft:redstone_block":1,"minecraft:diamond_axe":67,"minecraft:fletching_table":5,"minecraft:green_bed":4,"minecraft:rail":180,"minecraft:sand":68,"minecraft:oak_slab":154,"minecraft:crafting_table":7,"minecraft:blast_furnace":4,"minecraft:campfire":25,"minecraft:white_bed":9,"minecraft:smoker":3,"minecraft:diamond_pickaxe":734,"minecraft:diamond_shovel":581,"minecraft:iron_pickaxe":913,"minecraft:bread":23,"minecraft:cyan_bed":2,"minecraft:string":2,"minecraft:stone_axe":76,"minecraft:diamond_sword":26,"minecraft:cobblestone":41,"minecraft:grindstone":1,"minecraft:cooked_porkchop":6,"minecraft:sandstone_slab":565,"minecraft:smithing_table":2,"minecraft:jungle_door":1,"minecraft:andesite":25,"minecraft:bucket":80,"minecraft:kelp":2,"minecraft:bone_meal":328,"minecraft:green_stained_glass":63},"minecraft:picked_up":{"minecraft:cocoa_beans":30,"minecraft:crafting_table":6,"minecraft:sandstone_slab":61,"minecraft:ladder":33,"minecraft:chicken":4,"minecraft:smithing_table":1,"minecraft:oak_trapdoor":12,"minecraft:string":388,"minecraft:soul_soil":1,"minecraft:raw_copper":51,"minecraft:bucket":1,"minecraft:spruce_planks":1,"minecraft:beef":9,"minecraft:observer":1,"minecraft:spruce_slab":1,"minecraft:cobblestone_slab":17,"minecraft:iron_pickaxe":3,"minecraft:minecart":3,"minecraft:melon_slice":16,"minecraft:sugar_cane":359,"minecraft:chest":9,"minecraft:furnace":2,"minecraft:egg":1,"minecraft:stick":87,"minecraft:raw_iron":96,"minecraft:sandstone":250,"minecraft:jungle_door":1,"minecraft:composter":4,"minecraft:torch":49,"minecraft:green_bed":3,"minecraft:sandstone_wall":37,"minecraft:porkchop":13,"minecraft:diorite":10,"minecraft:carrot":226,"minecraft:redstone":6,"minecraft:stone_pressure_plate":1,"minecraft:smooth_sandstone_slab":14,"minecraft:arrow":40,"minecraft:stone_sword":1,"minecraft:nether_gold_ore":62,"minecraft:cactus":19,"minecraft:rotten_flesh":41,"minecraft:sandstone_stairs":2,"minecraft:glowstone":16,"minecraft:mutton":11,"minecraft:bone_block":10,"minecraft:rail":181,"minecraft:white_wool":5,"minecraft:cobblestone":572,"minecraft:magma_block":195,"minecraft:feather":6,"minecraft:andesite":101,"minecraft:water_bucket":1,"minecraft:jungle_log":10,"minecraft:cut_sandstone":2,"minecraft:leather":4,"minecraft:smoker":2,"minecraft:potato":98,"minecraft:flint":15,"minecraft:oak_log":7,"minecraft:smooth_sandstone_stairs":3,"minecraft:cobblestone_wall":11,"minecraft:gunpowder":8,"minecraft:lapis_lazuli":175,"minecraft:dirt":479,"minecraft:smooth_sandstone":17,"minecraft:glass":116,"minecraft:bone":38,"minecraft:apple":1,"minecraft:kelp":125,"minecraft:bow":2,"minecraft:wheat_seeds":5,"minecraft:bell":1,"minecraft:iron_ingot":1,"minecraft:fletching_table":2,"minecraft:bamboo":9,"minecraft:oak_planks":31,"minecraft:soul_sand":7,"minecraft:scaffolding":186,"minecraft:oak_slab":109,"minecraft:nether_quartz_ore":48,"minecraft:pumpkin":11,"minecraft:quartz":114,"minecraft:sand":787,"minecraft:jungle_planks":6,"minecraft:green_stained_glass":226,"minecraft:spruce_sapling":2,"minecraft:blast_furnace":3,"minecraft:white_bed":9,"minecraft:cyan_bed":1,"minecraft:chiseled_sandstone":1,"minecraft:spider_eye":2,"minecraft:barrel":5,"minecraft:diamond_shovel":1,"minecraft:sugar":3,"minecraft:diamond":6,"minecraft:granite":15,"minecraft:bone_meal":27,"minecraft:bread":1822,"minecraft:oak_sapling":2,"minecraft:netherrack":108,"minecraft:black_wool":1,"minecraft:coal":68,"minecraft:hopper":9},"minecraft:crafted":{"minecraft:oak_planks":176,"minecraft:stone_shovel":3,"minecraft:furnace":3,"minecraft:blast_furnace":1,"minecraft:bone_meal":480,"minecraft:diamond_shovel":4,"minecraft:cooked_mutton":11,"minecraft:oak_trapdoor":8,"minecraft:glass":64,"minecraft:diamond_helmet":4,"minecraft:diamond_leggings":4,"minecraft:melon_seeds":16,"minecraft:ladder":48,"minecraft:stone_pickaxe":1,"minecraft:chest":2,"minecraft:diamond_boots":4,"minecraft:redstone_block":7,"minecraft:rail":64,"minecraft:smoker":1,"minecraft:minecart":2,"minecraft:cooked_beef":9,"minecraft:oak_slab":210,"minecraft:diamond_sword":4,"minecraft:emerald":437,"minecraft:cooked_porkchop":13,"minecraft:diamond_axe":4,"minecraft:crafting_table":2,"minecraft:wooden_pickaxe":1,"minecraft:sandstone_slab":1536,"minecraft:bucket":2,"minecraft:stone_axe":1,"minecraft:air":0,"minecraft:jungle_planks":40,"minecraft:apple":100,"minecraft:oak_boat":2,"minecraft:diamond_pickaxe":4,"minecraft:shield":2,"minecraft:stick":64,"minecraft:iron_ingot":96,"minecraft:iron_pickaxe":2,"minecraft:wooden_axe":2,"minecraft:sandstone":82,"minecraft:white_bed":1,"minecraft:composter":5,"minecraft:torch":84,"minecraft:lapis_lazuli":180,"minecraft:diamond_chestplate":4},"minecraft:custom":{"minecraft:interact_with_smithing_table":1,"minecraft:interact_with_anvil":7,"minecraft:mob_kills":79,"minecraft:inspect_hopper":5,"minecraft:interact_with_crafting_table":43,"minecraft:open_barrel":88,"minecraft:bell_ring":5,"minecraft:leave_game":10,"minecraft:time_since_death":416577,"minecraft:climb_one_cm":116745,"minecraft:sprint_one_cm":828943,"minecraft:walk_one_cm":964597,"minecraft:damage_blocked_by_shield":620,"minecraft:drop":110,"minecraft:talked_to_villager":153,"minecraft:play_time":532825,"minecraft:sneak_time":25855,"minecraft:deaths":1,"minecraft:walk_under_water_one_cm":83090,"minecraft:jump":7118,"minecraft:walk_on_water_one_cm":76897,"minecraft:enchant_item":54,"minecraft:total_world_time":532825,"minecraft:interact_with_furnace":27,"minecraft:traded_with_villager":495,"minecraft:pot_flower":1,"minecraft:interact_with_grindstone":38,"minecraft:sleep_in_bed":10,"minecraft:time_since_rest":11288,"minecraft:damage_taken":2123,"minecraft:damage_dealt":13224,"minecraft:swim_one_cm":51905,"minecraft:fly_one_cm":1579802,"minecraft:open_chest":144,"minecraft:crouch_one_cm":116393,"minecraft:inspect_dispenser":5,"minecraft:interact_with_smoker":2,"minecraft:fall_one_cm":167291,"minecraft:horse_one_cm":6229}},"DataVersion":3953}