{"stats":{"minecraft:mined":{"minecraft:diamond_ore":6,"minecraft:stone_pressure_plate":1,"minecraft:white_bed":1,"minecraft:grass_block":5,"minecraft:jungle_log":10,"minecraft:redstone_wire":6,"minecraft:composter":4,"minecraft:sandstone":67,"minecraft:oak_trapdoor":5,"minecraft:furnace":2,"minecraft:carrots":1,"minecraft:iron_ore":96,"minecraft:chiseled_sandstone":1,"minecraft:andesite":22,"minecraft:pumpkin":11,"minecraft:potatoes":9,"minecraft:vine":2,"minecraft:rail":138,"minecraft:crimson_sign":1,"minecraft:bamboo":1,"minecraft:stone":424,"minecraft:green_bed":3,"minecraft:tripwire":4,"minecraft:oak_slab":14,"minecraft:cut_sandstone":2,"minecraft:jungle_door":1,"minecraft:smoker":2,"minecraft:smooth_sandstone":12,"minecraft:crafting_table":5,"minecraft:short_grass":11,"minecraft:chest":1,"minecraft:dead_bush":3,"minecraft:glass":14,"minecraft:copper_ore":16,"minecraft:cobblestone":9,"minecraft:cyan_bed":1,"minecraft:lapis_ore":27,"minecraft:sugar_cane":28,"minecraft:oak_planks":11,"minecraft:diorite":3,"minecraft:smooth_sandstone_slab":1,"minecraft:cactus":10,"minecraft:oak_log":6,"minecraft:coal_ore":68,"minecraft:cocoa":12,"minecraft:sand":221,"minecraft:dirt":17,"minecraft:oak_leaves":19,"minecraft:fern":3},"minecraft:broken":{"minecraft:stone_pickaxe":1,"minecraft:iron_pickaxe":3,"minecraft:wooden_axe":2,"minecraft:stone_shovel":1},"minecraft:killed":{"minecraft:spider":5,"minecraft:skeleton":14,"minecraft:chicken":4,"minecraft:drowned":1,"minecraft:husk":4,"minecraft:pig":7,"minecraft:creeper":2,"minecraft:sheep":6,"minecraft:zombie":5,"minecraft:cow":3},"minecraft:custom":{"minecraft:mob_kills":51,"minecraft:interact_with_crafting_table":35,"minecraft:leave_game":3,"minecraft:time_since_death":141373,"minecraft:climb_one_cm":31610,"minecraft:sprint_one_cm":448057,"minecraft:walk_one_cm":471692,"minecraft:damage_blocked_by_shield":500,"minecraft:drop":32,"minecraft:talked_to_villager":5,"minecraft:play_time":257621,"minecraft:deaths":1,"minecraft:sneak_time":9684,"minecraft:walk_under_water_one_cm":16642,"minecraft:jump":4055,"minecraft:walk_on_water_one_cm":16603,"minecraft:total_world_time":257621,"minecraft:interact_with_furnace":24,"minecraft:pot_flower":1,"minecraft:sleep_in_bed":3,"minecraft:time_since_rest":121376,"minecraft:damage_taken":1478,"minecraft:damage_dealt":7752,"minecraft:swim_one_cm":8534,"minecraft:fly_one_cm":908069,"minecraft:open_chest":74,"minecraft:crouch_one_cm":40870,"minecraft:interact_with_smoker":2,"minecraft:fall_one_cm":95995,"minecraft:inspect_dispenser":1,"minecraft:horse_one_cm":6229},"minecraft:dropped":{"minecraft:water_bucket":1,"minecraft:bread":1,"minecraft:cooked_beef":5,"minecraft:cooked_porkchop":7,"minecraft:stick":4,"minecraft:dirt":370,"minecraft:sand":5,"minecraft:spruce_sapling":1,"minecraft:bone":12,"minecraft:sugar_cane":4,"minecraft:oak_trapdoor":3,"minecraft:smooth_sandstone_stairs":3,"minecraft:cooked_mutton":4,"minecraft:carrot":76,"minecraft:potato":55},"minecraft:picked_up":{"minecraft:cocoa_beans":30,"minecraft:crafting_table":5,"minecraft:sandstone_slab":4,"minecraft:chicken":4,"minecraft:oak_trapdoor":11,"minecraft:string":13,"minecraft:raw_copper":51,"minecraft:bucket":1,"minecraft:beef":9,"minecraft:cobblestone_slab":17,"minecraft:iron_pickaxe":3,"minecraft:minecart":2,"minecraft:chest":1,"minecraft:sugar_cane":68,"minecraft:egg":1,"minecraft:furnace":2,"minecraft:stick":86,"minecraft:raw_iron":96,"minecraft:sandstone":136,"minecraft:jungle_door":1,"minecraft:composter":4,"minecraft:torch":41,"minecraft:green_bed":3,"minecraft:sandstone_wall":37,"minecraft:porkchop":13,"minecraft:diorite":4,"minecraft:carrot":77,"minecraft:redstone":6,"minecraft:stone_pressure_plate":1,"minecraft:smooth_sandstone_slab":14,"minecraft:rotten_flesh":30,"minecraft:arrow":15,"minecraft:stone_sword":1,"minecraft:cactus":19,"minecraft:sandstone_stairs":2,"minecraft:bone_block":10,"minecraft:cobblestone":485,"minecraft:mutton":11,"minecraft:rail":138,"minecraft:white_wool":5,"minecraft:feather":6,"minecraft:water_bucket":1,"minecraft:andesite":40,"minecraft:jungle_log":10,"minecraft:cut_sandstone":2,"minecraft:leather":4,"minecraft:smoker":2,"minecraft:potato":58,"minecraft:smooth_sandstone_stairs":3,"minecraft:oak_log":7,"minecraft:cobblestone_wall":11,"minecraft:gunpowder":2,"minecraft:lapis_lazuli":175,"minecraft:dirt":477,"minecraft:smooth_sandstone":17,"minecraft:glass":116,"minecraft:bone":18,"minecraft:apple":1,"minecraft:bow":1,"minecraft:wheat_seeds":5,"minecraft:bamboo":9,"minecraft:oak_planks":31,"minecraft:oak_slab":53,"minecraft:pumpkin":11,"minecraft:jungle_planks":6,"minecraft:sand":220,"minecraft:spruce_sapling":1,"minecraft:white_bed":1,"minecraft:cyan_bed":1,"minecraft:chiseled_sandstone":1,"minecraft:spider_eye":1,"minecraft:sugar":3,"minecraft:diamond":6,"minecraft:granite":8,"minecraft:bone_meal":27,"minecraft:bread":176,"minecraft:oak_sapling":2,"minecraft:black_wool":1,"minecraft:coal":68},"minecraft:crafted":{"minecraft:oak_planks":176,"minecraft:stone_shovel":3,"minecraft:furnace":3,"minecraft:bone_meal":480,"minecraft:cooked_mutton":11,"minecraft:oak_trapdoor":8,"minecraft:glass":64,"minecraft:ladder":48,"minecraft:stone_pickaxe":1,"minecraft:chest":2,"minecraft:rail":64,"minecraft:minecart":2,"minecraft:smoker":1,"minecraft:cooked_beef":9,"minecraft:oak_slab":210,"minecraft:cooked_porkchop":13,"minecraft:crafting_table":2,"minecraft:wooden_pickaxe":1,"minecraft:bucket":1,"minecraft:stone_axe":1,"minecraft:air":0,"minecraft:jungle_planks":40,"minecraft:oak_boat":2,"minecraft:shield":1,"minecraft:stick":64,"minecraft:iron_ingot":96,"minecraft:iron_pickaxe":2,"minecraft:wooden_axe":2,"minecraft:sandstone":18,"minecraft:white_bed":1,"minecraft:composter":5,"minecraft:torch":84},"minecraft:used":{"minecraft:oak_trapdoor":10,"minecraft:stone_shovel":153,"minecraft:ladder":33,"minecraft:chest":3,"minecraft:shield":18,"minecraft:torch":56,"minecraft:dirt":91,"minecraft:carrot":1,"minecraft:glass":124,"minecraft:wooden_axe":95,"minecraft:smooth_sandstone":7,"minecraft:furnace":4,"minecraft:minecart":2,"minecraft:cooked_beef":4,"minecraft:potato":3,"minecraft:cooked_mutton":7,"minecraft:water_bucket":3,"minecraft:stone_pickaxe":131,"minecraft:oak_planks":11,"minecraft:wooden_pickaxe":30,"minecraft:sandstone":3,"minecraft:composter":9,"minecraft:green_bed":4,"minecraft:sand":52,"minecraft:rail":138,"minecraft:oak_slab":154,"minecraft:crafting_table":7,"minecraft:white_bed":2,"minecraft:smoker":3,"minecraft:bread":20,"minecraft:cyan_bed":2,"minecraft:iron_pickaxe":745,"minecraft:stone_axe":76,"minecraft:cobblestone":31,"minecraft:cooked_porkchop":6,"minecraft:jungle_door":1,"minecraft:andesite":10,"minecraft:bucket":3,"minecraft:bone_meal":252}},"DataVersion":3953}