{"stats":{"minecraft:dropped":{"xycraft_world:xychorium_gem_dark":14,"alltheores:raw_silver":9,"minecraft:lapis_lazuli":21,"minecraft:oak_log":3,"minecraft:chorus_fruit":8,"minecraft:dark_oak_sapling":16,"exdeorum:zinc_ore_chunk":158,"exdeorum:copper_ore_chunk":148,"constructionwand:stone_wand":2,"minecraft:leather":1,"everlastingabilities:ability_totem":1,"minecraft:host_armor_trim_smithing_template":3,"minecraft:sentry_armor_trim_smithing_template":1,"minecraft:light_weighted_pressure_plate":9,"reliquary:chelicerae":1,"minecraft:flint":302,"exdeorum:gold_ore_chunk":14,"minecraft:cyan_terracotta":12,"minecraft:dirt":1,"exdeorum:dust":96,"exdeorum:compressed_stone_hammer":7,"minecraft:amethyst_shard":76,"exdeorum:granite_pebble":1,"minecraft:gold_nugget":5,"minecraft:bone_meal":36,"minecraft:sand":460,"minecraft:iron_pickaxe":1,"exdeorum:wooden_watering_can":1,"ars_nouveau:wilden_horn":1,"exdeorum:lead_ore_chunk":236,"minecraft:gold_ingot":48,"enderio:grains_of_infinity":48,"minecraft:bone":4,"xycraft_world:xychorium_gem_light":19,"minecraft:gravel":1037,"minecraft:stone_axe":2,"minecraft:sugar_cane":1,"minecraft:ancient_debris":19,"minecraft:iron_nugget":14,"minecraft:pointed_dripstone":42,"minecraft:birch_sapling":16,"xycraft_world:xychorium_gem_blue":9,"minecraft:cherry_sapling":16,"minecraft:rotten_flesh":44,"minecraft:oak_planks":54,"minecraft:glowstone_dust":1,"exdeorum:silver_ore_chunk":9,"mekanism:basic_universal_cable":5,"ae2:sky_dust":31,"minecraft:echo_shard":3,"supplementaries:ash":5,"mysticalagriculture:inferium_essence":15,"minecraft:acacia_sapling":16,"reliquary:catalyzing_gland":1,"forbidden_arcanus:arcane_crystal":9,"silentgear:leather_scrap":5,"minecraft:enchanted_book":1,"mekanism:fluorite_gem":9,"minecraft:iron_ingot":4,"minecraft:oak_slab":2,"xycraft_world:xychorium_gem_green":12,"minecraft:wheat_seeds":2,"minecraft:chorus_flower":1,"allthecompressed:cobblestone_1x":101,"minecraft:prismarine_shard":4,"minecraft:lead":4,"minecraft:iron_helmet":1,"minecraft:cobblestone":1977,"minecraft:prismarine_crystals":4,"forcecraft:pile_of_gunpowder":1,"minecraft:spectral_arrow":45,"exdeorum:iron_ore_chunk":21,"exdeorum:osmium_ore_chunk":11,"minecraft:stick":9,"minecraft:blue_dye":2,"exdeorum:random_pottery_sherd":1,"minecraft:golden_carrot":9,"minecraft:torch":2,"minecraft:green_dye":2,"exdeorum:silk_worm":1,"alltheores:copper_ore_hammer":1,"tombstone:grave_dust":2,"minecraft:iron_leggings":1,"minecraft:dead_bush":6,"minecraft:cactus":14,"minecraft:string":20,"exdeorum:stone_pebble":1,"minecraft:bucket":1,"minecraft:spruce_sapling":16,"minecraft:redstone":6,"minecraft:kelp":2,"minecraft:netherite_ingot":4,"minecraft:stone_sword":1,"minecraft:wild_armor_trim_smithing_template":3,"minecraft:raw_iron":5,"exmachinis:gold_upgrade":1,"minecraft:iron_boots":1,"minecraft:oak_sign":1,"minecraft:copper_ore":1,"xycraft_world:xychorium_gem_red":14,"minecraft:potato":7,"exdeorum:nickel_ore_chunk":181,"pipez:item_pipe":4,"exdeorum:tin_ore_chunk":15,"botania:green_double_flower":1,"minecraft:iron_chestplate":1,"minecraft:bundle":1,"forcecraft:force_gem":32,"exdeorum:aluminum_ore_chunk":240,"minecraft:oak_sapling":18,"minecraft:spider_eye":12,"minecraft:raw_gold":3,"minecraft:magma_cream":2,"pipez:wrench":2,"ae2:certus_quartz_crystal":3},"minecraft:picked_up":{"exdeorum:dust":915,"minecraft:nether_brick_fence":2,"allthecompressed:cobblestone_2x":12,"minecraft:prismarine_shard":4,"cobblefordays:tier_5":1,"minecraft:lead":6,"botania:black_double_flower":1,"exdeorum:iron_ore_chunk":46,"minecraft:nether_brick":25,"botania:light_blue_double_flower":1,"minecraft:string":190,"minecraft:netherite_ingot":4,"minecraft:beetroot":32,"mysticalagriculture:inferium_essence":14,"minecraft:gold_nugget":38,"mekanism:basic_universal_cable":8,"wstweaks:fragment":31,"minecraft:golden_helmet":1,"minecraft:stick":5,"botania:cyan_double_flower":1,"minecraft:torch":7,"tombstone:grave_dust":1,"minecraft:pointed_dripstone":34,"minecraft:golden_chestplate":1,"pipez:wrench":1,"minecraft:stone_sword":1,"minecraft:cactus":79,"silentgear:leather_scrap":5,"minecraft:rotten_flesh":30,"exdeorum:tin_ore_chunk":17,"supplementaries:ash":5,"minecraft:host_armor_trim_smithing_template":2,"minecraft:obsidian":20,"minecraft:cobblestone":626,"exdeorum:osmium_ore_chunk":12,"exdeorum:stone_barrel":1,"minecraft:potato":32,"minecraft:flint":182,"minecraft:lapis_lazuli":21,"exdeorum:nickel_ore_chunk":17,"minecraft:dirt":4,"minecraft:bone":9,"minecraft:wheat_seeds":1,"botania:pink_mystical_flower":1,"minecraft:raw_gold":41,"everlastingabilities:ability_totem":2,"forcecraft:pile_of_gunpowder":1,"minecraft:glowstone_dust":1,"minecraft:bamboo":16,"minecraft:oak_planks":4,"mekanism:metallurgic_infuser":5,"botania:yellow_double_flower":1,"botania:pink_double_flower":2,"ae2:certus_quartz_crystal":3,"exdeorum:flint_mesh":3,"minecraft:sand":1636,"exdeorum:crushed_end_stone":14,"minecraft:dead_bush":4,"minecraft:spectral_arrow":45,"alltheores:osmium_ore":37,"minecraft:bundle":1,"alltheores:raw_nickel":16,"minecraft:clay":114,"minecraft:diamond":1,"cobblefordays:tier_2":2,"exdeorum:copper_ore_chunk":20,"minecraft:emerald":18,"minecraft:oak_sapling":19,"minecraft:chorus_fruit":1,"minecraft:netherrack":8,"farmingforblockheads:market":4,"exdeorum:gold_ore_chunk":15,"functionalstorage:oak_1":5,"minecraft:splash_potion":1,"exdeorum:oak_barrel":7,"exdeorum:string_mesh":13,"exdeorum:granite_pebble":1,"exdeorum:golden_mesh":1,"reliquary:chelicerae":1,"minecraft:blackstone":55,"exdeorum:zinc_ore_chunk":11,"minecraft:iron_nugget":45,"exdeorum:compressed_stone_hammer":3,"minecraft:sugar_cane":20,"minecraft:chest":6,"minecraft:birch_sapling":16,"sophisticatedstorage:iron_chest":1,"minecraft:phantom_membrane":1,"minecraft:copper_ore":46,"minecraft:egg":5,"minecraft:dark_oak_sapling":16,"minecraft:raw_iron":46,"reliquary:catalyzing_gland":1,"minecraft:end_stone":833,"exdeorum:porcelain_crucible":3,"pipez:item_pipe":21,"sophisticatedbackpacks:backpack":1,"minecraft:fire_charge":1,"minecraft:carrot":32,"minecraft:redstone":4,"exmachinis:flux_sieve":3,"minecraft:prismarine_crystals":2,"exdeorum:silk_worm":12,"botania:lime_mystical_flower":1,"minecraft:nether_bricks":4,"exmachinis:gold_upgrade":3,"minecraft:hay_block":16,"minecraft:gold_ingot":16,"botania:green_mystical_flower":2,"botania:magenta_double_flower":1,"exdeorum:random_pottery_sherd":1,"minecraft:leather":8,"botania:green_double_flower":1,"minecraft:oak_log":89,"minecraft:ancient_debris":20,"botania:light_blue_mystical_flower":1,"botania:black_mystical_flower":1,"minecraft:apple":32,"minecraft:stone_bricks":1,"minecraft:kelp":2,"minecraft:wild_armor_trim_smithing_template":2,"thermal:machine_crucible":1,"exdeorum:stone_pebble":1,"minecraft:iron_ingot":3,"minecraft:acacia_sapling":16,"minecraft:soul_sand":9,"minecraft:green_dye":1,"minecraft:oak_slab":20,"exdeorum:lead_ore_chunk":13,"allthecompressed:gravel_1x":1,"minecraft:gravel":2017,"minecraft:lava_bucket":1,"minecraft:amethyst_shard":12,"minecraft:spruce_sapling":16,"minecraft:white_bed":1,"forcecraft:recovery_heart":1,"minecraft:gold_ore":16,"exdeorum:silver_ore_chunk":9,"minecraft:crying_obsidian":2,"minecraft:spider_eye":7,"mekanismgenerators:wind_generator":1,"exdeorum:aluminum_ore_chunk":20,"mekanism:advanced_universal_cable":7,"minecraft:stone_axe":1,"botania:orange_mystical_flower":1,"mekanism:fluorite_gem":2,"minecraft:cherry_sapling":16,"alltheores:raw_silver":9,"minecraft:oak_button":1,"tombstone:magic_scroll":2,"botania:brown_mystical_flower":1,"minecraft:coal":41,"minecraft:hopper":5,"alltheores:copper_ore_hammer":1},"minecraft:broken":{"constructionwand:stone_wand":3,"exdeorum:crook":4},"minecraft:custom":{"lootr:looted_stat":11,"minecraft:animals_bred":1,"minecraft:eat_cake_slice":1,"minecraft:leave_game":2,"minecraft:time_since_death":65483,"minecraft:damage_resisted":182,"minecraft:sprint_one_cm":933173,"minecraft:damage_blocked_by_shield":595,"minecraft:drop":414,"minecraft:talked_to_villager":11,"minecraft:play_time":493261,"minecraft:deaths":6,"minecraft:jump":3472,"minecraft:walk_on_water_one_cm":6484,"minecraft:interact_with_furnace":223,"minecraft:traded_with_villager":6,"minecraft:sleep_in_bed":24,"minecraft:waystone_activated":1,"minecraft:damage_dealt":12692,"minecraft:crouch_one_cm":49633,"tombstone:undead_killed":32,"tombstone:villager_killed":3,"minecraft:use_cauldron":1,"minecraft:interact_with_smithing_table":4,"minecraft:mob_kills":61,"minecraft:inspect_hopper":92,"minecraft:damage_dealt_resisted":0,"minecraft:walk_one_cm":884566,"gateways:gates_defeated":1,"minecraft:sneak_time":23425,"minecraft:walk_under_water_one_cm":4416,"minecraft:total_world_time":493261,"tombstone:raider_killed":3,"minecraft:time_since_rest":11232,"minecraft:damage_taken":12747,"minecraft:damage_absorbed":80,"minecraft:use_wand":507,"tombstone:cast_on_ally":0,"minecraft:fly_one_cm":602560,"minecraft:open_chest":1413,"minecraft:fall_one_cm":441841},"minecraft:mined":{"mekanismgenerators:wind_generator":1,"minecraft:white_bed":1,"mekanism:advanced_universal_cable":6,"allthecompressed:cobblestone_2x":12,"botania:pink_double_flower":2,"botania:black_double_flower":1,"minecraft:hopper":5,"allthecompressed:sand_1x":101,"minecraft:iron_ore":40,"minecraft:fire":4,"botania:brown_mystical_flower":1,"thermal:machine_crucible":1,"botania:light_blue_mystical_flower":1,"alltheores:nickel_ore":16,"botania:green_mystical_flower":2,"botania:orange_mystical_flower":1,"minecraft:torch":3,"botania:green_double_flower":1,"minecraft:chest":6,"minecraft:cobblestone":209,"minecraft:oak_planks":5,"minecraft:sugar_cane":3,"botania:black_mystical_flower":1,"cobblefordays:tier_2":2,"exdeorum:dust":2,"exdeorum:stone_barrel":1,"minecraft:oak_log":66,"exdeorum:oak_barrel":8,"minecraft:sand":7,"minecraft:dirt":4,"allthecompressed:cobblestone_1x":289,"mekanism:basic_universal_cable":8,"minecraft:ancient_debris":1,"minecraft:oak_leaves":64,"botania:magenta_double_flower":1,"sophisticatedstorage:iron_chest":1,"minecraft:end_stone":805,"functionalstorage:oak_1":5,"minecraft:nether_bricks":5,"botania:cyan_double_flower":1,"minecraft:nether_brick_fence":2,"alltheores:silver_ore":9,"botania:light_blue_double_flower":1,"exdeorum:porcelain_crucible":3,"farmingforblockheads:market":4,"minecraft:oak_slab":19,"botania:lime_mystical_flower":1,"exdeorum:infested_leaves":403,"pipez:item_pipe":17,"exmachinis:flux_sieve":3,"cobblefordays:tier_5":1,"botania:yellow_double_flower":1,"allthecompressed:gravel_1x":88,"mekanism:metallurgic_infuser":5,"botania:pink_mystical_flower":1,"minecraft:cactus":56,"minecraft:ice":1,"minecraft:gravel":50,"minecraft:stone_bricks":1,"minecraft:gold_ore":38},"minecraft:used":{"minecraft:oak_sign":2,"rftoolspower:coalgenerator":1,"minecraft:chest":10,"minecraft:shield":34,"minecraft:iron_sword":1,"botania:magenta_double_flower":1,"allthecompressed:cobblestone_1x":164,"pickletweaks:emerald_pickaxe":1002,"mekanism:basic_universal_cable":9,"minecraft:obsidian":14,"minecraft:lava_bucket":4,"mekanismgenerators:wind_generator":2,"botania:cyan_double_flower":1,"minecraft:stone_bricks":2,"silentgear:golden_nether_banana":3,"pipez:item_pipe":21,"minecraft:oak_sapling":12,"minecraft:egg":2,"mekanism:advanced_universal_cable":7,"silentgear:nether_banana":5,"minecraft:chorus_fruit":2,"minecraft:stone_pickaxe":37,"minecraft:oak_planks":8,"minecraft:cactus":25,"botania:orange_mystical_flower":1,"minecraft:sugar_cane":1,"tombstone:scroll_of_true_sight":1,"minecraft:golden_apple":2,"minecraft:sand":7,"minecraft:netherite_leggings":1,"alltheores:nickel_ore":16,"botania:fertilizer":2,"croptopia:scrambled_eggs":1,"pickletweaks:emerald_sword":172,"minecraft:end_stone":14,"mekanism:superheating_element":1,"waystones:waystone":1,"exdeorum:oak_barrel":7,"mekanism:metallurgic_infuser":5,"botania:yellow_double_flower":1,"exmachinis:flux_hammer":1,"croptopia:toast":2,"minecraft:fire_charge":1,"minecraft:wooden_sword":4,"functionalstorage:oak_1":5,"minecraft:smithing_table":1,"exdeorum:compressed_stone_hammer":477,"minecraft:ice":1,"exmachinis:flux_sieve":4,"exdeorum:mycelium_spores":1,"cookingforblockheads:sink":1,"thermal:machine_crucible":2,"minecraft:stone_sword":58,"minecraft:flint_and_steel":2,"farmingforblockheads:market":5,"exdeorum:crook":476,"gateways:gate_pearl":1,"minecraft:torch":9,"exdeorum:witch_water_bucket":7,"minecraft:dirt":21,"minecraft:ancient_debris":1,"minecraft:hopper":6,"cobblefordays:tier_2":2,"alltheores:silver_ore":9,"exdeorum:silk_worm":6,"supplementaries:pedestal":1,"cobblefordays:tier_5":1,"minecraft:iron_axe":13,"botania:pink_mystical_flower":1,"exdeorum:porcelain_crucible":3,"minecraft:golden_carrot":30,"exdeorum:stone_hammer":142,"tombstone:gift":5,"botania:lime_mystical_flower":1,"minecraft:pointed_dripstone":6,"exdeorum:oak_sieve":16,"minecraft:water_bucket":64,"tombstone:scroll_of_knowledge":1,"minecraft:iron_ore":40,"minecraft:cauldron":3,"minecraft:gold_ore":38,"minecraft:oak_slab":37,"constructionwand:stone_wand":91,"botania:light_blue_mystical_flower":1,"minecraft:white_bed":1,"tombstone:bag_of_seeds":3,"exdeorum:stone_barrel":4,"exdeorum:dust":2,"minecraft:oak_log":1,"minecraft:apple":51,"allthecompressed:sand_1x":101,"minecraft:iron_pickaxe":9,"allthecompressed:gravel_1x":74,"tombstone:magic_scroll":6,"exdeorum:end_cake":1,"minecraft:stone_axe":86,"minecraft:cobblestone":328,"sophisticatedstorage:iron_chest":3,"minecraft:bucket":72,"minecraft:splash_potion":1},"minecraft:crafted":{"minecraft:oak_planks":384,"gateways:gate_pearl":1,"pipez:wrench":2,"minecraft:oak_sign":3,"minecraft:blaze_powder":7,"alltheores:lead_ingot":0,"pipez:item_pipe":16,"waystones:waystone":1,"minecraft:sand":1,"croptopia:toast":0,"minecraft:stone":0,"projecte:high_covalence_dust":40,"projecte:repair_talisman":1,"alltheores:osmium_ore":9,"thermal:machine_frame":1,"minecraft:iron_bars":16,"minecraft:green_dye":0,"alltheores:tin_ingot":0,"minecraft:glass":0,"minecraft:hopper":3,"minecraft:diamond_helmet":1,"minecraft:diamond_leggings":3,"minecraft:iron_boots":1,"alltheores:nickel_ore":16,"exmachinis:diamond_upgrade":2,"minecraft:cyan_terracotta":32,"allthecompressed:sand_1x":101,"minecraft:chest":9,"alltheores:invar_gear":2,"minecraft:netherite_upgrade_smithing_template":15,"minecraft:stone_bricks":1,"minecraft:ender_eye":3,"alltheores:steel_dust":15,"exdeorum:stone_hammer":29,"mekanism:energy_tablet":2,"thermal:machine_crucible":1,"minecraft:dropper":2,"rftoolspower:coalgenerator":1,"minecraft:oak_slab":114,"minecraft:emerald":2,"minecraft:cauldron":3,"minecraft:gold_ore":86,"minecraft:iron_helmet":1,"minecraft:gravel":2,"minecraft:smithing_table":1,"minecraft:red_wool":1,"minecraft:copper_ingot":0,"waystones:warp_stone":2,"alltheores:lead_ore":1,"minecraft:blaze_rod":1,"minecraft:iron_chestplate":1,"minecraft:paper":3,"minecraft:charcoal":0,"mekanism:steel_casing":1,"minecraft:shield":1,"exdeorum:flint_mesh":19,"constructionwand:stone_wand":6,"minecraft:light_weighted_pressure_plate":9,"minecraft:stick":20,"minecraft:stone_slab":6,"minecraft:iron_ingot":0,"minecraft:iron_pickaxe":1,"projecte:medium_covalence_dust":40,"minecraft:iron_block":4,"minecraft:stone_sword":1,"minecraft:iron_ore":155,"minecraft:gold_ingot":15,"exdeorum:oak_sieve":18,"farmingforblockheads:market":1,"minecraft:redstone_torch":4,"minecraft:netherite_ingot":11,"mekanism:advanced_universal_cable":8,"exmachinis:flux_sieve":1,"minecraft:golden_carrot":39,"pickletweaks:emerald_sword":1,"mekanism:basic_universal_cable":8,"mekanismgenerators:wind_generator":1,"rftoolsbase:machine_frame":1,"alltheores:lead_nugget":1,"sophisticatedstorage:iron_chest":2,"alltheores:gold_dust":38,"minecraft:furnace":1,"exmachinis:gold_upgrade":7,"alltheores:invar_dust":5,"exdeorum:diamond_mesh":1,"allthecompressed:cobblestone_1x":169,"minecraft:flint_and_steel":1,"minecraft:glass_pane":16,"allthecompressed:gravel_1x":72,"minecraft:terracotta":0,"minecraft:wither_skeleton_skull":3,"alltheores:tin_ore":16,"minecraft:iron_axe":1,"exdeorum:string_mesh":19,"minecraft:stone_pickaxe":1,"minecraft:diamond_boots":1,"alltheores:steel_ingot":0,"minecraft:netherite_scrap":0,"alltheores:tin_gear":1,"exdeorum:iron_mesh":1,"alltheores:nickel_dust":16,"minecraft:wheat":144,"minecraft:sugar":2,"minecraft:red_dye":0,"pickletweaks:emerald_pickaxe":1,"exdeorum:golden_mesh":1,"exdeorum:stone_barrel":3,"botania:fertilizer":2,"alltheores:osmium_ingot":0,"minecraft:cyan_dye":3,"exdeorum:diamond_hammer":1,"alltheores:invar_ingot":0,"minecraft:nether_bricks":6,"mekanism:superheating_element":1,"exdeorum:compressed_stone_hammer":3,"minecraft:copper_ore":13,"minecraft:bucket":2,"minecraft:stone_axe":1,"minecraft:air":1113,"minecraft:bread":48,"projecte:low_covalence_dust":40,"exdeorum:crook":12,"minecraft:blue_dye":17,"sophisticatedstorage:chest":2,"minecraft:white_wool":16,"minecraft:golden_apple":2,"minecraft:gold_nugget":358,"minecraft:blackstone":384,"exdeorum:end_cake":1,"minecraft:iron_leggings":1,"alltheores:iron_dust":59,"exmachinis:flux_hammer":1,"minecraft:torch":3,"cookingforblockheads:sink":1,"thermal:rf_coil":1,"minecraft:diamond_chestplate":1},"minecraft:killed_by":{"minecraft:zombie_villager":2,"minecraft:wither_skeleton":1},"minecraft:killed":{"minecraft:zombified_piglin":4,"minecraft:spider":12,"minecraft:zombie_villager":1,"minecraft:creeper":1,"farmingforblockheads:merchant":2,"minecraft:trader_llama":3,"minecraft:zombie":12,"minecraft:phantom":3,"forcecraft:creeper_tot":1,"minecraft:wandering_trader":3,"minecraft:hoglin":2,"minecraft:wither_skeleton":12}},"DataVersion":3465}