{"stats":{"minecraft:killed_by":{"minecraft:zombie_villager":2,"minecraft:wither_skeleton":2},"minecraft:killed":{"minecraft:shulker":1,"minecraft:skeleton":19,"minecraft:chicken":1,"minecraft:ender_dragon":1,"farmingforblockheads:merchant":2,"minecraft:zombie":24,"minecraft:wandering_trader":9,"minecraft:enderman":11,"minecraft:zombified_piglin":6,"minecraft:spider":23,"productivebees:configurable_bee":1,"minecraft:zombie_villager":1,"minecraft:creeper":7,"minecraft:sheep":1,"minecraft:trader_llama":11,"minecraft:blaze":56,"minecraft:phantom":3,"forcecraft:creeper_tot":3,"minecraft:hoglin":2,"minecraft:wither_skeleton":24},"minecraft:used":{"sophisticatedbackpacks:copper_backpack":2,"minecraft:elytra":1,"minecraft:chest":15,"mekanism:advanced_logistical_transporter":6,"rftoolspower:coalgenerator":1,"minecraft:stone":8,"botania:magenta_double_flower":1,"mekanism:basic_logistical_transporter":13,"fluxnetworks:flux_plug":1,"minecraft:soul_sand":4,"powah:thermo_generator_basic":1,"powah:energizing_rod_nitro":1,"powah:blazing_crystal_block":1,"minecraft:packed_ice":1,"minecraft:lava_bucket":16,"constructionwand:infinity_wand":42,"minecraft:copper_ore":13,"botania:cyan_double_flower":1,"minecraft:oak_sapling":12,"minecraft:egg":5,"mekanism:advanced_universal_cable":11,"powah:energy_cable_nitro":6,"tiab:time_in_a_bottle":35,"ars_nouveau:blue_archwood_sapling":2,"minecraft:chorus_fruit":2,"minecraft:cactus":25,"hostilenetworks:sim_chamber":1,"tombstone:scroll_of_true_sight":1,"minecraft:clay":5,"minecraft:golden_apple":2,"minecraft:sand":7,"pickletweaks:emerald_sword":181,"croptopia:scrambled_eggs":2,"powah:thermo_generator_blazing":1,"minecraft:black_concrete_powder":8,"botania:yellow_double_flower":1,"powah:charged_snowball":4,"industrialforegoing:dissolution_chamber":4,"minecraft:fire_charge":1,"powah:thermo_generator_hardened":1,"minecraft:wooden_sword":4,"botania:pure_daisy":1,"minecraft:smithing_table":1,"minecraft:ice":2,"exmachinis:flux_sieve":4,"productivetrees:sawmill":2,"minecraft:stone_sword":58,"minecraft:enchanting_table":3,"powah:energizing_orb":2,"powah:energizing_rod_starter":2,"farmingforblockheads:market":5,"exdeorum:crook":638,"minecraft:netherrack":1,"minecraft:anvil":2,"minecraft:torch":20,"exdeorum:witch_water_bucket":8,"minecraft:brewing_stand":1,"minecraft:ancient_debris":1,"alltheores:silver_ore":9,"minecraft:golden_shovel":1,"mekanism:ultimate_fluid_tank":3,"supplementaries:pedestal":1,"minecraft:iron_block":1,"minecraft:iron_axe":230,"botania:pink_mystical_flower":1,"sophisticatedstorage:diamond_chest":2,"minecraft:melon_seeds":1,"cobblefordays:tier_1":2,"forbidden_arcanus:orb_of_temporary_flight":1,"constructionwand:diamond_wand":1,"tombstone:gift":6,"minecraft:pointed_dripstone":6,"exdeorum:oak_sieve":16,"minecraft:water_bucket":76,"ars_nouveau:blue_archwood_leaves":1,"minecraft:cauldron":3,"minecraft:gold_ore":102,"minecraft:diamond_block":117,"minecraft:crafting_table":2,"minecraft:oak_slab":62,"powah:energizing_rod_blazing":3,"botania:light_blue_mystical_flower":1,"minecraft:white_bed":3,"minecraft:cake":2,"minecraft:oak_log":70,"minecraft:diamond_pickaxe":1265,"allthecompressed:sand_1x":101,"minecraft:iron_pickaxe":9,"allthecompressed:gravel_1x":138,"refinedstorage:crafting_grid":3,"tombstone:magic_scroll":6,"exdeorum:end_cake":4,"minecraft:potion":2,"minecraft:cobblestone":4528,"sophisticatedstorage:iron_chest":3,"powah:thermo_generator_starter":1,"minecraft:diamond_hoe":1,"minecraft:oak_sign":2,"alltheores:uranium_ore":1,"minecraft:shield":34,"minecraft:iron_sword":1,"allthecompressed:cobblestone_1x":228,"pickletweaks:emerald_pickaxe":1195,"mekanism:basic_universal_cable":15,"refinedstorage:controller":3,"minecraft:obsidian":15,"minecraft:glass":177,"powah:thermo_generator_spirited":1,"ironfurnaces:obsidian_furnace":3,"mekanismgenerators:wind_generator":2,"minecraft:stone_bricks":2,"silentgear:golden_nether_banana":3,"minecraft:magma_block":2,"pipez:item_pipe":31,"mekanism:ultimate_mechanical_pipe":11,"refinedstorage:disk_drive":3,"minecraft:wither_skeleton_skull":3,"silentgear:nether_banana":8,"minecraft:stone_pickaxe":37,"minecraft:oak_planks":14,"industrialforegoing:fluid_extractor":1,"minecraft:ender_pearl":2,"botania:orange_mystical_flower":1,"minecraft:sugar_cane":3,"alltheores:nickel_ore":67,"powah:thermo_generator_niotic":1,"minecraft:netherite_leggings":2,"botania:fertilizer":2,"minecraft:shears":1,"minecraft:end_stone":18,"powah:solar_panel_niotic":1,"mekanism:superheating_element":1,"waystones:waystone":2,"exdeorum:oak_barrel":7,"mekanism:metallurgic_infuser":5,"utilitix:experience_crystal":2,"exmachinis:flux_hammer":1,"croptopia:toast":71,"minecraft:grindstone":1,"functionalstorage:oak_1":5,"exdeorum:compressed_stone_hammer":606,"exdeorum:mycelium_spores":1,"cookingforblockheads:sink":3,"powah:energizing_rod_spirited":1,"minecraft:trident":11,"thermal:machine_crucible":2,"minecraft:netherite_sword":532,"minecraft:flint_and_steel":2,"mekanism:configurator":85,"powah:energy_cable_basic":3,"thermal:device_rock_gen":1,"gateways:gate_pearl":1,"minecraft:dirt":27,"minecraft:hopper":6,"cobblefordays:tier_2":3,"exdeorum:silk_worm":9,"cobblefordays:tier_5":2,"minecraft:bookshelf":15,"exdeorum:porcelain_crucible":3,"minecraft:emerald_block":66,"exdeorum:stone_hammer":206,"minecraft:golden_carrot":30,"minecraft:netherite_pickaxe":331,"botania:lime_mystical_flower":1,"minecraft:enchanted_golden_apple":1,"pipez:fluid_pipe":3,"tombstone:scroll_of_knowledge":2,"minecraft:iron_ore":109,"minecraft:snow_block":3,"fluxnetworks:flux_point":7,"minecraft:netherite_chestplate":1,"industrialforegoing:stasis_chamber":1,"minecraft:beacon":3,"industrialforegoing:latex_processing_unit":2,"constructionwand:stone_wand":99,"exdeorum:stone_barrel":4,"tombstone:bag_of_seeds":5,"exdeorum:dust":2,"minecraft:apple":51,"ars_nouveau:source_jar":1,"productivebees:obsidian_nest":1,"allthecompressed:end_stone_1x":1,"hyperbox:hyperbox":1,"minecraft:stone_axe":86,"powah:energizing_rod_basic":5,"powah:thermo_generator_nitro":1,"hostilenetworks:loot_fabricator":2,"minecraft:bucket":94,"minecraft:splash_potion":1},"minecraft:crafted":{"minecraft:black_dye":2,"gateways:gate_pearl":1,"minecraft:smooth_stone":0,"pipez:wrench":3,"minecraft:oak_sign":3,"mekanism:configurator":1,"alltheores:constantan_ingot":0,"fluxnetworks:flux_plug":1,"minecraft:blaze_powder":49,"pipez:item_pipe":16,"waystones:waystone":1,"croptopia:toast":0,"hostilenetworks:blank_data_model":1,"projecte:repair_talisman":3,"minecraft:nether_brick":0,"minecraft:bookshelf":15,"ironfurnaces:diamond_furnace":3,"refinedstorage:64k_storage_part":1,"thermal:machine_frame":1,"minecraft:iron_bars":32,"minecraft:glass":0,"minecraft:quartz_block":9,"minecraft:diamond_helmet":1,"minecraft:repeater":4,"minecraft:diamond_leggings":3,"refinedstorage:crafting_grid":1,"minecraft:beacon":1,"refinedstorage:grid":1,"alltheores:iron_gear":2,"allthecompressed:sand_1x":101,"powah:capacitor_nitro":2,"refinedstorage:processor_binding":264,"mekanism:elite_mechanical_pipe":16,"mekanism:energy_tablet":3,"powah:thermoelectric_plate":15,"refinedstorage:raw_advanced_processor":7,"minecraft:glass_bottle":13,"powah:capacitor_spirited":2,"powah:capacitor_basic_large":8,"minecraft:deepslate":0,"minecraft:emerald":2,"tiab:time_in_a_bottle":1,"refinedstorage:storage_housing":2,"minecraft:gravel":2,"minecraft:smithing_table":1,"ars_nouveau:source_jar":1,"hostilenetworks:deep_learner":1,"minecraft:clock":1,"minecraft:copper_ingot":0,"industrialforegoing:dissolution_chamber":1,"minecraft:green_stained_glass":8,"waystones:warp_stone":2,"powah:steel_energized":2,"minecraft:blaze_rod":2,"thermal:redstone_servo":1,"industrialforegoing:fluid_extractor":1,"exdeorum:flint_mesh":19,"constructionwand:stone_wand":6,"minecraft:stone_slab":6,"allthecompressed:end_stone_1x":1,"minecraft:iron_pickaxe":1,"projecte:medium_covalence_dust":40,"minecraft:iron_block":16,"minecraft:gold_ingot":24,"mekanism:advanced_fluid_tank":1,"farmingforblockheads:market":1,"minecraft:netherite_ingot":68,"refinedstorage:machine_casing":3,"shrink:shrinking_device":1,"alltheores:constantan_gear":1,"powah:capacitor_blazing":4,"powah:capacitor_basic_tiny":12,"mekanism:basic_logistical_transporter":88,"mekanism:advanced_universal_cable":8,"minecraft:golden_carrot":39,"pickletweaks:emerald_sword":1,"powah:dielectric_casing":11,"minecraft:iron_nugget":1,"silentgear:leather_scrap":126,"minecraft:diamond_hoe":1,"minecraft:experience_bottle":3,"minecraft:cobbled_deepslate":17,"exmachinis:gold_upgrade":7,"minecraft:bone_meal":6,"allthecompressed:cobblestone_1x":233,"allthecompressed:gravel_1x":136,"alltheores:copper_ore_hammer":2,"ironfurnaces:emerald_furnace":3,"alltheores:uranium_ingot":0,"minecraft:wither_skeleton_skull":7,"minecraft:terracotta":0,"minecraft:diamond":972,"alltheores:diamond_gear":10,"alltheores:tin_ore":16,"minecraft:black_concrete_powder":8,"minecraft:stone_pickaxe":1,"mob_grinding_utils:mob_swab":1,"minecraft:diamond_boots":1,"alltheores:constantan_dust":88,"alltheores:steel_ingot":0,"minecraft:redstone_block":257,"exdeorum:iron_mesh":1,"alltheores:nickel_dust":68,"ars_nouveau:vitalic_sourcelink":1,"minecraft:wheat":144,"industrialforegoing:laser_drill":1,"powah:dielectric_paste":65,"exdeorum:golden_mesh":1,"constructionwand:diamond_wand":1,"simplemagnets:basicmagnet":1,"alltheores:osmium_ingot":0,"exdeorum:diamond_hammer":1,"everlastingabilities:ability_bottle":1,"minecraft:enchanting_table":1,"alltheores:invar_ingot":0,"sophisticatedbackpacks:gold_backpack":1,"exdeorum:compressed_stone_hammer":3,"refinedstorage:raw_improved_processor":12,"projecte:low_covalence_dust":40,"cobblefordays:tier_3":1,"cobblefordays:tier_5":1,"exdeorum:crook":12,"hostilenetworks:prediction_matrix":3,"minecraft:golden_apple":2,"refinedstorage:raw_basic_processor":70,"industrialforegoing:latex_processing_unit":1,"minecraft:blackstone":1842,"exdeorum:end_cake":4,"mekanism:advanced_mechanical_pipe":16,"forbidden_arcanus:arcane_crystal_dust":64,"minecraft:iron_leggings":1,"mekanism:basic_mechanical_pipe":16,"powah:capacitor_basic":36,"refinedstorage:improved_processor":0,"thermal:device_rock_gen":1,"utilitix:experience_crystal":1,"industrialforegoing:plastic":0,"forcecraft:force_rod":1,"hostilenetworks:sim_chamber":1,"industrialforegoing:marine_fisher":1,"minecraft:grindstone":1,"minecraft:oak_planks":538,"ars_nouveau:archwood_planks":32,"sophisticatedstorage:gold_chest":2,"alltheores:lead_ingot":0,"alltheores:copper_dust":44,"mekanism:ultimate_mechanical_pipe":16,"alltheores:iron_ore_hammer":1,"minecraft:sand":1,"refinedstorage:controller":1,"minecraft:stone":0,"alltheores:uranium_ore":9,"projecte:high_covalence_dust":40,"fluxnetworks:flux_point":4,"pipez:fluid_pipe":16,"alltheores:osmium_ore":9,"minecraft:green_dye":1,"alltheores:tin_ingot":0,"productivetrees:sawmill":2,"minecraft:hopper":3,"minecraft:iron_boots":1,"alltheores:nickel_ore":16,"refinedstorage:4k_storage_part":16,"mekanism:ultimate_universal_cable":24,"exmachinis:diamond_upgrade":2,"minecraft:comparator":2,"hostilenetworks:loot_fabricator":1,"minecraft:cyan_terracotta":32,"minecraft:chest":12,"minecraft:copper_block":5,"powah:energizing_rod_basic":1,"mekanism:basic_fluid_tank":1,"alltheores:gold_gear":15,"alltheores:invar_gear":2,"minecraft:netherite_upgrade_smithing_template":330,"refinedstorage:disk_drive":1,"minecraft:ender_eye":19,"minecraft:stone_bricks":1,"alltheores:steel_dust":15,"exdeorum:stone_hammer":29,"powah:energizing_rod_hardened":1,"minecraft:ghast_tear":72,"powah:thermo_generator_nitro":1,"thermal:machine_crucible":1,"cobblefordays:tier_2":1,"fluxnetworks:flux_core":24,"minecraft:magma_block":1,"mekanism:advanced_logistical_transporter":72,"minecraft:dropper":2,"sophisticatedstorage:diamond_chest":2,"minecraft:oak_slab":114,"rftoolspower:coalgenerator":1,"industrialforegoing:ore_laser_base":1,"minecraft:cauldron":3,"minecraft:crafting_table":2,"powah:capacitor_niotic":2,"powah:thermo_generator_blazing":1,"minecraft:gold_ore":175,"minecraft:iron_helmet":1,"minecraft:silence_armor_trim_smithing_template":8,"ironfurnaces:obsidian_furnace":3,"minecraft:red_wool":1,"alltheores:bronze_ingot":4,"simplemagnets:advancedmagnet":1,"minecraft:gold_block":5,"minecraft:brewing_stand":1,"refinedstorage:basic_processor":0,"cobblefordays:tier_1":1,"alltheores:lead_ore":1,"minecraft:totem_of_undying":1,"minecraft:iron_chestplate":1,"minecraft:book":46,"minecraft:paper":243,"minecraft:charcoal":0,"minecraft:diamond_pickaxe":3,"minecraft:emerald_block":58,"minecraft:shield":1,"mekanism:steel_casing":1,"powah:capacitor_hardened":4,"minecraft:light_weighted_pressure_plate":10,"sophisticatedbackpacks:diamond_backpack":1,"minecraft:stick":48,"minecraft:iron_ingot":178,"minecraft:stone_sword":1,"minecraft:iron_ore":473,"exdeorum:oak_sieve":18,"minecraft:redstone_torch":18,"minecraft:shears":1,"exmachinis:flux_sieve":1,"powah:energizing_rod_blazing":1,"minecraft:redstone":255,"forcecraft:force_ingot":3,"mekanism:basic_universal_cable":8,"rftoolsbase:machine_frame":1,"minecraft:fishing_rod":1,"refinedstorage:16k_storage_disk":1,"mekanismgenerators:wind_generator":1,"ironfurnaces:gold_furnace":3,"refinedstorage:16k_storage_part":5,"alltheores:lead_nugget":1,"industrialforegoing:stasis_chamber":1,"sophisticatedstorage:iron_chest":4,"alltheores:gold_dust":148,"minecraft:furnace":1,"alltheores:invar_dust":5,"minecraft:stone_button":1,"minecraft:piston":12,"botania:blaze_block":3,"exdeorum:diamond_mesh":1,"hyperbox:hyperbox":1,"powah:thermo_generator_hardened":1,"refinedstorage:quartz_enriched_iron":78,"minecraft:enchanted_golden_apple":1,"ars_nouveau:archwood_slab":1,"minecraft:diamond_block":249,"minecraft:glass_pane":19,"minecraft:flint_and_steel":1,"refinedstorage:destruction_core":1,"refinedstorage:advanced_processor":0,"powah:crystal_spirited":1,"minecraft:leather":14,"minecraft:iron_axe":2,"exdeorum:string_mesh":19,"powah:thermo_generator_starter":1,"minecraft:slime_ball":1,"darkutils:charm_portal":1,"mekanism:elite_fluid_tank":1,"refinedstorage:silicon":0,"minecraft:netherite_scrap":0,"alltheores:tin_gear":1,"powah:dielectric_rod_horizontal":11,"xycraft_world:glass_viewer_rgb_white":4,"refinedstorage:1k_storage_part":60,"minecraft:glistering_melon_slice":1,"sophisticatedbackpacks:iron_backpack":1,"minecraft:magma_cream":3,"minecraft:sugar":11,"minecraft:red_dye":0,"pickletweaks:emerald_pickaxe":1,"constructionwand:infinity_wand":1,"forcecraft:force_nugget":9,"exdeorum:stone_barrel":3,"botania:fertilizer":2,"minecraft:cyan_dye":3,"powah:energizing_orb":2,"powah:thermo_generator_spirited":1,"minecraft:nether_bricks":6,"mekanism:superheating_element":1,"industrialforegoing:machine_frame_pity":8,"minecraft:golden_shovel":1,"ironfurnaces:augment_factory":3,"minecraft:copper_ore":26,"minecraft:bucket":17,"minecraft:stone_axe":1,"mekanism:ultimate_fluid_tank":1,"minecraft:air":2472,"minecraft:bread":48,"minecraft:blue_dye":17,"powah:dielectric_rod":29,"sophisticatedstorage:chest":4,"powah:thermo_generator_basic":1,"minecraft:white_wool":80,"powah:thermo_generator_niotic":1,"minecraft:gold_nugget":358,"minecraft:white_dye":2,"apotheosis:pickaxe_tome":36,"refinedstorage:construction_core":1,"minecraft:stonecutter":2,"minecraft:anvil":2,"alltheores:iron_dust":205,"exmachinis:flux_hammer":1,"minecraft:torch":7,"cookingforblockheads:sink":2,"thermal:rf_coil":1,"fluxnetworks:flux_block":1,"minecraft:diamond_chestplate":1,"cobblefordays:tier_4":1},"minecraft:dropped":{"xycraft_world:xychorium_gem_dark":49,"minecraft:lapis_lazuli":21,"minecraft:diamond":71,"minecraft:chorus_fruit":86,"minecraft:glass_bottle":2,"exdeorum:zinc_ore_chunk":473,"constructionwand:stone_wand":3,"everlastingabilities:ability_totem":8,"minecraft:silence_armor_trim_smithing_template":3,"minecraft:elytra":1,"minecraft:sentry_armor_trim_smithing_template":11,"minecraft:emerald":41,"minecraft:light_weighted_pressure_plate":18,"exdeorum:gold_ore_chunk":36,"minecraft:dirt":2,"ars_nouveau:blue_archwood_sapling":1,"exdeorum:dust":96,"exdeorum:granite_pebble":1,"minecraft:gold_nugget":8,"minecraft:wooden_sword":1,"minecraft:bone_meal":40,"minecraft:sand":460,"minecraft:iron_pickaxe":2,"exdeorum:wooden_watering_can":1,"minecraft:white_wool":1,"ars_nouveau:wilden_horn":1,"exdeorum:lead_ore_chunk":684,"minecraft:bone":114,"minecraft:stone_axe":2,"minecraft:sugar_cane":8,"sophisticatedbackpacks:advanced_magnet_upgrade":1,"minecraft:ancient_debris":19,"minecraft:iron_nugget":51,"minecraft:wheat":1,"minecraft:birch_sapling":16,"minecraft:obsidian":1003,"minecraft:netherite_sword":1,"xycraft_world:xychorium_gem_blue":40,"minecraft:rotten_flesh":61,"occultism:raw_iesnium":6,"minecraft:oak_planks":61,"minecraft:glowstone_dust":1,"fluxnetworks:flux_point":1,"minecraft:blaze_powder":192,"exdeorum:silver_ore_chunk":728,"minecraft:eye_armor_trim_smithing_template":9,"minecraft:echo_shard":28,"mekanism:bio_fuel":64,"minecraft:raiser_armor_trim_smithing_template":14,"mysticalagriculture:inferium_essence":45,"apotheosis:gem":3,"minecraft:acacia_sapling":16,"reliquary:catalyzing_gland":1,"forbidden_arcanus:arcane_crystal":29,"minecraft:end_stone_bricks":69,"minecraft:glass":1,"minecraft:enchanted_book":9,"mekanism:fluorite_gem":9,"minecraft:iron_ingot":25,"sophisticatedstorage:iron_chest":2,"thermal:onion_seeds":3,"xycraft_world:xychorium_gem_green":48,"minecraft:wheat_seeds":2,"minecraft:sculk_shrieker":4,"exdeorum:deepslate_pebble":48,"minecraft:netherite_chestplate":1,"minecraft:feather":1,"minecraft:prismarine_crystals":4,"minecraft:iron_helmet":2,"minecraft:cobblestone":3569,"refinedstorage:16k_storage_part":1,"everlastingabilities:ability_bottle":2,"minecraft:coal":1,"alltheores:uranium_ingot":1,"minecraft:golden_carrot":9,"exdeorum:silk_worm":1,"alltheores:copper_ore_hammer":1,"minecraft:dead_bush":6,"minecraft:smooth_stone":3,"minecraft:string":49,"minecraft:spruce_sapling":16,"ars_nouveau:caster_tome":1,"alltheores:nickel_dust":8,"minecraft:netherite_ingot":9,"oreberriesreplanted:iron_oreberry":3,"minecraft:stone_sword":2,"forbidden_arcanus:ender_pearl_fragment":9,"alltheores:constantan_ingot":8,"minecraft:clay_ball":1,"minecraft:iron_boots":1,"projecte:repair_talisman":3,"minecraft:nether_bricks":1,"minecraft:oak_sign":1,"xycraft_world:xychorium_gem_red":43,"minecraft:potato":7,"pipez:item_pipe":4,"minecraft:stone":34,"botania:green_double_flower":1,"minecraft:bundle":2,"exdeorum:aluminum_ore_chunk":624,"minecraft:barrel":2,"minecraft:spider_eye":65,"minecraft:bamboo":2,"minecraft:bow":3,"exdeorum:blackstone_pebble":2089,"mekanism:ingot_steel":2,"pipez:wrench":2,"minecraft:vex_armor_trim_smithing_template":9,"ae2:certus_quartz_crystal":5,"alltheores:raw_silver":9,"minecraft:oak_log":3,"minecraft:ender_pearl":6,"minecraft:dark_oak_sapling":16,"exdeorum:copper_ore_chunk":274,"minecraft:shaper_armor_trim_smithing_template":10,"minecraft:leather":10,"minecraft:host_armor_trim_smithing_template":10,"reliquary:chelicerae":7,"minecraft:flint":303,"minecraft:cyan_terracotta":12,"minecraft:mutton":1,"minecraft:coast_armor_trim_smithing_template":12,"exdeorum:compressed_stone_hammer":7,"minecraft:amethyst_shard":396,"minecraft:gold_ingot":49,"enderio:grains_of_infinity":95,"mekanismgenerators:wind_generator":1,"minecraft:gravel":1037,"xycraft_world:xychorium_gem_light":48,"alltheores:uranium_ore":8,"minecraft:pointed_dripstone":106,"minecraft:cherry_sapling":16,"mekanism:basic_universal_cable":5,"forbidden_arcanus:orb_of_temporary_flight":2,"minecraft:ward_armor_trim_smithing_template":11,"ae2:sky_dust":78,"supplementaries:ash":15,"minecraft:turtle_helmet":2,"minecraft:gunpowder":209,"minecraft:dune_armor_trim_smithing_template":11,"silentgear:leather_scrap":5,"minecraft:iron_bars":3,"minecraft:arrow":117,"minecraft:quartz":1,"minecraft:oak_slab":2,"allthecompressed:cobblestone_1x":101,"minecraft:chorus_flower":34,"minecraft:diamond_leggings":3,"minecraft:prismarine_shard":4,"minecraft:lead":14,"forcecraft:pile_of_gunpowder":2,"minecraft:spectral_arrow":45,"exdeorum:iron_ore_chunk":25,"silentgear:flax_seeds":2,"exdeorum:osmium_ore_chunk":64,"minecraft:stick":131,"botania:mana_pool":1,"minecraft:blue_dye":2,"reliquary:withered_rib":2,"minecraft:diorite":3,"exdeorum:random_pottery_sherd":1,"minecraft:torch":2,"minecraft:green_dye":2,"pneumaticcraft:vortex_cannon":1,"forbidden_arcanus:spawner_scrap":2,"tombstone:grave_dust":3,"minecraft:iron_leggings":1,"minecraft:cactus":16,"exdeorum:stone_pebble":133,"minecraft:bucket":1,"wstweaks:fragment":9,"minecraft:dandelion":4,"minecraft:redstone":72,"enderio:broken_spawner":4,"fluxnetworks:flux_dust":49,"minecraft:kelp":2,"minecraft:wild_armor_trim_smithing_template":13,"minecraft:raw_iron":5,"minecraft:wayfinder_armor_trim_smithing_template":13,"exmachinis:gold_upgrade":1,"croptopia:rhubarb_seed":3,"exdeorum:flint_mesh":3,"fluxnetworks:flux_plug":1,"minecraft:ender_eye":12,"minecraft:glass_pane":45,"minecraft:copper_ore":1,"exdeorum:nickel_ore_chunk":569,"exdeorum:tin_ore_chunk":789,"minecraft:iron_chestplate":1,"forcecraft:force_gem":95,"ars_elemental:earth_caster_tome":1,"minecraft:oak_sapling":19,"ae2:certus_quartz_dust":89,"minecraft:raw_gold":3,"minecraft:magma_cream":125},"minecraft:custom":{"minecraft:interact_with_crafting_table":120,"minecraft:open_barrel":5,"minecraft:eat_cake_slice":4,"minecraft:leave_game":5,"minecraft:time_since_death":427878,"minecraft:damage_blocked_by_shield":595,"minecraft:play_time":1038553,"minecraft:deaths":7,"minecraft:jump":5683,"minecraft:enchant_item":58,"minecraft:interact_with_furnace":400,"minecraft:traded_with_villager":10,"minecraft:sleep_in_bed":31,"minecraft:waystone_activated":2,"minecraft:damage_dealt":49688,"tombstone:undead_killed":77,"minecraft:use_cauldron":6,"minecraft:interact_with_smithing_table":5,"minecraft:interact_with_anvil":12,"minecraft:inspect_hopper":111,"minecraft:damage_dealt_absorbed":80,"minecraft:sneak_time":49607,"minecraft:total_world_time":1038553,"tombstone:raider_killed":3,"minecraft:time_since_rest":169351,"minecraft:use_wand":4967,"tombstone:cast_on_ally":0,"minecraft:fly_one_cm":4385578,"minecraft:open_chest":2337,"minecraft:fall_one_cm":452453,"lootr:looted_stat":45,"minecraft:animals_bred":1,"minecraft:damage_resisted":257,"minecraft:sprint_one_cm":1257540,"minecraft:drop":974,"minecraft:talked_to_villager":27,"minecraft:interact_with_brewingstand":7,"minecraft:walk_on_water_one_cm":9792,"minecraft:interact_with_beacon":4,"minecraft:crouch_one_cm":109456,"tombstone:villager_killed":9,"minecraft:mob_kills":214,"minecraft:fill_cauldron":1,"minecraft:damage_dealt_resisted":51,"minecraft:walk_one_cm":1636487,"gateways:gates_defeated":1,"minecraft:walk_under_water_one_cm":10397,"minecraft:interact_with_grindstone":21,"minecraft:damage_taken":20281,"minecraft:damage_absorbed":236},"minecraft:picked_up":{"minecraft:wooden_axe":2,"waystones:warp_stone":1,"exdeorum:dust":915,"allthecompressed:cobblestone_2x":12,"minecraft:anvil":1,"minecraft:prismarine_shard":4,"minecraft:smithing_table":1,"minecraft:lead":15,"botania:black_double_flower":1,"minecraft:enchanted_book":5,"exdeorum:iron_ore_chunk":66,"refinedstorage:controller":2,"exdeorum:stone_hammer":2,"minecraft:brewing_stand":1,"botania:light_blue_double_flower":1,"exdeorum:grass_seeds":2,"minecraft:string":366,"minecraft:sculk_shrieker":4,"minecraft:beetroot":64,"minecraft:diamond_leggings":2,"mysticalagriculture:inferium_essence":55,"minecraft:gold_nugget":39,"mekanism:basic_universal_cable":14,"minecraft:melon_slice":111,"wstweaks:fragment":45,"mekanism:basic_logistical_transporter":12,"powah:thermo_generator_starter":1,"minecraft:golden_helmet":1,"immersiveengineering:shader_bag_epic":1,"powah:book":2,"refinedstorage:disk_drive":2,"occultism:raw_iesnium":6,"minecraft:golden_chestplate":1,"powah:energy_cable_blazing":5,"ars_nouveau:vitalic_sourcelink":1,"minecraft:stone_sword":3,"ars_nouveau:worn_notebook":3,"minecraft:blue_dye":1,"minecraft:iron_block":1,"supplementaries:quiver":1,"supplementaries:ash":23,"minecraft:blaze_rod":23,"minecraft:host_armor_trim_smithing_template":3,"minecraft:iron_bars":14,"minecraft:snowball":4,"minecraft:magma_block":2,"minecraft:feather":3,"forbidden_arcanus:dragon_scale":6,"powah:dielectric_casing":1,"enderio:grains_of_infinity":49,"minecraft:flint":1434,"ars_elemental:yellow_archwood_sapling":58,"ae2:charged_certus_quartz_crystal":3,"exdeorum:nickel_ore_chunk":551,"pipez:fluid_pipe":4,"ftbquests:book":3,"powah:capacitor_basic":2,"projecte:high_covalence_dust":34,"botania:magenta_petal":3,"minecraft:glowstone_dust":45,"powah:thermo_generator_hardened":1,"botania:mana_pool":1,"mekanism:metallurgic_infuser":5,"mekanism:ultimate_fluid_tank":2,"patchouli:guide_book":4,"xycraft_world:xychorium_gem_red":31,"botania:pink_double_flower":2,"ae2:certus_quartz_crystal":10,"exdeorum:flint_mesh":28,"ars_nouveau:blue_archwood_leaves":1,"powah:thermo_generator_spirited":1,"ars_nouveau:wilden_horn":5,"minecraft:barrel":3,"xycraft_world:xychorium_gem_dark":40,"alltheores:osmium_ore":37,"botania:green_petal":3,"minecraft:bundle":2,"ars_caelum:ritual_conjure_island_village":4,"projecte:repair_talisman":1,"constructionwand:stone_wand":1,"thermal:eggplant_seeds":1,"exdeorum:copper_ore_chunk":427,"exdeorum:gold_ore_chunk":34,"ars_nouveau:red_archwood_log":51,"alltheores:steel_ingot":8,"minecraft:crafting_table":1,"minecraft:nether_wart":16,"minecraft:clay_ball":23,"alltheores:silver_dust":2,"minecraft:dragon_head":1,"alltheores:nickel_dust":43,"minecraft:cornflower":1,"powah:energizing_rod_starter":6,"exdeorum:granite_pebble":12,"minecraft:flint_and_steel":1,"refinedstorage:crafting_grid":2,"alltheores:constantan_ingot":21,"powah:thermo_generator_niotic":1,"minecraft:glass_pane":15,"powah:crystal_spirited":1,"minecraft:netherite_sword":2,"botania:pure_daisy":3,"minecraft:music_disc_otherside":1,"exdeorum:zinc_ore_chunk":123,"minecraft:iron_nugget":99,"minecraft:poppy":2,"exdeorum:compressed_stone_hammer":6,"minecraft:chest":32,"minecraft:birch_sapling":16,"minecraft:diamond_hoe":1,"minecraft:copper_ore":46,"minecraft:egg":14,"ars_nouveau:purple_archwood_log":52,"minecraft:stone":5,"pipez:item_pipe":44,"sophisticatedbackpacks:backpack":1,"supplementaries:pedestal":1,"minecraft:fire_charge":3,"oreberriesreplanted:iron_oreberry":3,"minecraft:white_dye":2,"minecraft:carrot":33,"minecraft:redstone":4,"refinedstorage:4k_storage_part":1,"exmachinis:flux_sieve":3,"minecraft:prismarine_crystals":2,"powah:energizing_rod_nitro":1,"ars_nouveau:green_archwood_log":54,"exdeorum:silk_worm":14,"powah:energy_cable_nitro":4,"minecraft:diamond_chestplate":1,"exmachinis:gold_upgrade":3,"minecraft:hay_block":16,"everlastingabilities:ability_bottle":3,"exdeorum:andesite_pebble":6,"minecraft:gold_ingot":17,"minecraft:totem_of_undying":1,"sophisticatedbackpacks:copper_backpack":1,"botania:green_mystical_flower":2,"minecraft:white_wool":1,"projecte:low_covalence_dust":34,"exdeorum:random_pottery_sherd":5,"powah:capacitor_basic_tiny":1,"rftoolspower:coalgenerator":2,"forcecraft:force_gem":63,"ars_nouveau:wilden_wing":7,"botania:green_double_flower":1,"minecraft:oak_log":545,"minecraft:ancient_debris":23,"powah:thermo_generator_blazing":1,"tombstone:gift":1,"industrialforegoing:dryrubber":2,"minecraft:spawner":1,"sophisticatedbackpacks:upgrade_base":2,"sophisticatedstorage:basic_tier_upgrade":1,"minecraft:apple":32,"minecraft:stone_bricks":2,"minecraft:kelp":2,"minecraft:wild_armor_trim_smithing_template":3,"exdeorum:stone_pebble":173,"minecraft:stone_pickaxe":2,"exdeorum:wood_chippings":362,"botania:cyan_petal":6,"dankstorage:dank_1":1,"exdeorum:deepslate_pebble":54,"exdeorum:lead_ore_chunk":501,"allthecompressed:gravel_1x":1,"minecraft:gravel":2600,"minecraft:spruce_sapling":16,"alltheores:zinc_ore":39,"projecte:medium_covalence_dust":38,"forcecraft:recovery_heart":4,"exdeorum:silver_ore_chunk":807,"minecraft:crying_obsidian":2,"minecraft:dragon_egg":1,"hostilenetworks:loot_fabricator":1,"forbidden_arcanus:arcane_crystal":20,"minecraft:firework_rocket":8,"cookingforblockheads:sink":1,"exdeorum:aluminum_ore_chunk":506,"immersiveengineering:seed":17,"mekanism:advanced_universal_cable":16,"minecraft:stone_axe":4,"botania:orange_mystical_flower":1,"minecraft:diamond_axe":1,"industrialforegoing:dissolution_chamber":4,"alltheores:raw_silver":11,"minecraft:oak_button":1,"minecraft:melon_seeds":4,"thermal:amaranth_seeds":1,"utilitix:experience_crystal":1,"botania:brown_mystical_flower":1,"minecraft:hopper":6,"minecraft:ender_pearl":28,"minecraft:shulker_shell":1,"ars_nouveau:caster_tome":1,"minecraft:wheat":1,"mekanism:alloy_atomic":64,"minecraft:nether_brick_fence":2,"cobblefordays:tier_5":1,"minecraft:potion":9,"minecraft:nether_brick":31,"powah:thermo_generator_basic":1,"minecraft:raw_copper":43,"craftingstation:crafting_station":1,"minecraft:netherite_ingot":4,"powah:capacitor_blazing":1,"alltheores:silver_ore":13,"cobblefordays:tier_1":1,"minecraft:bucket":3,"mekanism:ultimate_mechanical_pipe":4,"minecraft:redstone_torch":4,"minecraft:ender_eye":55,"minecraft:iron_pickaxe":2,"mekanism:configurator":1,"xycraft_world:xychorium_gem_green":36,"minecraft:furnace":1,"minecraft:stick":117,"botania:lexicon":2,"apotheosis:gem":4,"botania:cyan_double_flower":1,"minecraft:torch":35,"tombstone:grave_dust":7,"minecraft:pointed_dripstone":702,"minecraft:diorite":3,"powah:energizing_rod_blazing":3,"thermal:flax_seeds":1,"pipez:wrench":1,"minecraft:cactus":99,"silentgear:leather_scrap":9,"minecraft:rotten_flesh":54,"exdeorum:tin_ore_chunk":648,"minecraft:chorus_flower":33,"reliquary:mob_charm_fragment":1,"minecraft:obsidian":1089,"ars_nouveau:drygmy_shard":1,"minecraft:blaze_powder":36,"minecraft:cobblestone":1211,"exdeorum:osmium_ore_chunk":65,"minecraft:enchanting_table":2,"occultism:datura_seeds":3,"exdeorum:basalt_pebble":14,"exdeorum:stone_barrel":1,"minecraft:magma_cream":137,"minecraft:andesite":1,"alltheores:invar_ingot":4,"constructionwand:infinity_wand":1,"minecraft:beacon":2,"minecraft:potato":64,"minecraft:wither_skeleton_skull":14,"thermal:tin_gear":1,"minecraft:dirt":22,"minecraft:lapis_lazuli":163,"powah:energy_cable_basic":9,"minecraft:glass":49,"minecraft:bone":150,"powah:energizing_rod_spirited":1,"minecraft:bow":4,"minecraft:wheat_seeds":11,"botania:pink_mystical_flower":1,"easy_villagers:trader":1,"minecraft:raw_gold":105,"everlastingabilities:ability_totem":15,"forcecraft:pile_of_gunpowder":2,"powah:crystal_niotic":3,"minecraft:bamboo":34,"alltheores:tin_ore":28,"alltheores:tin_ingot":13,"minecraft:oak_planks":11,"ironfurnaces:iron_furnace":4,"thermal:bell_pepper_seeds":1,"minecraft:music_disc_13":1,"botania:yellow_double_flower":1,"darkutils:damage_plate_player":1,"minecraft:sand":2276,"botania:blue_petal":1,"exdeorum:crushed_end_stone":23,"minecraft:dead_bush":8,"minecraft:diamond_block":11,"minecraft:spectral_arrow":58,"exdeorum:wooden_watering_can":2,"alltheores:raw_nickel":92,"forbidden_arcanus:ender_pearl_fragment":25,"mekanism:bio_fuel":64,"xycraft_world:xychorium_gem_light":29,"minecraft:sugar":5,"minecraft:clay":119,"minecraft:diamond":11,"minecraft:black_concrete":8,"cobblefordays:tier_2":3,"waystones:waystone":1,"minecraft:bone_meal":39,"powah:capacitor_nitro":2,"minecraft:emerald":129,"minecraft:oak_sapling":20,"minecraft:chorus_fruit":79,"minecraft:netherrack":111,"minecraft:nether_star":1,"farmingforblockheads:market":5,"minecraft:end_stone_bricks":76,"functionalstorage:oak_1":9,"fluxnetworks:flux_dust":66,"minecraft:charcoal":28,"minecraft:azure_bluet":2,"minecraft:splash_potion":1,"minecraft:chicken":2,"minecraft:turtle_helmet":1,"thermal:machine_output_augment":2,"minecraft:packed_ice":1,"ars_nouveau:blue_archwood_sapling":41,"silentgear:nether_banana":3,"reliquary:mob_charm":1,"enderio:broken_spawner":4,"exdeorum:oak_barrel":7,"minecraft:shield":1,"exdeorum:blackstone_pebble":719,"minecraft:iron_axe":1,"exdeorum:string_mesh":13,"powah:solar_panel_niotic":1,"minecraft:blackstone":63,"reliquary:chelicerae":7,"exdeorum:golden_mesh":1,"minecraft:echo_shard":25,"alltheores:aluminum_ore":55,"minecraft:sugar_cane":25,"sophisticatedstorage:iron_chest":3,"minecraft:phantom_membrane":1,"minecraft:end_stone":846,"minecraft:dark_oak_sapling":16,"minecraft:raw_iron":115,"reliquary:catalyzing_gland":1,"sophisticatedstorage:iron_to_gold_tier_upgrade":1,"sophisticatedstorage:gold_to_diamond_tier_upgrade":1,"exdeorum:porcelain_crucible":3,"minecraft:copper_ingot":4,"ars_nouveau:blue_archwood_log":216,"minecraft:gray_dye":36,"ars_nouveau:purple_archwood_sapling":16,"pickletweaks:emerald_hoe":1,"minecraft:trident":2,"mysticalagradditions:dragon_scale":16,"powah:capacitor_basic_large":2,"minecraft:arrow":133,"botania:lime_mystical_flower":1,"ars_elemental:fire_caster_tome":1,"xycraft_world:xychorium_gem_blue":31,"powah:wrench":3,"ae2:certus_quartz_dust":90,"exdeorum:diorite_pebble":16,"minecraft:nether_bricks":9,"immersiveengineering:shader":1,"alltheores:lead_ore":46,"thermal:fluid_duct":4,"botania:magenta_double_flower":1,"forbidden_arcanus:spawner_scrap":2,"mekanism:advanced_logistical_transporter":5,"minecraft:leather":39,"minecraft:ice":2,"botania:flower_bag":2,"minecraft:gunpowder":213,"minecraft:wooden_hoe":1,"botania:light_blue_mystical_flower":1,"botania:black_mystical_flower":1,"fluxnetworks:flux_point":3,"ae2:sky_dust":52,"pickletweaks:emerald_axe":1,"industrialforegoing:latex_processing_unit":1,"thermal:machine_crucible":2,"exdeorum:oak_sieve":25,"minecraft:iron_ingot":6,"minecraft:acacia_sapling":16,"minecraft:soul_sand":18,"minecraft:green_dye":1,"minecraft:oak_slab":185,"minecraft:emerald_block":8,"ars_nouveau:red_archwood_sapling":10,"minecraft:quartz":19,"minecraft:dandelion":18,"minecraft:lava_bucket":1,"alltheores:raw_uranium":1,"minecraft:amethyst_shard":321,"minecraft:white_bed":3,"minecraft:gold_ore":16,"minecraft:spider_eye":67,"productivebees:obsidian_nest":1,"thermal:rice_seeds":1,"mekanismgenerators:wind_generator":2,"powah:energizing_rod_basic":5,"ars_nouveau:wilden_spike":7,"minecraft:iron_helmet":1,"mekanism:fluorite_gem":2,"minecraft:cherry_sapling":16,"minecraft:terracotta":16,"tombstone:magic_scroll":4,"minecraft:coal":43,"alltheores:copper_ore_hammer":1},"minecraft:broken":{"constructionwand:stone_wand":3,"exdeorum:crook":4},"minecraft:mined":{"mekanismgenerators:wind_generator":2,"minecraft:white_bed":4,"allthecompressed:cobblestone_2x":12,"minecraft:obsidian":1269,"productivebees:obsidian_nest":1,"botania:black_double_flower":1,"minecraft:hopper":6,"minecraft:spawner":4,"hostilenetworks:loot_fabricator":1,"allthecompressed:sand_1x":101,"minecraft:magma_block":1,"refinedstorage:crafting_grid":2,"minecraft:fire":23,"pipez:fluid_pipe":3,"minecraft:enchanting_table":2,"industrialforegoing:dissolution_chamber":4,"mekanism:basic_logistical_transporter":11,"powah:energizing_rod_starter":1,"powah:solar_panel_niotic":2,"botania:brown_mystical_flower":1,"alltheores:nickel_ore":67,"minecraft:iron_block":1,"botania:light_blue_mystical_flower":1,"botania:green_mystical_flower":2,"powah:thermo_generator_blazing":1,"ironfurnaces:iron_furnace":4,"alltheores:uranium_ore":1,"minecraft:torch":6,"minecraft:melon":12,"minecraft:glass":50,"minecraft:sugar_cane":5,"botania:black_mystical_flower":1,"mekanism:advanced_logistical_transporter":5,"exdeorum:dust":2,"exdeorum:oak_barrel":8,"powah:thermo_generator_spirited":1,"allthecompressed:cobblestone_1x":353,"sophisticatedstorage:iron_chest":3,"powah:thermo_generator_starter":1,"minecraft:end_stone":809,"functionalstorage:oak_1":7,"minecraft:nether_bricks":10,"powah:energy_cable_nitro":2,"botania:cyan_double_flower":1,"powah:thermo_generator_niotic":1,"mekanism:ultimate_mechanical_pipe":4,"minecraft:diamond_block":11,"alltheores:silver_ore":9,"allthecompressed:end_stone_1x":1,"minecraft:smithing_table":1,"farmingforblockheads:market":5,"minecraft:oak_slab":111,"botania:lime_mystical_flower":1,"exdeorum:infested_leaves":565,"powah:energizing_rod_basic":4,"exmachinis:flux_sieve":3,"minecraft:copper_ore":13,"minecraft:diorite":5,"craftingstation:crafting_station":1,"minecraft:gravel":50,"minecraft:stone_bricks":1,"minecraft:gold_ore":102,"minecraft:attached_melon_stem":1,"minecraft:farmland":1,"mekanism:advanced_universal_cable":7,"botania:pink_double_flower":2,"minecraft:brewing_stand":1,"cobblefordays:tier_1":1,"minecraft:iron_ore":109,"minecraft:anvil":1,"exdeorum:oak_sieve":25,"thermal:machine_crucible":2,"minecraft:end_stone_bricks":77,"powah:energy_cable_basic":3,"sophisticatedbackpacks:copper_backpack":1,"craftingstation:crafting_station_slab":1,"botania:orange_mystical_flower":1,"fluxnetworks:flux_point":3,"minecraft:clay":5,"botania:green_double_flower":1,"minecraft:beacon":2,"minecraft:chest":29,"minecraft:cobblestone":240,"minecraft:oak_planks":7,"refinedstorage:disk_drive":2,"minecraft:wall_torch":2,"cobblefordays:tier_2":3,"utilitix:experience_crystal":2,"exdeorum:stone_barrel":1,"minecraft:oak_log":132,"minecraft:sand":7,"minecraft:dirt":11,"industrialforegoing:latex_processing_unit":1,"minecraft:netherrack":1,"mekanism:basic_universal_cable":14,"refinedstorage:controller":2,"minecraft:ancient_debris":1,"minecraft:oak_leaves":64,"botania:magenta_double_flower":1,"minecraft:emerald_block":8,"powah:thermo_generator_hardened":1,"powah:thermo_generator_basic":1,"minecraft:black_concrete":8,"rftoolspower:coalgenerator":1,"minecraft:nether_brick_fence":2,"botania:pure_daisy":1,"minecraft:packed_ice":1,"minecraft:stone":8,"botania:light_blue_double_flower":1,"exdeorum:porcelain_crucible":3,"minecraft:snow_block":1,"mekanism:ultimate_fluid_tank":2,"pipez:item_pipe":34,"minecraft:crafting_table":1,"botania:yellow_double_flower":1,"cobblefordays:tier_5":1,"allthecompressed:gravel_1x":152,"mekanism:metallurgic_infuser":5,"ars_nouveau:blue_archwood_leaves":1,"botania:pink_mystical_flower":1,"minecraft:cactus":56,"cookingforblockheads:sink":1,"ars_nouveau:blue_archwood_log":109,"minecraft:ice":1}},"DataVersion":3465}