{"stats":{"minecraft:killed_by":{"minecraft:zoglin":1,"minecraft:zombie":1,"minecraft:wither_skeleton":9,"minecraft:piglin":4,"minecraft:player":1,"minecraft:enderman":1,"minecraft:hoglin":1},"minecraft:killed":{"minecraft:skeleton":24,"minecraft:chicken":5,"minecraft:magma_cube":1,"minecraft:zombie":44,"minecraft:cow":6,"minecraft:zoglin":1,"ars_nouveau:starbuncle":1,"minecraft:wandering_trader":9,"minecraft:enderman":47,"minecraft:zombified_piglin":2,"minecraft:witch":1,"minecraft:spider":45,"minecraft:piglin":4,"minecraft:zombie_villager":1,"minecraft:creeper":10,"minecraft:sheep":4,"minecraft:trader_llama":19,"minecraft:blaze":7,"minecraft:phantom":1,"forcecraft:creeper_tot":3,"minecraft:hoglin":3,"ars_nouveau:whirlisprig":2,"minecraft:wither_skeleton":14},"minecraft:used":{"mekanism:ultimate_tier_installer":7,"botania:white_petal":2,"sophisticatedbackpacks:copper_backpack":1,"mekanism:advanced_logistical_transporter":8,"minecraft:chest":17,"minecraft:stone":52,"mekanism:advanced_smelting_factory":2,"powah:solar_panel_basic":3,"mekanism:ultimate_pressurized_tube":5,"alltheores:lead_ore":1,"mekanism:advanced_mechanical_pipe":3,"minecraft:lava_bucket":12,"constructionwand:infinity_wand":95,"minecraft:copper_ore":54,"thermal:machine_insolator":2,"minecraft:bow":38,"supplementaries:ash":2,"minecraft:oak_sapling":284,"mekanism:advanced_pressurized_tube":4,"minecraft:egg":22,"minecraft:dragon_head":2,"mekanism:advanced_universal_cable":53,"minecraft:diorite":16,"minecraft:cactus":2,"mekanism:chemical_dissolution_chamber":1,"minecraft:sand":4,"mekanism:elite_universal_cable":17,"mekanismgenerators:reactor_glass":54,"croptopia:scrambled_eggs":2,"mekanism:advanced_chemical_tank":2,"minecraft:polished_granite":50,"mekanism:rotary_condensentrator":2,"minecraft:diamond_sword":281,"botania:pure_daisy":5,"mekanism:ultimate_energy_cube":1,"minecraft:stone_sword":32,"powah:energizing_orb":1,"farmingforblockheads:market":2,"exdeorum:crook":157,"minecraft:torch":7,"minecraft:anvil":1,"mekanismgenerators:control_rod_assembly":5,"mekanismgenerators:fission_reactor_casing":45,"mekanism:chargepad":3,"allthecompressed:cobblestone_2x":14,"minecraft:polished_diorite":43,"mekanism:chemical_oxidizer":1,"mekanism:purification_chamber":1,"mekanismgenerators:fission_reactor_logic_adapter":2,"botania:mana_pool":3,"tombstone:gift":7,"minecraft:water_bucket":34,"botania:endoflame":8,"mekanismgenerators:bio_generator":6,"botania:mana_spreader":3,"minecraft:gold_ore":5,"minecraft:oak_slab":698,"minecraft:crafting_table":3,"minecraft:white_bed":2,"botania:apothecary_default":4,"minecraft:cake":2,"exdeorum:grass_seeds":14,"minecraft:oak_log":26,"minecraft:diamond_pickaxe":598,"mekanism:atomic_disassembler":105,"allthecompressed:gravel_1x":108,"minecraft:oak_button":1,"minecraft:iron_pickaxe":47,"minecraft:cobblestone":557,"craftingstation:crafting_station_slab":1,"mekanism:free_runners_armored":1,"minecraft:shield":63,"minecraft:iron_sword":8,"minecraft:creeper_head":1,"allthecompressed:cobblestone_1x":676,"pickletweaks:emerald_pickaxe":12,"minecraft:carrot":1,"mekanism:basic_universal_cable":13,"mekanism:advanced_crushing_factory":5,"mekanismgenerators:wind_generator":17,"mekanism:basic_tier_installer":5,"pipez:item_pipe":3,"mekanism:jetpack_armored":1,"mekanism:ultimate_mechanical_pipe":2,"minecraft:stone_pickaxe":33,"minecraft:oak_planks":11,"minecraft:ender_pearl":3,"minecraft:diamond_axe":394,"botania:fertilizer":91,"minecraft:end_stone":23,"powah:solar_panel_niotic":7,"mekanism:superheating_element":2,"exdeorum:oak_barrel":1,"mekanism:crusher":2,"mekanism:elite_tier_installer":7,"minecraft:bread":10,"mekanism:metallurgic_infuser":4,"utilitix:experience_crystal":6,"tombstone:grave_key":3,"minecraft:gravel":125,"croptopia:toast":7,"mekanism:ultimate_logistical_transporter":5,"exdeorum:compressed_stone_hammer":773,"mekanismgenerators:fission_fuel_assembly":11,"mekanism:advanced_tier_installer":5,"cookingforblockheads:sink":3,"powah:energizing_rod_spirited":2,"minecraft:netherite_sword":217,"sophisticatedbackpacks:iron_backpack":1,"mekanism:enrichment_chamber":2,"mekanism:configurator":253,"minecraft:redstone":1,"forcecraft:fortune_cookie":2,"minecraft:dirt":621,"minecraft:hopper":2,"mekanismgenerators:fission_reactor_port":4,"botania:twig_wand":18,"alltheores:osmium_ore":28,"botania:purple_mystical_flower":1,"exdeorum:silk_worm":4,"minecraft:wooden_axe":183,"exdeorum:stone_hammer":1,"mekanism:advanced_compressing_factory":1,"mekanism:electrolytic_separator":5,"minecraft:cooked_beef":35,"minecraft:cooked_mutton":6,"minecraft:iron_ore":11,"mekanism:electric_pump":4,"fluxnetworks:flux_point":1,"mekanism:ultimate_universal_cable":75,"minecraft:baked_potato":97,"botania:brown_mystical_flower":1,"mekanism:chemical_infuser":2,"constructionwand:stone_wand":253,"minecraft:apple":31,"mekanism:ultimate_enriching_factory":1,"craftingstation:crafting_station":1,"mekanism:energized_smelter":1,"mekanism:elite_energy_cube":1,"mekanism:advanced_purifying_factory":2,"minecraft:stone_axe":146,"mekanism:advanced_enriching_factory":2,"minecraft:bucket":29,"mekanism:advanced_infusing_factory":4},"minecraft:crafted":{"botania:green_petal":2,"mekanism:basic_compressing_factory":1,"mekanism:electrolytic_separator":1,"botania:mana_pool":1,"minecraft:cooked_mutton":0,"mekanism:basic_enriching_factory":1,"botania:red_petal":2,"minecraft:glass":0,"botania:twig_wand":1,"minecraft:diamond_helmet":3,"alltheores:osmium_dust":135,"minecraft:diamond_leggings":2,"minecraft:netherite_boots":1,"mekanism:advanced_compressing_factory":1,"mekanism:ultimate_logistical_transporter":8,"mekanism:chemical_dissolution_chamber":1,"mekanism:elite_universal_cable":152,"mekanism:rotary_condensentrator":2,"mekanism:elite_mechanical_pipe":16,"minecraft:magenta_dye":4,"mekanism:energy_tablet":34,"mekanism:ultimate_pressurized_tube":8,"minecraft:diamond_axe":3,"alltheores:steel_block":2,"minecraft:copper_ingot":0,"botania:livingwood_twig":3,"mekanism:advanced_pressurized_tube":8,"mekanismgenerators:fission_reactor_logic_adapter":2,"constructionwand:stone_wand":11,"minecraft:iron_block":3,"minecraft:gold_ingot":8,"mekanism:upgrade_gas":8,"minecraft:netherite_ingot":1,"mekanism:osmium_compressor":1,"mekanism:advanced_chemical_tank":2,"mekanism:basic_logistical_transporter":8,"mekanism:advanced_universal_cable":168,"mekanism:basic_chemical_tank":22,"forbidden_arcanus:rotten_leather":2,"minecraft:polished_blackstone_pressure_plate":3,"botania:blue_petal":2,"allthecompressed:cobblestone_1x":701,"minecraft:pink_dye":2,"mekanism:basic_pressurized_tube":8,"allthecompressed:gravel_1x":108,"botania:black_petal":2,"mekanism:chargepad":1,"alltheores:copper_ore_hammer":8,"minecraft:polished_diorite":48,"mekanismgenerators:bio_generator":1,"refinedstorage:network_card":1,"botania:white_petal":12,"mekanism:elite_enriching_factory":1,"minecraft:stone_pickaxe":1,"mekanism:electric_pump":1,"minecraft:diamond_boots":2,"botania:light_blue_petal":2,"alltheores:steel_ingot":0,"minecraft:redstone_block":1,"mekanismtools:refined_obsidian_chestplate":1,"industrialforegoing:laser_drill":1,"botania:pink_petal":2,"mekanismgenerators:control_rod_assembly":8,"mekanism:dynamic_tank":4,"botania:mana_spreader":1,"mekanism:ultimate_control_circuit":34,"minecraft:polished_granite":64,"exdeorum:compressed_stone_hammer":24,"mekanism:ultimate_enriching_factory":1,"minecraft:orange_dye":2,"exdeorum:crook":1,"minecraft:wooden_axe":17,"mekanism:basic_mechanical_pipe":16,"mekanism:advanced_mechanical_pipe":16,"mekanism:elite_logistical_transporter":8,"mekanismgenerators:reactor_glass":64,"mekanism:free_runners":1,"minecraft:oak_planks":316,"mekanism:free_runners_armored":1,"mekanism:electrolytic_core":1,"mekanism:ultimate_mechanical_pipe":16,"mekanism:atomic_disassembler":1,"mekanism:advanced_enriching_factory":1,"minecraft:stone":0,"fluxnetworks:flux_point":1,"alltheores:osmium_ore":1036,"mekanism:basic_tier_installer":5,"minecraft:hopper":1,"minecraft:bow":1,"mekanism:ultimate_universal_cable":128,"refinedstorage:4k_storage_part":1,"tombstone:grave_key":12,"mekanismgenerators:fission_reactor_casing":128,"minecraft:chest":7,"minecraft:oak_button":63,"minecraft:copper_block":15,"mekanism:basic_fluid_tank":3,"minecraft:netherite_upgrade_smithing_template":18,"mekanismtools:refined_obsidian_helmet":1,"mekanism:elite_control_circuit":66,"exdeorum:stone_hammer":35,"fluxnetworks:flux_core":4,"mekanism:advanced_logistical_transporter":8,"botania:cyan_petal":4,"minecraft:oak_slab":60,"mekanism:chemical_infuser":2,"minecraft:arrow":96,"mekanismgenerators:fission_reactor_port":4,"minecraft:crafting_table":1,"alltheores:diamond_dust":20,"minecraft:gold_ore":1054,"mekanism:purification_chamber":1,"botania:lime_petal":4,"alltheores:lead_ore":1558,"mekanism:steel_casing":52,"minecraft:yellow_dye":4,"minecraft:charcoal":0,"minecraft:diamond_pickaxe":2,"minecraft:shield":1,"minecraft:stick":40,"mekanism:crusher":1,"minecraft:light_blue_dye":2,"minecraft:iron_ingot":42,"mekanismtools:refined_obsidian_leggings":1,"minecraft:stone_sword":1,"minecraft:iron_ore":1628,"botania:apothecary_default":1,"minecraft:redstone_torch":4,"mekanism:elite_pressurized_tube":8,"alltheores:osmium_nugget":36,"mekanism:basic_universal_cable":136,"minecraft:redstone":45,"minecraft:coal":9,"mekanismgenerators:wind_generator":14,"minecraft:netherite_sword":2,"mekanism:personal_barrel":1,"minecraft:furnace":2,"alltheores:gold_dust":91,"mekanism:energized_smelter":1,"mekanism:advanced_tier_installer":5,"refinedstorage:quartz_enriched_iron":4,"mekanism:jetpack_armored":1,"mekanism:chemical_oxidizer":1,"mekanism:jetpack":1,"minecraft:blue_ice":6,"minecraft:slime_ball":5,"minecraft:lime_dye":2,"botania:flower_bag":1,"minecraft:netherite_scrap":0,"minecraft:cooked_beef":0,"constructionwand:infinity_wand":1,"botania:fertilizer":91,"minecraft:diamond_sword":5,"minecraft:cyan_dye":7,"mekanism:metallurgic_infuser":1,"botania:yellow_petal":6,"mekanism:superheating_element":1,"minecraft:copper_ore":474,"minecraft:bucket":19,"mekanismgenerators:fission_fuel_assembly":10,"minecraft:stone_axe":9,"minecraft:air":133,"mekanism:upgrade_speed":64,"minecraft:blue_dye":188,"botania:orange_petal":5,"minecraft:white_wool":10,"mekanism:enrichment_chamber":3,"minecraft:white_dye":156,"mekanism:upgrade_energy":64,"botania:magenta_petal":4,"allthecompressed:cobblestone_2x":14,"mekanism:advanced_control_circuit":83,"minecraft:anvil":1,"alltheores:iron_dust":132,"mekanism:ultimate_tier_installer":15,"mekanism:elite_tier_installer":10,"minecraft:diamond_chestplate":2},"minecraft:dropped":{"exdeorum:basalt_pebble":211,"minecraft:clay":34,"minecraft:porkchop":5,"minecraft:cooked_beef":1,"constructionwand:stone_wand":3,"everlastingabilities:ability_totem":5,"minecraft:emerald":45,"minecraft:dirt":17,"ars_nouveau:blue_archwood_sapling":1,"exdeorum:crook":2,"minecraft:gold_nugget":8,"exdeorum:granite_pebble":211,"minecraft:sand":1418,"minecraft:white_wool":2,"minecraft:bone":70,"minecraft:stone_axe":1,"minecraft:netherite_sword":1,"minecraft:obsidian":12,"minecraft:rotten_flesh":80,"forcecraft:fortune":2,"mysticalagriculture:inferium_essence":65,"apotheosis:gem":6,"reliquary:zombie_heart":4,"minecraft:egg":7,"minecraft:iron_ingot":4,"minecraft:wheat_seeds":3,"exdeorum:deepslate_pebble":195,"minecraft:feather":3,"minecraft:cobblestone":5,"minecraft:chainmail_helmet":1,"everlastingabilities:ability_bottle":2,"minecraft:coal":3,"minecraft:lava_bucket":1,"minecraft:gray_wool":1,"refinedstorage:network_card":2,"minecraft:wooden_axe":6,"alltheores:copper_ore_hammer":2,"minecraft:potion":1,"minecraft:dead_bush":4,"minecraft:string":98,"reliquary:rib_bone":1,"minecraft:stone_sword":1,"forbidden_arcanus:ender_pearl_fragment":61,"minecraft:iron_boots":3,"pipez:item_pipe":1,"constructionwand:infinity_wand":1,"botania:livingwood_log":1,"minecraft:bundle":2,"minecraft:redstone_torch":4,"exdeorum:diorite_pebble":216,"minecraft:spider_eye":133,"minecraft:bow":4,"exdeorum:blackstone_pebble":213,"exdeorum:andesite_pebble":210,"pipez:wrench":1,"minecraft:oak_log":4,"exdeorum:copper_ore_chunk":6,"minecraft:leather":13,"silentgear:fine_silk":1,"utilitix:experience_crystal":1,"reliquary:chelicerae":53,"botania:black_petal":2,"refinedstorage:4k_storage_part":1,"minecraft:flint":301,"exdeorum:compressed_stone_hammer":3,"botania:white_petal":20,"minecraft:gold_ingot":33,"exdeorum:string_mesh":2,"minecraft:pointed_dripstone":27,"minecraft:carrot":1,"mekanism:ultimate_mechanical_pipe":8,"supplementaries:ash":92,"minecraft:gunpowder":14,"minecraft:iron_ore":1,"mekanism:alloy_atomic":64,"minecraft:arrow":64,"minecraft:water_bucket":1,"minecraft:oak_slab":16,"botania:red_petal":1,"minecraft:lead":6,"forcecraft:pile_of_gunpowder":5,"minecraft:stick":21,"minecraft:diorite":116,"tombstone:magic_scroll":1,"minecraft:green_dye":1,"botania:lime_petal":3,"tombstone:grave_dust":2,"industrialforegoing:laser_drill":2,"exdeorum:stone_pebble":30,"minecraft:bucket":2,"wstweaks:fragment":28,"pickletweaks:emerald_pickaxe":1,"thermal:slag":36,"alltheores:raw_osmium":1,"mekanism:configurator":1,"minecraft:raw_iron":39,"minecraft:stripped_oak_log":1,"exdeorum:nickel_ore_chunk":64,"minecraft:shield":1,"minecraft:oak_button":65,"minecraft:oak_sapling":17,"mekanism:ultimate_universal_cable":64},"minecraft:custom":{"minecraft:interact_with_crafting_table":17,"minecraft:open_barrel":3,"minecraft:eat_cake_slice":6,"minecraft:leave_game":10,"minecraft:time_since_death":17446,"minecraft:damage_blocked_by_shield":3330,"minecraft:play_time":1184009,"minecraft:deaths":27,"minecraft:jump":15457,"minecraft:interact_with_furnace":167,"minecraft:traded_with_villager":22,"minecraft:sleep_in_bed":48,"minecraft:waystone_activated":2,"minecraft:damage_dealt":62906,"tombstone:undead_killed":87,"minecraft:interact_with_smithing_table":5,"minecraft:interact_with_anvil":4,"minecraft:inspect_hopper":9,"minecraft:damage_dealt_absorbed":160,"minecraft:sneak_time":35104,"minecraft:total_world_time":1184009,"tombstone:raider_killed":2,"minecraft:time_since_rest":7521,"minecraft:use_wand":2079,"minecraft:swim_one_cm":2218,"minecraft:fly_one_cm":3338283,"minecraft:open_chest":940,"minecraft:fall_one_cm":1523380,"lootr:looted_stat":1,"minecraft:damage_resisted":0,"minecraft:sprint_one_cm":1598048,"minecraft:drop":421,"minecraft:talked_to_villager":23,"minecraft:walk_on_water_one_cm":14843,"minecraft:interact_with_beacon":1,"minecraft:player_kills":1,"minecraft:crouch_one_cm":132970,"tombstone:villager_killed":9,"minecraft:mob_kills":261,"minecraft:damage_dealt_resisted":0,"minecraft:walk_one_cm":2198377,"minecraft:walk_under_water_one_cm":7909,"minecraft:interact_with_grindstone":1,"minecraft:damage_taken":22323,"minecraft:damage_absorbed":664},"minecraft:picked_up":{"minecraft:wooden_axe":2,"waystones:warp_stone":1,"exdeorum:dust":38,"minecraft:prismarine_shard":308,"minecraft:lead":25,"minecraft:enchanted_book":3,"alltheores:uranium_ore":8,"exdeorum:iron_ore_chunk":561,"mekanism:advanced_crushing_factory":5,"exdeorum:grass_seeds":61,"minecraft:string":709,"minecraft:wayfinder_armor_trim_smithing_template":1,"minecraft:diamond_leggings":3,"mysticalagriculture:inferium_essence":105,"minecraft:cobbled_deepslate":12,"mekanism:basic_universal_cable":47,"exdeorum:random_armor_trim":54,"pickletweaks:emerald_chestplate":1,"minecraft:coal_block":2,"alltheores:lumium_ingot":2,"wstweaks:fragment":43,"minecraft:golden_helmet":1,"powah:energizing_orb":1,"mekanism:advanced_infusing_factory":4,"pickletweaks:emerald_pickaxe":3,"minecraft:shaper_armor_trim_smithing_template":2,"botania:manasteel_ingot":5,"minecraft:stone_sword":2,"botania:livingrock":97,"minecraft:vex_armor_trim_smithing_template":4,"minecraft:iron_block":1,"botania:livingwood_log":37,"supplementaries:ash":109,"minecraft:netherite_chestplate":1,"minecraft:blaze_rod":19,"minecraft:host_armor_trim_smithing_template":5,"minecraft:dune_armor_trim_smithing_template":1,"minecraft:feather":12,"minecraft:cooked_beef":9,"powah:dielectric_casing":4,"minecraft:water_bucket":1,"enderio:grains_of_infinity":475,"minecraft:flint":7966,"ae2:charged_certus_quartz_crystal":64,"minecraft:netherite_leggings":1,"exdeorum:nickel_ore_chunk":607,"refinedstorage:network_card":1,"reliquary:nebulous_heart":4,"powah:capacitor_basic":3,"minecraft:glowstone_dust":514,"botania:mana_pool":3,"silentgear:fine_silk":45,"mekanism:metallurgic_infuser":2,"botania:red_mystical_flower":1,"patchouli:guide_book":2,"xycraft_world:xychorium_gem_red":250,"ae2:certus_quartz_crystal":254,"xycraft_world:xychorium_gem_dark":242,"minecraft:barrel":1,"botania:green_petal":4,"minecraft:bundle":4,"projecte:repair_talisman":1,"constructionwand:stone_wand":2,"mekanism:advanced_mechanical_pipe":3,"exdeorum:copper_ore_chunk":616,"minecraft:chainmail_helmet":1,"minecraft:bread":10,"botania:gray_petal":3,"exdeorum:gold_ore_chunk":302,"ars_nouveau:red_archwood_log":42,"alltheores:steel_ingot":12,"alltheores:osmium_ingot":3,"minecraft:crafting_table":2,"mekanism:alloy_infused":1,"minecraft:dragon_head":2,"powah:energizing_rod_starter":2,"botania:endoflame":9,"exdeorum:granite_pebble":9,"minecraft:netherite_sword":1,"botania:pure_daisy":10,"minecraft:beef":9,"exdeorum:zinc_ore_chunk":468,"minecraft:iron_nugget":150,"exdeorum:compressed_stone_hammer":3,"allthecompressed:cobblestone_1x":101,"minecraft:chest":34,"croptopia:scrambled_eggs":3,"minecraft:egg":35,"ars_nouveau:purple_archwood_log":52,"minecraft:stone":16,"reliquary:rib_bone":3,"mekanismtools:refined_obsidian_boots":1,"pipez:item_pipe":6,"supplementaries:pedestal":1,"minecraft:white_dye":14,"minecraft:cake":3,"mekanism:elite_universal_cable":17,"minecraft:carrot":101,"minecraft:redstone":120,"minecraft:prismarine_crystals":282,"ars_nouveau:green_archwood_log":26,"exdeorum:silk_worm":6,"minecraft:diamond_chestplate":2,"mekanism:ultimate_logistical_transporter":2,"exmachinis:gold_upgrade":1,"botania:apothecary_default":4,"everlastingabilities:ability_bottle":2,"exdeorum:andesite_pebble":12,"tombstone:essence_of_undeath":2,"minecraft:gold_ingot":56,"sophisticatedbackpacks:copper_backpack":2,"alltheores:raw_osmium":31,"minecraft:mutton":2,"minecraft:white_wool":2,"minecraft:stripped_oak_log":1,"mekanism:electric_pump":3,"exdeorum:random_pottery_sherd":38,"powah:capacitor_basic_tiny":10,"minecraft:clock":1,"forcecraft:force_gem":640,"minecraft:oak_log":2098,"botania:orange_petal":9,"minecraft:ancient_debris":5,"mekanismgenerators:bio_generator":5,"sophisticatedstorage:basic_tier_upgrade":1,"minecraft:apple":62,"minecraft:kelp":92,"minecraft:wild_armor_trim_smithing_template":2,"exdeorum:stone_pebble":3086,"minecraft:iron_sword":4,"botania:mana_spreader":3,"dankstorage:dank_1":1,"exdeorum:deepslate_pebble":955,"botania:purple_petal":3,"exdeorum:lead_ore_chunk":608,"allthecompressed:gravel_1x":2,"alltheores:uranium_ingot":1,"minecraft:gravel":6579,"projecte:medium_covalence_dust":8,"forcecraft:recovery_heart":10,"exdeorum:silver_ore_chunk":583,"forbidden_arcanus:arcane_crystal":173,"minecraft:diamond_shovel":2,"cookingforblockheads:sink":3,"exdeorum:aluminum_ore_chunk":592,"minecraft:stone_axe":1,"mekanism:advanced_universal_cable":55,"minecraft:polished_diorite":11,"botania:orange_mystical_flower":1,"minecraft:gray_wool":1,"minecraft:oak_button":2,"minecraft:baked_potato":15,"mekanismgenerators:reactor_glass":6,"minecraft:melon_seeds":130,"utilitix:experience_crystal":8,"minecraft:hopper":2,"minecraft:ender_pearl":76,"mekanism:advanced_pressurized_tube":4,"exdeorum:mycelium_spores":82,"minecraft:wheat":1,"mekanism:advanced_smelting_factory":2,"mekanism:electrolytic_separator":4,"minecraft:sentry_armor_trim_smithing_template":2,"minecraft:potion":3,"forcecraft:spoils_bag":1,"minecraft:raw_copper":199,"minecraft:iron_leggings":2,"craftingstation:crafting_station":1,"minecraft:netherite_ingot":5,"minecraft:oak_sign":2,"mekanism:advanced_purifying_factory":2,"minecraft:sea_pickle":92,"cobblefordays:tier_1":1,"reliquary:zombie_heart":4,"minecraft:bucket":5,"minecraft:eye_armor_trim_smithing_template":2,"mekanismgenerators:fission_reactor_casing":1,"minecraft:ender_eye":10,"minecraft:iron_pickaxe":2,"alltheores:iron_ore_hammer":1,"mekanism:configurator":1,"xycraft_world:xychorium_gem_green":249,"minecraft:furnace":2,"minecraft:iron_boots":3,"botania:lexicon":1,"minecraft:stick":450,"apotheosis:gem":17,"botania:cyan_double_flower":1,"botania:yellow_petal":2,"minecraft:torch":2,"minecraft:snow_block":8,"minecraft:porkchop":7,"tombstone:grave_dust":12,"minecraft:pointed_dripstone":821,"minecraft:diorite":116,"pipez:wrench":1,"mekanism:ultimate_universal_cable":22,"minecraft:cactus":312,"minecraft:rotten_flesh":157,"craftingstation:crafting_station_slab":2,"exdeorum:tin_ore_chunk":784,"occultism:datura":1,"minecraft:obsidian":1270,"minecraft:blaze_powder":152,"minecraft:cobblestone":282,"exdeorum:crook":1,"exdeorum:osmium_ore_chunk":308,"thermal:machine_insolator":2,"exdeorum:basalt_pebble":14,"thermal:energy_duct":10,"minecraft:magma_cream":4,"minecraft:raiser_armor_trim_smithing_template":1,"alltheores:invar_ingot":1,"constructionwand:infinity_wand":1,"minecraft:potato":153,"minecraft:wither_skeleton_skull":5,"minecraft:lapis_lazuli":735,"thermal:tin_gear":2,"powah:energy_cable_basic":14,"minecraft:dirt":112,"thermal:rf_coil":2,"minecraft:polished_granite":114,"minecraft:leather_boots":1,"minecraft:glass":13,"minecraft:bone":143,"powah:energizing_rod_spirited":2,"mekanism:advanced_enriching_factory":2,"minecraft:bow":8,"minecraft:wheat_seeds":95,"botania:pink_mystical_flower":1,"easy_villagers:trader":2,"minecraft:raw_gold":46,"industrialforegoing:laser_drill":1,"everlastingabilities:ability_totem":14,"forcecraft:pile_of_gunpowder":6,"minecraft:bamboo":36,"alltheores:tin_ingot":382,"minecraft:oak_planks":11,"botania:yellow_double_flower":1,"alltheores:raw_lead":1,"minecraft:sand":1507,"botania:blue_petal":1,"minecraft:dead_bush":202,"forbidden_arcanus:ender_pearl_fragment":121,"mekanism:bio_fuel":64,"xycraft_world:xychorium_gem_light":275,"minecraft:clay":32,"minecraft:sugar":1,"minecraft:diamond":235,"pickletweaks:emerald_boots":1,"mekanism:chargepad":2,"minecraft:bone_meal":103,"minecraft:emerald":232,"mekanism:superheating_element":1,"minecraft:oak_sapling":848,"minecraft:netherrack":57,"minecraft:nether_star":1,"functionalstorage:oak_1":1,"farmingforblockheads:market":2,"powah:solar_panel_basic":3,"minecraft:chicken":13,"thermal:machine_output_augment":1,"ars_nouveau:blue_archwood_sapling":1,"reliquary:mob_charm":1,"exdeorum:oak_barrel":1,"sophisticatedstorage:basic_to_iron_tier_upgrade":1,"minecraft:shield":1,"exdeorum:blackstone_pebble":78,"exdeorum:string_mesh":6,"minecraft:iron_axe":1,"powah:solar_panel_niotic":7,"reliquary:chelicerae":53,"botania:mana_string":9,"botania:black_petal":6,"minecraft:sugar_cane":20,"minecraft:raw_iron":66,"sophisticatedstorage:iron_to_gold_tier_upgrade":1,"minecraft:end_stone":64,"sophisticatedstorage:gold_to_diamond_tier_upgrade":1,"minecraft:copper_ingot":8,"ars_nouveau:blue_archwood_log":4,"powah:capacitor_basic_large":1,"minecraft:arrow":178,"botania:lime_mystical_flower":1,"xycraft_world:xychorium_gem_blue":303,"ae2:certus_quartz_dust":368,"exdeorum:diorite_pebble":11,"thermal:fluid_duct":7,"minecraft:ward_armor_trim_smithing_template":4,"botania:magenta_double_flower":1,"mekanism:advanced_logistical_transporter":8,"minecraft:netherite_boots":1,"botania:twig_wand":1,"minecraft:air":0,"minecraft:golden_carrot":3,"minecraft:leather":115,"minecraft:music_disc_stal":1,"minecraft:gunpowder":594,"botania:flower_bag":1,"powah:energy_cable_starter":24,"botania:light_blue_mystical_flower":1,"minecraft:cooked_mutton":9,"mekanism:enrichment_chamber":1,"minecraft:coast_armor_trim_smithing_template":2,"ae2:sky_dust":380,"mekanismgenerators:fission_fuel_assembly":1,"minecraft:iron_ingot":30,"minecraft:soul_sand":10,"minecraft:green_dye":1,"minecraft:oak_slab":314,"minecraft:emerald_block":1,"mekanism:ultimate_pressurized_tube":1,"botania:quartz_mana":4,"minecraft:dandelion":8,"minecraft:amethyst_shard":398,"botania:white_petal":6,"minecraft:white_bed":2,"minecraft:spider_eye":537,"mekanismgenerators:wind_generator":3,"minecraft:pumpkin_seeds":137,"thermal:redstone_servo":2,"minecraft:iron_helmet":1,"mekanism:fluorite_gem":503,"mekanism:elite_energy_cube":1,"tombstone:magic_scroll":2,"minecraft:coal":543,"mekanism:ultimate_energy_cube":1,"alltheores:copper_ore_hammer":3},"minecraft:broken":{"constructionwand:stone_wand":8,"minecraft:stone_axe":2,"minecraft:wooden_axe":4,"exdeorum:crook":1},"minecraft:mined":{"mekanismgenerators:wind_generator":2,"botania:mana_pool":3,"minecraft:white_bed":1,"botania:red_mystical_flower":23,"powah:energizing_orb":1,"minecraft:obsidian":268,"botania:livingwood_log":24,"minecraft:hopper":2,"botania:light_gray_mystical_flower":13,"botania:purple_mystical_flower":19,"powah:solar_panel_niotic":6,"botania:brown_mystical_flower":14,"botania:light_blue_mystical_flower":17,"botania:green_mystical_flower":21,"mekanism:enrichment_chamber":1,"minecraft:torch":3,"mekanism:ultimate_pressurized_tube":1,"mekanismgenerators:bio_generator":5,"mekanism:advanced_smelting_factory":2,"botania:endoflame":8,"botania:black_mystical_flower":22,"mekanism:advanced_pressurized_tube":4,"mekanism:advanced_logistical_transporter":7,"mekanism:chargepad":2,"thermal:machine_insolator":2,"mekanismgenerators:reactor_glass":6,"allthecompressed:cobblestone_1x":615,"botania:orange_double_flower":1,"alltheores:osmium_ore":28,"powah:solar_panel_basic":2,"minecraft:end_stone":64,"mekanism:advanced_infusing_factory":4,"botania:cyan_double_flower":1,"minecraft:redstone_wire":1,"botania:magenta_mystical_flower":9,"alltheores:lead_ore":1,"botania:mana_spreader":3,"farmingforblockheads:market":2,"minecraft:oak_slab":268,"botania:lime_mystical_flower":11,"exdeorum:infested_leaves":150,"powah:energizing_rod_spirited":1,"mekanism:elite_energy_cube":1,"minecraft:copper_ore":54,"craftingstation:crafting_station":1,"botania:white_mystical_flower":20,"minecraft:gravel":66,"botania:gray_mystical_flower":21,"mekanism:ultimate_logistical_transporter":2,"mekanism:electric_pump":3,"minecraft:gold_ore":5,"mekanism:ultimate_energy_cube":1,"minecraft:oak_sapling":11,"mekanism:advanced_universal_cable":55,"mekanism:electrolytic_separator":4,"mekanism:advanced_mechanical_pipe":3,"botania:pink_double_flower":1,"minecraft:grass_block":26,"minecraft:polished_diorite":43,"botania:apothecary_default":4,"minecraft:iron_ore":11,"minecraft:dragon_head":1,"sophisticatedbackpacks:copper_backpack":1,"mekanismgenerators:fission_reactor_casing":1,"botania:orange_mystical_flower":15,"mekanism:advanced_crushing_factory":5,"mekanism:advanced_purifying_factory":1,"botania:green_double_flower":3,"minecraft:chest":33,"minecraft:cobblestone":54,"mekanism:advanced_enriching_factory":2,"botania:blue_mystical_flower":20,"minecraft:oak_planks":11,"utilitix:experience_crystal":6,"minecraft:oak_log":45,"minecraft:dirt":8,"minecraft:sand":3,"mekanism:basic_universal_cable":18,"minecraft:oak_leaves":129,"botania:magenta_double_flower":1,"mekanism:ultimate_universal_cable":17,"botania:livingrock":51,"botania:pure_daisy":4,"minecraft:stripped_oak_log":1,"minecraft:stone":1,"mekanism:elite_universal_cable":17,"botania:white_buried_petals":2,"pipez:item_pipe":3,"minecraft:polished_granite":50,"minecraft:crafting_table":2,"botania:yellow_double_flower":2,"allthecompressed:gravel_1x":94,"mekanism:metallurgic_infuser":2,"botania:pink_mystical_flower":18,"botania:cyan_mystical_flower":22,"botania:red_double_flower":1,"minecraft:cactus":2,"cookingforblockheads:sink":3,"botania:yellow_mystical_flower":14,"mekanismgenerators:fission_fuel_assembly":1}},"DataVersion":3465}