{"stats":{"minecraft:custom":{"lootr:looted_stat":1,"minecraft:interact_with_crafting_table":17,"minecraft:open_barrel":2,"minecraft:eat_cake_slice":4,"minecraft:leave_game":9,"minecraft:time_since_death":157368,"minecraft:sprint_one_cm":1259053,"minecraft:damage_blocked_by_shield":3330,"minecraft:drop":299,"minecraft:talked_to_villager":15,"minecraft:play_time":838160,"minecraft:deaths":25,"minecraft:jump":11935,"minecraft:walk_on_water_one_cm":781,"minecraft:interact_with_furnace":165,"minecraft:traded_with_villager":2,"minecraft:sleep_in_bed":31,"minecraft:waystone_activated":2,"minecraft:damage_dealt":45111,"minecraft:interact_with_beacon":1,"minecraft:player_kills":1,"minecraft:crouch_one_cm":115612,"tombstone:undead_killed":50,"tombstone:villager_killed":4,"minecraft:interact_with_smithing_table":5,"minecraft:interact_with_anvil":4,"minecraft:mob_kills":172,"minecraft:inspect_hopper":9,"minecraft:damage_dealt_resisted":0,"minecraft:walk_one_cm":1697223,"minecraft:damage_dealt_absorbed":80,"minecraft:sneak_time":26828,"minecraft:total_world_time":838160,"tombstone:raider_killed":1,"minecraft:time_since_rest":13330,"minecraft:damage_taken":18886,"minecraft:use_wand":1592,"minecraft:fly_one_cm":2511648,"minecraft:open_chest":936,"minecraft:fall_one_cm":1188090},"minecraft:used":{"craftingstation:crafting_station_slab":1,"botania:white_petal":2,"sophisticatedbackpacks:copper_backpack":1,"mekanism:advanced_logistical_transporter":7,"minecraft:chest":17,"minecraft:shield":63,"minecraft:stone":52,"minecraft:iron_sword":8,"allthecompressed:cobblestone_1x":676,"mekanism:advanced_smelting_factory":2,"pickletweaks:emerald_pickaxe":12,"powah:solar_panel_basic":3,"minecraft:carrot":1,"mekanism:basic_universal_cable":13,"mekanism:advanced_crushing_factory":5,"minecraft:lava_bucket":12,"constructionwand:infinity_wand":16,"mekanismgenerators:wind_generator":1,"minecraft:copper_ore":54,"thermal:machine_insolator":2,"mekanism:basic_tier_installer":5,"minecraft:bow":38,"supplementaries:ash":2,"pipez:item_pipe":3,"minecraft:oak_sapling":284,"minecraft:egg":22,"minecraft:dragon_head":1,"mekanism:advanced_universal_cable":23,"minecraft:diorite":16,"minecraft:stone_pickaxe":33,"minecraft:oak_planks":11,"minecraft:cactus":2,"minecraft:ender_pearl":3,"minecraft:diamond_axe":356,"minecraft:sand":4,"botania:fertilizer":91,"croptopia:scrambled_eggs":2,"mekanism:superheating_element":1,"exdeorum:oak_barrel":1,"mekanism:elite_tier_installer":1,"mekanism:crusher":2,"mekanism:metallurgic_infuser":4,"minecraft:bread":10,"minecraft:polished_granite":50,"tombstone:grave_key":3,"minecraft:gravel":125,"croptopia:toast":7,"minecraft:diamond_sword":281,"botania:pure_daisy":5,"exdeorum:compressed_stone_hammer":773,"cookingforblockheads:sink":3,"powah:energizing_rod_spirited":2,"mekanism:advanced_tier_installer":5,"minecraft:netherite_sword":140,"mekanism:enrichment_chamber":2,"sophisticatedbackpacks:iron_backpack":1,"minecraft:stone_sword":32,"powah:energizing_orb":1,"mekanism:configurator":76,"farmingforblockheads:market":2,"exdeorum:crook":157,"minecraft:torch":7,"minecraft:dirt":366,"minecraft:anvil":1,"minecraft:hopper":2,"botania:purple_mystical_flower":1,"alltheores:osmium_ore":28,"botania:twig_wand":18,"exdeorum:silk_worm":4,"allthecompressed:cobblestone_2x":14,"minecraft:polished_diorite":43,"minecraft:wooden_axe":183,"mekanism:purification_chamber":1,"exdeorum:stone_hammer":1,"botania:mana_pool":2,"tombstone:gift":7,"mekanism:electrolytic_separator":2,"minecraft:cooked_beef":35,"minecraft:cooked_mutton":6,"minecraft:water_bucket":16,"minecraft:iron_ore":11,"botania:endoflame":6,"mekanismgenerators:bio_generator":6,"minecraft:baked_potato":44,"botania:brown_mystical_flower":1,"botania:mana_spreader":2,"minecraft:gold_ore":5,"minecraft:crafting_table":3,"minecraft:oak_slab":698,"constructionwand:stone_wand":253,"minecraft:white_bed":1,"minecraft:cake":2,"minecraft:oak_log":26,"botania:apothecary_default":3,"exdeorum:grass_seeds":14,"minecraft:diamond_pickaxe":242,"minecraft:apple":31,"craftingstation:crafting_station":1,"minecraft:oak_button":1,"minecraft:iron_pickaxe":47,"allthecompressed:gravel_1x":108,"mekanism:energized_smelter":1,"mekanism:advanced_purifying_factory":2,"minecraft:stone_axe":146,"mekanism:advanced_enriching_factory":2,"minecraft:cobblestone":306,"minecraft:bucket":15,"mekanism:advanced_infusing_factory":3},"minecraft:killed":{"minecraft:zombified_piglin":2,"minecraft:witch":1,"minecraft:spider":28,"minecraft:skeleton":16,"minecraft:chicken":5,"minecraft:piglin":4,"minecraft:zombie_villager":1,"minecraft:creeper":5,"minecraft:sheep":2,"minecraft:trader_llama":11,"minecraft:zombie":25,"minecraft:blaze":1,"minecraft:cow":4,"forcecraft:creeper_tot":1,"minecraft:wandering_trader":4,"minecraft:hoglin":3,"minecraft:wither_skeleton":6,"minecraft:enderman":46},"minecraft:picked_up":{"minecraft:wooden_axe":2,"waystones:warp_stone":1,"exdeorum:mycelium_spores":82,"minecraft:wheat":1,"mekanism:advanced_smelting_factory":2,"exdeorum:dust":38,"mekanism:electrolytic_separator":1,"minecraft:prismarine_shard":308,"minecraft:sentry_armor_trim_smithing_template":2,"minecraft:lead":15,"minecraft:enchanted_book":3,"minecraft:potion":3,"exdeorum:iron_ore_chunk":561,"mekanism:advanced_crushing_factory":5,"exdeorum:grass_seeds":61,"minecraft:string":600,"minecraft:wayfinder_armor_trim_smithing_template":1,"minecraft:raw_copper":199,"craftingstation:crafting_station":1,"minecraft:iron_leggings":2,"minecraft:netherite_ingot":5,"minecraft:oak_sign":2,"mekanism:advanced_purifying_factory":2,"minecraft:sea_pickle":92,"cobblefordays:tier_1":1,"minecraft:diamond_leggings":3,"mysticalagriculture:inferium_essence":76,"minecraft:cobbled_deepslate":12,"mekanism:basic_universal_cable":47,"reliquary:zombie_heart":3,"minecraft:bucket":5,"minecraft:eye_armor_trim_smithing_template":2,"exdeorum:random_armor_trim":54,"mekanism:configurator":1,"minecraft:ender_eye":10,"minecraft:iron_pickaxe":2,"alltheores:iron_ore_hammer":1,"pickletweaks:emerald_chestplate":1,"minecraft:coal_block":2,"xycraft_world:xychorium_gem_green":249,"alltheores:lumium_ingot":2,"wstweaks:fragment":18,"minecraft:iron_boots":1,"minecraft:furnace":2,"minecraft:golden_helmet":1,"minecraft:stick":450,"botania:lexicon":1,"apotheosis:gem":13,"botania:cyan_double_flower":1,"powah:energizing_orb":1,"botania:yellow_petal":2,"minecraft:torch":2,"mekanism:advanced_infusing_factory":3,"pickletweaks:emerald_pickaxe":3,"minecraft:snow_block":8,"minecraft:porkchop":4,"minecraft:pointed_dripstone":821,"tombstone:grave_dust":9,"minecraft:diorite":116,"pipez:wrench":1,"minecraft:shaper_armor_trim_smithing_template":2,"botania:manasteel_ingot":5,"minecraft:cactus":312,"minecraft:rotten_flesh":115,"botania:livingrock":97,"craftingstation:crafting_station_slab":2,"minecraft:vex_armor_trim_smithing_template":4,"minecraft:iron_block":1,"exdeorum:tin_ore_chunk":784,"occultism:datura":1,"botania:livingwood_log":37,"supplementaries:ash":49,"minecraft:netherite_chestplate":1,"minecraft:blaze_rod":16,"minecraft:obsidian":12,"minecraft:host_armor_trim_smithing_template":5,"minecraft:blaze_powder":152,"minecraft:cobblestone":266,"exdeorum:osmium_ore_chunk":308,"exdeorum:crook":1,"thermal:machine_insolator":2,"minecraft:feather":12,"minecraft:dune_armor_trim_smithing_template":1,"exdeorum:basalt_pebble":14,"thermal:energy_duct":10,"powah:dielectric_casing":4,"minecraft:raiser_armor_trim_smithing_template":1,"minecraft:magma_cream":4,"minecraft:water_bucket":1,"alltheores:invar_ingot":1,"enderio:grains_of_infinity":475,"minecraft:potato":153,"minecraft:flint":6238,"minecraft:wither_skeleton_skull":4,"thermal:tin_gear":2,"ae2:charged_certus_quartz_crystal":64,"refinedstorage:network_card":1,"minecraft:netherite_leggings":1,"minecraft:dirt":89,"minecraft:lapis_lazuli":735,"exdeorum:nickel_ore_chunk":607,"powah:energy_cable_basic":14,"thermal:rf_coil":2,"minecraft:polished_granite":114,"reliquary:nebulous_heart":4,"minecraft:leather_boots":1,"minecraft:glass":13,"minecraft:bone":111,"mekanism:advanced_enriching_factory":2,"powah:energizing_rod_spirited":2,"minecraft:bow":7,"botania:pink_mystical_flower":1,"minecraft:wheat_seeds":95,"easy_villagers:trader":2,"minecraft:raw_gold":46,"powah:capacitor_basic":3,"everlastingabilities:ability_totem":10,"forcecraft:pile_of_gunpowder":1,"minecraft:bamboo":36,"minecraft:glowstone_dust":514,"minecraft:oak_planks":11,"botania:mana_pool":1,"silentgear:fine_silk":44,"mekanism:metallurgic_infuser":2,"botania:red_mystical_flower":1,"patchouli:guide_book":2,"botania:yellow_double_flower":1,"xycraft_world:xychorium_gem_red":250,"ae2:certus_quartz_crystal":254,"minecraft:sand":1507,"botania:blue_petal":1,"minecraft:dead_bush":202,"minecraft:barrel":1,"xycraft_world:xychorium_gem_dark":242,"forbidden_arcanus:ender_pearl_fragment":120,"botania:green_petal":4,"minecraft:bundle":4,"mekanism:bio_fuel":64,"xycraft_world:xychorium_gem_light":275,"projecte:repair_talisman":1,"minecraft:sugar":1,"minecraft:clay":32,"minecraft:diamond":235,"constructionwand:stone_wand":2,"pickletweaks:emerald_boots":1,"minecraft:bone_meal":103,"exdeorum:copper_ore_chunk":616,"minecraft:bread":10,"minecraft:emerald":232,"minecraft:oak_sapling":848,"botania:gray_petal":3,"minecraft:netherrack":57,"minecraft:nether_star":1,"farmingforblockheads:market":2,"exdeorum:gold_ore_chunk":302,"ars_nouveau:red_archwood_log":42,"functionalstorage:oak_1":1,"alltheores:steel_ingot":12,"alltheores:osmium_ingot":3,"minecraft:crafting_table":2,"powah:solar_panel_basic":3,"minecraft:chicken":13,"thermal:machine_output_augment":1,"ars_nouveau:blue_archwood_sapling":1,"mekanism:alloy_infused":1,"reliquary:mob_charm":1,"minecraft:dragon_head":1,"exdeorum:oak_barrel":1,"sophisticatedstorage:basic_to_iron_tier_upgrade":1,"minecraft:shield":1,"exdeorum:blackstone_pebble":78,"powah:energizing_rod_starter":2,"exdeorum:granite_pebble":9,"minecraft:iron_axe":1,"exdeorum:string_mesh":6,"botania:endoflame":5,"reliquary:chelicerae":49,"botania:mana_string":9,"minecraft:netherite_sword":1,"botania:black_petal":6,"botania:pure_daisy":7,"minecraft:beef":9,"exdeorum:zinc_ore_chunk":468,"minecraft:iron_nugget":150,"exdeorum:compressed_stone_hammer":3,"allthecompressed:cobblestone_1x":101,"minecraft:sugar_cane":20,"minecraft:chest":33,"croptopia:scrambled_eggs":3,"minecraft:egg":35,"minecraft:raw_iron":66,"ars_nouveau:purple_archwood_log":52,"sophisticatedstorage:iron_to_gold_tier_upgrade":1,"minecraft:stone":16,"reliquary:rib_bone":3,"sophisticatedstorage:gold_to_diamond_tier_upgrade":1,"mekanismtools:refined_obsidian_boots":1,"minecraft:copper_ingot":8,"pipez:item_pipe":6,"supplementaries:pedestal":1,"ars_nouveau:blue_archwood_log":4,"minecraft:white_dye":14,"minecraft:cake":3,"minecraft:carrot":101,"minecraft:redstone":119,"minecraft:prismarine_crystals":282,"powah:capacitor_basic_large":1,"ars_nouveau:green_archwood_log":26,"exdeorum:silk_worm":6,"minecraft:arrow":145,"botania:lime_mystical_flower":1,"minecraft:diamond_chestplate":2,"xycraft_world:xychorium_gem_blue":303,"ae2:certus_quartz_dust":368,"exdeorum:diorite_pebble":11,"botania:apothecary_default":2,"exmachinis:gold_upgrade":1,"everlastingabilities:ability_bottle":2,"minecraft:gold_ingot":56,"exdeorum:andesite_pebble":12,"minecraft:ward_armor_trim_smithing_template":4,"thermal:fluid_duct":7,"tombstone:essence_of_undeath":2,"sophisticatedbackpacks:copper_backpack":2,"alltheores:raw_osmium":30,"minecraft:mutton":2,"botania:magenta_double_flower":1,"minecraft:white_wool":1,"mekanism:advanced_logistical_transporter":3,"minecraft:stripped_oak_log":1,"minecraft:air":0,"minecraft:netherite_boots":1,"powah:capacitor_basic_tiny":10,"exdeorum:random_pottery_sherd":38,"botania:twig_wand":1,"minecraft:golden_carrot":3,"minecraft:leather":94,"minecraft:music_disc_stal":1,"forcecraft:force_gem":640,"botania:orange_petal":9,"minecraft:oak_log":2098,"minecraft:ancient_debris":5,"mekanismgenerators:bio_generator":5,"powah:energy_cable_starter":24,"botania:flower_bag":1,"minecraft:gunpowder":585,"botania:light_blue_mystical_flower":1,"mekanism:enrichment_chamber":1,"minecraft:cooked_mutton":6,"ae2:sky_dust":380,"minecraft:coast_armor_trim_smithing_template":2,"sophisticatedstorage:basic_tier_upgrade":1,"minecraft:apple":62,"minecraft:kelp":92,"minecraft:wild_armor_trim_smithing_template":2,"exdeorum:stone_pebble":3086,"minecraft:iron_ingot":30,"minecraft:iron_sword":4,"botania:mana_spreader":1,"minecraft:soul_sand":10,"minecraft:green_dye":1,"minecraft:emerald_block":1,"dankstorage:dank_1":1,"minecraft:oak_slab":283,"exdeorum:deepslate_pebble":955,"botania:purple_petal":3,"exdeorum:lead_ore_chunk":608,"allthecompressed:gravel_1x":2,"botania:quartz_mana":4,"minecraft:dandelion":8,"minecraft:gravel":6579,"minecraft:amethyst_shard":398,"minecraft:white_bed":1,"botania:white_petal":6,"projecte:medium_covalence_dust":8,"forcecraft:recovery_heart":6,"exdeorum:silver_ore_chunk":583,"minecraft:spider_eye":429,"minecraft:diamond_shovel":2,"mekanismgenerators:wind_generator":1,"cookingforblockheads:sink":3,"forbidden_arcanus:arcane_crystal":173,"minecraft:pumpkin_seeds":137,"exdeorum:aluminum_ore_chunk":592,"thermal:redstone_servo":2,"minecraft:polished_diorite":11,"mekanism:advanced_universal_cable":2,"minecraft:stone_axe":1,"botania:orange_mystical_flower":1,"minecraft:iron_helmet":1,"mekanism:fluorite_gem":503,"minecraft:gray_wool":1,"minecraft:oak_button":2,"minecraft:baked_potato":14,"tombstone:magic_scroll":1,"minecraft:melon_seeds":130,"minecraft:coal":541,"minecraft:hopper":2,"minecraft:ender_pearl":76,"alltheores:copper_ore_hammer":3},"minecraft:mined":{"botania:mana_pool":1,"minecraft:white_bed":1,"minecraft:oak_sapling":11,"mekanism:advanced_universal_cable":2,"mekanism:electrolytic_separator":1,"botania:red_mystical_flower":23,"powah:energizing_orb":1,"botania:pink_double_flower":1,"minecraft:obsidian":12,"botania:livingwood_log":24,"minecraft:grass_block":2,"minecraft:polished_diorite":43,"minecraft:hopper":2,"botania:light_gray_mystical_flower":13,"botania:apothecary_default":2,"botania:purple_mystical_flower":19,"minecraft:iron_ore":11,"botania:brown_mystical_flower":14,"botania:light_blue_mystical_flower":17,"sophisticatedbackpacks:copper_backpack":1,"botania:green_mystical_flower":21,"botania:orange_mystical_flower":15,"mekanism:advanced_crushing_factory":5,"mekanism:enrichment_chamber":1,"minecraft:torch":3,"mekanism:advanced_purifying_factory":1,"botania:green_double_flower":3,"mekanismgenerators:bio_generator":5,"minecraft:chest":32,"mekanism:advanced_smelting_factory":2,"botania:endoflame":4,"minecraft:cobblestone":38,"mekanism:advanced_enriching_factory":2,"botania:blue_mystical_flower":20,"minecraft:oak_planks":11,"botania:black_mystical_flower":22,"mekanism:advanced_logistical_transporter":2,"thermal:machine_insolator":2,"minecraft:oak_log":45,"minecraft:sand":3,"minecraft:dirt":7,"allthecompressed:cobblestone_1x":615,"mekanism:basic_universal_cable":18,"minecraft:oak_leaves":129,"botania:magenta_double_flower":1,"botania:orange_double_flower":1,"alltheores:osmium_ore":28,"powah:solar_panel_basic":2,"mekanism:advanced_infusing_factory":3,"botania:cyan_double_flower":1,"botania:magenta_mystical_flower":9,"botania:livingrock":51,"botania:pure_daisy":1,"minecraft:stripped_oak_log":1,"botania:mana_spreader":1,"minecraft:stone":1,"farmingforblockheads:market":2,"minecraft:oak_slab":237,"botania:lime_mystical_flower":11,"botania:white_buried_petals":2,"exdeorum:infested_leaves":150,"pipez:item_pipe":3,"minecraft:polished_granite":50,"minecraft:crafting_table":2,"botania:yellow_double_flower":2,"powah:energizing_rod_spirited":1,"allthecompressed:gravel_1x":94,"minecraft:copper_ore":54,"mekanism:metallurgic_infuser":2,"craftingstation:crafting_station":1,"botania:pink_mystical_flower":18,"minecraft:cactus":2,"botania:red_double_flower":1,"botania:cyan_mystical_flower":22,"cookingforblockheads:sink":3,"botania:white_mystical_flower":20,"botania:yellow_mystical_flower":14,"minecraft:gravel":66,"botania:gray_mystical_flower":21,"minecraft:gold_ore":5},"minecraft:killed_by":{"minecraft:wither_skeleton":9,"minecraft:piglin":4,"minecraft:zombie":1,"minecraft:enderman":1,"minecraft:hoglin":1},"minecraft:dropped":{"exdeorum:basalt_pebble":211,"minecraft:clay":34,"minecraft:porkchop":2,"minecraft:cooked_beef":1,"minecraft:oak_log":4,"exdeorum:copper_ore_chunk":6,"constructionwand:stone_wand":3,"everlastingabilities:ability_totem":4,"refinedstorage:4k_storage_part":1,"reliquary:chelicerae":49,"minecraft:emerald":45,"botania:black_petal":2,"minecraft:flint":301,"minecraft:dirt":17,"ars_nouveau:blue_archwood_sapling":1,"exdeorum:compressed_stone_hammer":3,"exdeorum:granite_pebble":211,"exdeorum:crook":2,"minecraft:gold_nugget":8,"minecraft:sand":1418,"botania:white_petal":20,"minecraft:white_wool":1,"minecraft:gold_ingot":33,"minecraft:bone":38,"minecraft:stone_axe":1,"exdeorum:string_mesh":2,"minecraft:obsidian":12,"minecraft:pointed_dripstone":27,"minecraft:netherite_sword":1,"minecraft:rotten_flesh":41,"minecraft:carrot":1,"supplementaries:ash":34,"minecraft:gunpowder":7,"mysticalagriculture:inferium_essence":36,"apotheosis:gem":2,"minecraft:arrow":32,"minecraft:iron_ore":1,"minecraft:egg":7,"reliquary:zombie_heart":3,"minecraft:water_bucket":1,"minecraft:iron_ingot":4,"minecraft:oak_slab":16,"minecraft:wheat_seeds":3,"exdeorum:deepslate_pebble":195,"botania:red_petal":1,"minecraft:feather":3,"minecraft:cobblestone":5,"everlastingabilities:ability_bottle":2,"minecraft:coal":1,"minecraft:stick":21,"minecraft:lava_bucket":1,"minecraft:gray_wool":1,"refinedstorage:network_card":2,"minecraft:diorite":116,"minecraft:green_dye":1,"minecraft:wooden_axe":6,"alltheores:copper_ore_hammer":2,"botania:lime_petal":3,"minecraft:potion":1,"minecraft:dead_bush":4,"minecraft:bucket":2,"minecraft:string":60,"exdeorum:stone_pebble":30,"reliquary:rib_bone":1,"pickletweaks:emerald_pickaxe":1,"forbidden_arcanus:ender_pearl_fragment":60,"mekanism:configurator":1,"minecraft:raw_iron":39,"minecraft:iron_boots":1,"minecraft:stripped_oak_log":1,"pipez:item_pipe":1,"minecraft:shield":1,"minecraft:oak_button":65,"minecraft:bundle":2,"botania:livingwood_log":1,"exdeorum:diorite_pebble":216,"minecraft:oak_sapling":17,"minecraft:spider_eye":88,"minecraft:redstone_torch":4,"minecraft:bow":3,"exdeorum:blackstone_pebble":213,"exdeorum:andesite_pebble":210,"pipez:wrench":1},"minecraft:crafted":{"botania:green_petal":2,"minecraft:oak_planks":316,"mekanism:electrolytic_separator":1,"mekanism:electrolytic_core":1,"botania:mana_pool":1,"minecraft:stone":0,"minecraft:cooked_mutton":0,"alltheores:osmium_ore":239,"botania:red_petal":2,"mekanism:basic_tier_installer":5,"minecraft:glass":0,"minecraft:hopper":1,"botania:twig_wand":1,"minecraft:diamond_leggings":2,"minecraft:diamond_helmet":3,"alltheores:osmium_dust":58,"minecraft:bow":1,"minecraft:netherite_boots":1,"refinedstorage:4k_storage_part":1,"tombstone:grave_key":11,"minecraft:chest":7,"minecraft:oak_button":63,"minecraft:copper_block":15,"minecraft:netherite_upgrade_smithing_template":18,"minecraft:magenta_dye":4,"mekanism:elite_control_circuit":2,"exdeorum:stone_hammer":35,"mekanism:advanced_logistical_transporter":8,"minecraft:oak_slab":60,"botania:cyan_petal":4,"minecraft:arrow":96,"minecraft:diamond_axe":2,"minecraft:crafting_table":1,"alltheores:diamond_dust":16,"minecraft:gold_ore":249,"minecraft:copper_ingot":0,"mekanism:purification_chamber":1,"botania:livingwood_twig":3,"botania:lime_petal":4,"minecraft:diamond_pickaxe":2,"minecraft:charcoal":0,"minecraft:yellow_dye":4,"mekanism:steel_casing":5,"minecraft:shield":1,"constructionwand:stone_wand":11,"minecraft:stick":40,"mekanism:crusher":1,"minecraft:light_blue_dye":2,"minecraft:iron_ingot":42,"minecraft:stone_sword":1,"minecraft:iron_block":3,"minecraft:iron_ore":156,"minecraft:gold_ingot":0,"botania:apothecary_default":1,"minecraft:redstone_torch":4,"minecraft:netherite_ingot":1,"mekanism:basic_logistical_transporter":8,"mekanism:advanced_universal_cable":24,"alltheores:osmium_nugget":36,"minecraft:redstone":45,"mekanism:basic_universal_cable":8,"minecraft:coal":9,"minecraft:netherite_sword":2,"forbidden_arcanus:rotten_leather":2,"minecraft:furnace":2,"alltheores:gold_dust":53,"mekanism:energized_smelter":1,"botania:blue_petal":2,"mekanism:advanced_tier_installer":5,"refinedstorage:quartz_enriched_iron":4,"allthecompressed:cobblestone_1x":701,"minecraft:pink_dye":2,"allthecompressed:gravel_1x":108,"botania:black_petal":2,"alltheores:copper_ore_hammer":8,"mekanismgenerators:bio_generator":1,"minecraft:polished_diorite":48,"refinedstorage:network_card":1,"botania:white_petal":12,"botania:flower_bag":1,"minecraft:lime_dye":2,"minecraft:stone_pickaxe":1,"minecraft:diamond_boots":2,"botania:light_blue_petal":2,"alltheores:steel_ingot":0,"minecraft:netherite_scrap":0,"minecraft:cooked_beef":0,"botania:pink_petal":2,"constructionwand:infinity_wand":1,"botania:fertilizer":91,"minecraft:diamond_sword":5,"minecraft:cyan_dye":7,"mekanism:metallurgic_infuser":1,"botania:yellow_petal":6,"botania:mana_spreader":1,"mekanism:superheating_element":1,"minecraft:polished_granite":64,"exdeorum:compressed_stone_hammer":24,"minecraft:copper_ore":474,"minecraft:bucket":1,"minecraft:stone_axe":9,"minecraft:orange_dye":2,"minecraft:air":133,"exdeorum:crook":1,"mekanism:upgrade_speed":44,"minecraft:blue_dye":188,"botania:orange_petal":5,"minecraft:white_wool":10,"minecraft:white_dye":156,"mekanism:enrichment_chamber":2,"mekanism:upgrade_energy":44,"botania:magenta_petal":4,"minecraft:wooden_axe":17,"allthecompressed:cobblestone_2x":14,"mekanism:advanced_control_circuit":14,"minecraft:anvil":1,"alltheores:iron_dust":124,"mekanism:elite_tier_installer":1,"minecraft:diamond_chestplate":2},"minecraft:broken":{"minecraft:stone_axe":2,"minecraft:wooden_axe":4,"constructionwand:stone_wand":8,"exdeorum:crook":1}},"DataVersion":3465}