{"stats":{"minecraft:mined":{"minecraft:jungle_leaves":2,"minecraft:potted_cactus":1,"minecraft:granite":6,"minecraft:red_sand":2,"minecraft:grass_block":173,"minecraft:jungle_log":6,"minecraft:soul_soil":1,"minecraft:nether_wart":20,"minecraft:sandstone_stairs":2,"minecraft:spawner":1,"minecraft:glowstone":12,"minecraft:iron_ore":1,"minecraft:fire":18,"minecraft:smooth_sandstone_stairs":3,"minecraft:green_bed":3,"minecraft:sandstone_slab":27,"minecraft:crimson_nylium":1,"minecraft:soul_fire":2,"minecraft:torch":12,"minecraft:chest":1,"minecraft:dead_bush":10,"minecraft:cobblestone":21,"minecraft:cyan_bed":4,"minecraft:sugar_cane":160,"minecraft:iron_door":2,"minecraft:smooth_sandstone_slab":12,"minecraft:wall_torch":13,"minecraft:blue_terracotta":1,"minecraft:wheat":6,"minecraft:oak_log":135,"minecraft:sand":491,"minecraft:dirt":347,"minecraft:sandstone_wall":10,"minecraft:netherrack":19,"minecraft:oak_leaves":25,"minecraft:deepslate":2,"minecraft:nether_gold_ore":13,"minecraft:nether_bricks":136,"minecraft:spruce_leaves":88,"minecraft:sandstone":30,"minecraft:crimson_stem":5,"minecraft:hay_block":124,"minecraft:spruce_sapling":72,"minecraft:furnace":2,"minecraft:carrots":24,"minecraft:andesite":21,"minecraft:bell":1,"minecraft:nether_brick_fence":13,"minecraft:bookshelf":1,"minecraft:cobblestone_slab":6,"minecraft:vine":2,"minecraft:rail":1,"minecraft:bamboo":14,"minecraft:stone":267,"minecraft:bone_block":3,"minecraft:podzol":12,"minecraft:scaffolding":8,"minecraft:soul_sand":28,"minecraft:smooth_sandstone":4,"minecraft:crafting_table":1,"minecraft:short_grass":12,"minecraft:tall_grass":2,"minecraft:diorite":2,"minecraft:warped_wart_block":2,"minecraft:lime_bed":2,"minecraft:cactus":36,"minecraft:cobblestone_wall":14,"minecraft:spruce_log":3425,"minecraft:birch_leaves":1,"minecraft:coal_ore":53,"minecraft:cobweb":4,"minecraft:stone_bricks":1,"minecraft:fern":2},"minecraft:broken":{"minecraft:iron_shovel":2,"minecraft:stone_axe":1,"minecraft:iron_sword":1,"minecraft:iron_axe":2},"minecraft:dropped":{"minecraft:lapis_lazuli":66,"minecraft:cooked_beef":38,"minecraft:oak_log":23,"minecraft:sandstone_stairs":2,"minecraft:sandstone_slab":2133,"minecraft:saddle":1,"minecraft:rail":1,"minecraft:emerald":94,"minecraft:dirt":870,"minecraft:crimson_roots":1,"minecraft:cut_sandstone":17,"minecraft:jungle_sapling":2,"minecraft:gold_nugget":59,"minecraft:bone_meal":130,"minecraft:bone_block":1,"minecraft:sand":72,"minecraft:iron_pickaxe":2,"minecraft:bone":62,"minecraft:stone_axe":1,"minecraft:smooth_sandstone_stairs":17,"minecraft:rotten_flesh":50,"minecraft:oak_planks":20,"minecraft:diamond_shovel":1,"minecraft:carrot":69,"minecraft:rabbit_hide":1,"minecraft:soul_campfire":50,"minecraft:gunpowder":3,"minecraft:beetroot_seeds":2,"minecraft:spruce_pressure_plate":64,"minecraft:campfire":25,"minecraft:scaffolding":165,"minecraft:green_stained_glass":3,"minecraft:netherrack":17,"minecraft:iron_ingot":50,"minecraft:bread":339,"minecraft:oak_slab":37,"minecraft:wheat_seeds":2,"minecraft:iron_helmet":1,"minecraft:cobblestone":50,"minecraft:granite":4,"minecraft:stick":88,"minecraft:torch":38,"minecraft:iron_door":2,"minecraft:jungle_door":1,"minecraft:iron_axe":2,"minecraft:cactus":4,"minecraft:string":18,"minecraft:smooth_sandstone":76,"minecraft:bucket":1,"minecraft:spruce_sapling":2,"minecraft:chiseled_sandstone":2,"minecraft:soul_soil":1,"minecraft:blaze_rod":3,"minecraft:nether_wart":4,"minecraft:stone_sword":5,"minecraft:raw_iron":1,"minecraft:stone_shovel":4,"minecraft:wither_skeleton_skull":1,"minecraft:ender_eye":1,"minecraft:nether_bricks":210,"minecraft:diamond_sword":1,"minecraft:andesite":19,"minecraft:oak_sapling":18,"minecraft:spider_eye":12,"minecraft:bamboo":74,"minecraft:spruce_log":167,"minecraft:sandstone":29,"minecraft:bow":5,"minecraft:stone_pickaxe":1,"minecraft:magma_cream":1,"minecraft:terracotta":15},"minecraft:killed":{"minecraft:cave_spider":4,"minecraft:witch":1,"minecraft:spider":17,"minecraft:skeleton":84,"minecraft:magma_cube":4,"minecraft:pig":1,"minecraft:zombie_villager":1,"minecraft:iron_golem":1,"minecraft:creeper":6,"minecraft:trader_llama":2,"minecraft:pillager":2,"minecraft:zombie":15,"minecraft:ghast":1,"minecraft:blaze":27,"minecraft:husk":36,"minecraft:rabbit":9,"minecraft:wither_skeleton":18,"minecraft:villager":1,"minecraft:enderman":1},"minecraft:used":{"minecraft:red_sand":2,"minecraft:melon":2,"minecraft:iron_shovel":501,"minecraft:chest":6,"minecraft:shield":87,"minecraft:iron_sword":355,"minecraft:bell":1,"minecraft:rotten_flesh":3,"minecraft:soul_sand":3,"minecraft:nether_bricks":4,"minecraft:carrot":81,"minecraft:bow":146,"minecraft:scaffolding":57,"minecraft:furnace":2,"minecraft:oak_sapling":3,"minecraft:diorite":2,"minecraft:stone_pickaxe":117,"minecraft:cactus":43,"minecraft:wooden_pickaxe":7,"minecraft:sandstone":21,"minecraft:diamond_axe":2432,"minecraft:sugar_cane":8,"minecraft:golden_apple":2,"minecraft:sand":17,"minecraft:lever":1,"minecraft:cyan_bed":2,"minecraft:bread":205,"minecraft:diamond_sword":165,"minecraft:fire_charge":1,"minecraft:cooked_rabbit":6,"minecraft:andesite":10,"minecraft:oak_boat":6,"minecraft:bone_meal":129,"minecraft:stone_sword":79,"minecraft:flint_and_steel":2,"minecraft:sandstone_wall":4,"minecraft:netherrack":6,"minecraft:torch":173,"minecraft:dirt":80,"minecraft:warped_wart_block":1,"minecraft:cobblestone_wall":26,"minecraft:golden_chestplate":1,"minecraft:iron_hoe":80,"minecraft:bookshelf":1,"minecraft:iron_axe":1065,"minecraft:smooth_sandstone":3,"minecraft:golden_carrot":46,"minecraft:goat_horn":1,"minecraft:cooked_beef":5,"minecraft:crimson_stem":1,"minecraft:cooked_mutton":4,"minecraft:water_bucket":33,"minecraft:cut_sandstone":1,"minecraft:cobblestone_slab":6,"minecraft:rail":1,"minecraft:crafting_table":3,"minecraft:lime_bed":1,"minecraft:spruce_log":7,"minecraft:smoker":1,"minecraft:oak_log":1,"minecraft:flower_pot":1,"minecraft:diamond_pickaxe":442,"minecraft:apple":1,"minecraft:diamond_shovel":423,"minecraft:iron_pickaxe":170,"minecraft:spruce_sapling":320,"minecraft:stone_axe":133,"minecraft:crimson_sign":1,"minecraft:cobblestone":76,"minecraft:cooked_porkchop":7,"minecraft:jungle_door":1,"minecraft:sandstone_slab":663,"minecraft:bucket":32},"minecraft:picked_up":{"minecraft:wheat":9,"minecraft:nether_brick_fence":4,"minecraft:flower_pot":1,"minecraft:diamond_sword":3,"minecraft:lead":2,"minecraft:string":53,"minecraft:soul_soil":1,"minecraft:diamond_leggings":5,"minecraft:red_sand":2,"minecraft:gold_nugget":59,"minecraft:cobbled_deepslate":2,"minecraft:spruce_planks":97,"minecraft:cobblestone_slab":22,"minecraft:ender_eye":1,"minecraft:iron_pickaxe":7,"minecraft:furnace":2,"minecraft:crimson_sign":1,"minecraft:golden_helmet":2,"minecraft:spruce_pressure_plate":64,"minecraft:stick":260,"minecraft:jungle_door":2,"minecraft:torch":150,"minecraft:green_bed":3,"minecraft:sandstone_wall":78,"minecraft:porkchop":2,"minecraft:diorite":3,"minecraft:rabbit_foot":2,"minecraft:stone_sword":7,"minecraft:cactus":109,"minecraft:rotten_flesh":125,"minecraft:blaze_rod":8,"minecraft:cobblestone":509,"minecraft:magma_cream":1,"minecraft:cooked_beef":5,"minecraft:iron_door":4,"minecraft:andesite":48,"minecraft:water_bucket":1,"minecraft:jungle_log":6,"minecraft:smoker":1,"minecraft:potato":55,"minecraft:smooth_sandstone_stairs":17,"minecraft:wither_skeleton_skull":1,"minecraft:lapis_lazuli":174,"minecraft:dirt":989,"minecraft:glass":85,"minecraft:bone":147,"minecraft:bow":20,"minecraft:wheat_seeds":27,"minecraft:bell":1,"minecraft:mossy_stone_bricks":2,"minecraft:bamboo":148,"minecraft:glowstone_dust":33,"minecraft:rabbit":4,"minecraft:diamond_helmet":4,"minecraft:oak_planks":1,"minecraft:cooked_porkchop":7,"minecraft:warped_wart_block":1,"minecraft:sand":742,"minecraft:melon":6,"minecraft:cyan_bed":4,"minecraft:chiseled_sandstone":2,"minecraft:iron_hoe":2,"minecraft:sugar":6,"minecraft:diamond":10,"minecraft:lever":1,"minecraft:granite":13,"minecraft:bone_meal":103,"minecraft:golden_apple":3,"minecraft:bread":442,"minecraft:emerald":1,"minecraft:oak_sapling":30,"minecraft:netherrack":31,"minecraft:crimson_roots":1,"minecraft:diamond_pickaxe":5,"minecraft:crafting_table":1,"minecraft:sandstone_slab":2293,"minecraft:nether_wart":5,"minecraft:cooked_rabbit":6,"minecraft:shield":15,"minecraft:oak_trapdoor":6,"minecraft:iron_axe":5,"minecraft:flint_and_steel":1,"minecraft:cracked_stone_bricks":5,"minecraft:oak_boat":9,"minecraft:jungle_sapling":2,"minecraft:spruce_slab":32,"minecraft:minecart":2,"minecraft:chest":3,"minecraft:sugar_cane":311,"minecraft:raw_iron":1,"minecraft:sandstone":299,"minecraft:stone_button":2,"minecraft:carrot":160,"minecraft:redstone":8,"minecraft:smooth_sandstone_slab":25,"minecraft:diamond_chestplate":4,"minecraft:arrow":333,"minecraft:stone_shovel":6,"minecraft:beetroot_seeds":2,"minecraft:nether_bricks":244,"minecraft:diamond_boots":5,"minecraft:hay_block":127,"minecraft:sandstone_stairs":6,"minecraft:saddle":1,"minecraft:rail":5,"minecraft:bone_block":1,"minecraft:soul_campfire":50,"minecraft:lime_bed":2,"minecraft:golden_carrot":40,"minecraft:crimson_stem":1,"minecraft:cut_sandstone":18,"minecraft:oak_log":170,"minecraft:gunpowder":11,"minecraft:cobblestone_wall":24,"minecraft:cooked_mutton":4,"minecraft:smooth_sandstone":85,"minecraft:stone_bricks":16,"minecraft:rabbit_hide":5,"minecraft:iron_ingot":8,"minecraft:stone_pickaxe":1,"minecraft:soul_sand":28,"minecraft:iron_sword":2,"minecraft:book":3,"minecraft:scaffolding":182,"minecraft:oak_slab":148,"minecraft:green_stained_glass":3,"minecraft:spruce_sapling":373,"minecraft:spruce_log":3473,"minecraft:spider_eye":15,"minecraft:diamond_shovel":2,"minecraft:campfire":50,"minecraft:stone_axe":3,"minecraft:iron_helmet":2,"minecraft:diamond_axe":4,"minecraft:terracotta":15,"minecraft:coal":136},"minecraft:killed_by":{"minecraft:cave_spider":1,"minecraft:blaze":1,"minecraft:husk":1,"minecraft:skeleton":1},"minecraft:custom":{"minecraft:interact_with_crafting_table":44,"minecraft:open_barrel":32,"minecraft:bell_ring":62,"minecraft:leave_game":8,"minecraft:time_since_death":170561,"minecraft:sprint_one_cm":1623846,"minecraft:damage_blocked_by_shield":2522,"minecraft:drop":260,"minecraft:talked_to_villager":81,"minecraft:play_time":675480,"minecraft:deaths":7,"minecraft:jump":18176,"minecraft:walk_on_water_one_cm":67302,"minecraft:interact_with_furnace":34,"minecraft:traded_with_villager":209,"minecraft:interact_with_cartography_table":2,"minecraft:sleep_in_bed":10,"minecraft:damage_dealt":34138,"minecraft:crouch_one_cm":48158,"minecraft:interact_with_smoker":3,"minecraft:inspect_dispenser":4,"minecraft:horse_one_cm":647868,"minecraft:mob_kills":233,"minecraft:interact_with_anvil":9,"minecraft:climb_one_cm":143067,"minecraft:walk_one_cm":1390494,"minecraft:sneak_time":11880,"minecraft:walk_under_water_one_cm":87430,"minecraft:interact_with_blast_furnace":4,"minecraft:total_world_time":675480,"minecraft:pot_flower":1,"minecraft:interact_with_grindstone":2,"minecraft:time_since_rest":119692,"minecraft:damage_absorbed":80,"minecraft:damage_taken":13638,"minecraft:swim_one_cm":55000,"minecraft:fly_one_cm":4206749,"minecraft:open_chest":254,"minecraft:fall_one_cm":549401},"minecraft:crafted":{"minecraft:oak_planks":56,"minecraft:cobblestone_slab":18,"minecraft:bookshelf":1,"minecraft:bow":5,"minecraft:chest":6,"minecraft:emerald":225,"minecraft:soul_campfire":25,"minecraft:crafting_table":3,"minecraft:spruce_planks":3148,"minecraft:wooden_pickaxe":1,"minecraft:campfire":25,"minecraft:charcoal":24,"minecraft:shield":1,"minecraft:stick":5964,"minecraft:iron_ingot":49,"minecraft:iron_pickaxe":4,"minecraft:stone_sword":1,"minecraft:composter":10,"minecraft:golden_carrot":72,"minecraft:bone_meal":126,"minecraft:iron_axe":5,"minecraft:spruce_slab":102,"minecraft:iron_hoe":1,"minecraft:stone_pickaxe":1,"minecraft:cobblestone_wall":24,"minecraft:wheat":909,"minecraft:cooked_beef":38,"minecraft:diamond_sword":1,"minecraft:iron_sword":2,"minecraft:sandstone_slab":768,"minecraft:stone_axe":1,"minecraft:enchanted_book":3,"minecraft:bread":308,"minecraft:air":0,"minecraft:jungle_planks":24,"minecraft:iron_shovel":2,"minecraft:torch":76}},"DataVersion":3953}