{"stats":{"minecraft:mined":{"minecraft:jungle_leaves":2,"minecraft:potted_cactus":1,"minecraft:granite":1,"minecraft:red_sand":2,"minecraft:grass_block":172,"minecraft:jungle_log":6,"minecraft:soul_soil":1,"minecraft:nether_wart":20,"minecraft:sandstone_stairs":2,"minecraft:spawner":1,"minecraft:glowstone":12,"minecraft:iron_ore":1,"minecraft:fire":17,"minecraft:smooth_sandstone_stairs":3,"minecraft:green_bed":3,"minecraft:sandstone_slab":4,"minecraft:crimson_nylium":1,"minecraft:soul_fire":2,"minecraft:torch":12,"minecraft:chest":1,"minecraft:dead_bush":9,"minecraft:cobblestone":16,"minecraft:cyan_bed":4,"minecraft:sugar_cane":160,"minecraft:smooth_sandstone_slab":12,"minecraft:wall_torch":6,"minecraft:blue_terracotta":1,"minecraft:wheat":6,"minecraft:oak_log":124,"minecraft:sand":378,"minecraft:dirt":337,"minecraft:sandstone_wall":10,"minecraft:netherrack":15,"minecraft:oak_leaves":24,"minecraft:nether_gold_ore":13,"minecraft:nether_bricks":31,"minecraft:spruce_leaves":87,"minecraft:sandstone":30,"minecraft:crimson_stem":5,"minecraft:hay_block":124,"minecraft:spruce_sapling":15,"minecraft:furnace":2,"minecraft:carrots":24,"minecraft:andesite":15,"minecraft:bell":1,"minecraft:nether_brick_fence":12,"minecraft:cobblestone_slab":6,"minecraft:vine":2,"minecraft:rail":1,"minecraft:stone":68,"minecraft:bone_block":3,"minecraft:podzol":12,"minecraft:soul_sand":28,"minecraft:smooth_sandstone":4,"minecraft:crafting_table":1,"minecraft:short_grass":11,"minecraft:diorite":2,"minecraft:warped_wart_block":2,"minecraft:lime_bed":2,"minecraft:cactus":36,"minecraft:cobblestone_wall":14,"minecraft:spruce_log":2537,"minecraft:birch_leaves":1,"minecraft:coal_ore":29,"minecraft:cobweb":4,"minecraft:fern":2},"minecraft:broken":{"minecraft:iron_shovel":2,"minecraft:stone_axe":1,"minecraft:iron_sword":1,"minecraft:iron_axe":2},"minecraft:dropped":{"minecraft:lapis_lazuli":66,"minecraft:cooked_beef":38,"minecraft:oak_log":12,"minecraft:sandstone_stairs":2,"minecraft:sandstone_slab":2,"minecraft:saddle":1,"minecraft:dirt":870,"minecraft:crimson_roots":1,"minecraft:cut_sandstone":17,"minecraft:jungle_sapling":2,"minecraft:gold_nugget":59,"minecraft:bone_meal":130,"minecraft:bone_block":1,"minecraft:sand":72,"minecraft:iron_pickaxe":2,"minecraft:bone":48,"minecraft:stone_axe":1,"minecraft:smooth_sandstone_stairs":17,"minecraft:rotten_flesh":42,"minecraft:oak_planks":20,"minecraft:diamond_shovel":1,"minecraft:carrot":69,"minecraft:gunpowder":2,"minecraft:beetroot_seeds":2,"minecraft:spruce_pressure_plate":64,"minecraft:netherrack":16,"minecraft:iron_ingot":49,"minecraft:bread":339,"minecraft:oak_slab":37,"minecraft:wheat_seeds":2,"minecraft:iron_helmet":1,"minecraft:cobblestone":50,"minecraft:granite":4,"minecraft:stick":88,"minecraft:torch":38,"minecraft:jungle_door":1,"minecraft:iron_axe":2,"minecraft:cactus":4,"minecraft:string":15,"minecraft:smooth_sandstone":76,"minecraft:bucket":1,"minecraft:spruce_sapling":2,"minecraft:chiseled_sandstone":2,"minecraft:soul_soil":1,"minecraft:blaze_rod":3,"minecraft:nether_wart":4,"minecraft:stone_sword":3,"minecraft:raw_iron":1,"minecraft:stone_shovel":4,"minecraft:andesite":15,"minecraft:oak_sapling":18,"minecraft:spider_eye":10,"minecraft:sandstone":27,"minecraft:bow":5,"minecraft:stone_pickaxe":1,"minecraft:magma_cream":1,"minecraft:terracotta":15},"minecraft:killed":{"minecraft:cave_spider":4,"minecraft:witch":1,"minecraft:spider":11,"minecraft:skeleton":77,"minecraft:magma_cube":3,"minecraft:pig":1,"minecraft:zombie_villager":1,"minecraft:iron_golem":1,"minecraft:creeper":2,"minecraft:trader_llama":2,"minecraft:pillager":2,"minecraft:zombie":6,"minecraft:blaze":15,"minecraft:husk":24,"minecraft:rabbit":7},"minecraft:used":{"minecraft:red_sand":2,"minecraft:iron_shovel":501,"minecraft:chest":6,"minecraft:shield":84,"minecraft:iron_sword":355,"minecraft:bell":1,"minecraft:rotten_flesh":3,"minecraft:soul_sand":3,"minecraft:nether_bricks":4,"minecraft:carrot":81,"minecraft:bow":59,"minecraft:furnace":2,"minecraft:oak_sapling":3,"minecraft:diorite":2,"minecraft:stone_pickaxe":117,"minecraft:cactus":43,"minecraft:wooden_pickaxe":7,"minecraft:sandstone":17,"minecraft:diamond_axe":1527,"minecraft:sugar_cane":8,"minecraft:golden_apple":2,"minecraft:sand":15,"minecraft:lever":1,"minecraft:cyan_bed":2,"minecraft:bread":197,"minecraft:diamond_sword":29,"minecraft:fire_charge":1,"minecraft:cooked_rabbit":4,"minecraft:andesite":10,"minecraft:oak_boat":6,"minecraft:bone_meal":99,"minecraft:stone_sword":79,"minecraft:flint_and_steel":2,"minecraft:sandstone_wall":4,"minecraft:netherrack":6,"minecraft:torch":70,"minecraft:dirt":80,"minecraft:warped_wart_block":1,"minecraft:cobblestone_wall":26,"minecraft:golden_chestplate":1,"minecraft:iron_hoe":80,"minecraft:iron_axe":1065,"minecraft:smooth_sandstone":3,"minecraft:goat_horn":1,"minecraft:cooked_beef":5,"minecraft:crimson_stem":1,"minecraft:cooked_mutton":4,"minecraft:water_bucket":33,"minecraft:cut_sandstone":1,"minecraft:cobblestone_slab":6,"minecraft:rail":1,"minecraft:crafting_table":3,"minecraft:lime_bed":1,"minecraft:smoker":1,"minecraft:spruce_log":3,"minecraft:oak_log":1,"minecraft:flower_pot":1,"minecraft:diamond_pickaxe":50,"minecraft:diamond_shovel":314,"minecraft:iron_pickaxe":170,"minecraft:spruce_sapling":175,"minecraft:crimson_sign":1,"minecraft:stone_axe":133,"minecraft:cobblestone":25,"minecraft:cooked_porkchop":7,"minecraft:jungle_door":1,"minecraft:bucket":32},"minecraft:picked_up":{"minecraft:wheat":9,"minecraft:nether_brick_fence":4,"minecraft:flower_pot":1,"minecraft:lead":2,"minecraft:string":46,"minecraft:soul_soil":1,"minecraft:diamond_leggings":1,"minecraft:red_sand":2,"minecraft:gold_nugget":59,"minecraft:cobblestone_slab":22,"minecraft:iron_pickaxe":7,"minecraft:furnace":2,"minecraft:crimson_sign":1,"minecraft:golden_helmet":2,"minecraft:spruce_pressure_plate":64,"minecraft:stick":233,"minecraft:jungle_door":2,"minecraft:torch":98,"minecraft:green_bed":3,"minecraft:sandstone_wall":78,"minecraft:porkchop":2,"minecraft:diorite":3,"minecraft:rabbit_foot":1,"minecraft:stone_sword":5,"minecraft:cactus":109,"minecraft:rotten_flesh":84,"minecraft:blaze_rod":6,"minecraft:cobblestone":306,"minecraft:magma_cream":1,"minecraft:cooked_beef":5,"minecraft:andesite":39,"minecraft:water_bucket":1,"minecraft:jungle_log":6,"minecraft:smoker":1,"minecraft:potato":55,"minecraft:smooth_sandstone_stairs":17,"minecraft:lapis_lazuli":174,"minecraft:dirt":974,"minecraft:glass":85,"minecraft:bone":106,"minecraft:bow":19,"minecraft:wheat_seeds":27,"minecraft:bell":1,"minecraft:glowstone_dust":33,"minecraft:diamond_helmet":1,"minecraft:rabbit":4,"minecraft:oak_planks":1,"minecraft:cooked_porkchop":7,"minecraft:warped_wart_block":1,"minecraft:sand":629,"minecraft:cyan_bed":4,"minecraft:chiseled_sandstone":2,"minecraft:iron_hoe":2,"minecraft:sugar":6,"minecraft:diamond":6,"minecraft:lever":1,"minecraft:granite":8,"minecraft:bone_meal":103,"minecraft:golden_apple":3,"minecraft:bread":442,"minecraft:emerald":1,"minecraft:oak_sapling":30,"minecraft:netherrack":30,"minecraft:crimson_roots":1,"minecraft:diamond_pickaxe":2,"minecraft:crafting_table":1,"minecraft:sandstone_slab":10,"minecraft:nether_wart":5,"minecraft:cooked_rabbit":4,"minecraft:shield":12,"minecraft:oak_trapdoor":6,"minecraft:iron_axe":5,"minecraft:flint_and_steel":1,"minecraft:oak_boat":9,"minecraft:jungle_sapling":2,"minecraft:minecart":2,"minecraft:chest":3,"minecraft:sugar_cane":311,"minecraft:raw_iron":1,"minecraft:sandstone":104,"minecraft:carrot":160,"minecraft:redstone":8,"minecraft:smooth_sandstone_slab":25,"minecraft:diamond_chestplate":1,"minecraft:arrow":230,"minecraft:stone_shovel":6,"minecraft:beetroot_seeds":2,"minecraft:nether_bricks":34,"minecraft:diamond_boots":1,"minecraft:hay_block":127,"minecraft:sandstone_stairs":6,"minecraft:saddle":1,"minecraft:rail":4,"minecraft:bone_block":1,"minecraft:lime_bed":2,"minecraft:crimson_stem":1,"minecraft:cut_sandstone":18,"minecraft:oak_log":159,"minecraft:gunpowder":9,"minecraft:cobblestone_wall":24,"minecraft:cooked_mutton":4,"minecraft:smooth_sandstone":85,"minecraft:rabbit_hide":4,"minecraft:iron_ingot":8,"minecraft:stone_pickaxe":1,"minecraft:soul_sand":28,"minecraft:iron_sword":2,"minecraft:oak_slab":148,"minecraft:spruce_sapling":266,"minecraft:spruce_log":2545,"minecraft:spider_eye":10,"minecraft:diamond_shovel":1,"minecraft:stone_axe":3,"minecraft:iron_helmet":2,"minecraft:diamond_axe":1,"minecraft:terracotta":15,"minecraft:coal":65},"minecraft:killed_by":{"minecraft:cave_spider":1,"minecraft:blaze":1,"minecraft:husk":1,"minecraft:skeleton":1},"minecraft:custom":{"minecraft:interact_with_crafting_table":40,"minecraft:open_barrel":14,"minecraft:bell_ring":62,"minecraft:leave_game":5,"minecraft:time_since_death":112535,"minecraft:sprint_one_cm":1176226,"minecraft:damage_blocked_by_shield":2382,"minecraft:drop":174,"minecraft:talked_to_villager":16,"minecraft:play_time":420892,"minecraft:deaths":5,"minecraft:jump":12831,"minecraft:walk_on_water_one_cm":42574,"minecraft:interact_with_furnace":29,"minecraft:interact_with_cartography_table":2,"minecraft:sleep_in_bed":6,"minecraft:damage_dealt":25820,"minecraft:crouch_one_cm":10350,"minecraft:interact_with_smoker":3,"minecraft:inspect_dispenser":2,"minecraft:horse_one_cm":635373,"minecraft:mob_kills":159,"minecraft:interact_with_anvil":6,"minecraft:climb_one_cm":15288,"minecraft:walk_one_cm":981727,"minecraft:sneak_time":3546,"minecraft:walk_under_water_one_cm":38023,"minecraft:interact_with_blast_furnace":1,"minecraft:total_world_time":420892,"minecraft:pot_flower":1,"minecraft:interact_with_grindstone":1,"minecraft:time_since_rest":66581,"minecraft:damage_absorbed":80,"minecraft:damage_taken":9451,"minecraft:swim_one_cm":25637,"minecraft:fly_one_cm":3030111,"minecraft:open_chest":175,"minecraft:fall_one_cm":396122},"minecraft:crafted":{"minecraft:oak_planks":56,"minecraft:cobblestone_slab":18,"minecraft:bow":5,"minecraft:chest":6,"minecraft:soul_campfire":25,"minecraft:crafting_table":3,"minecraft:spruce_planks":284,"minecraft:wooden_pickaxe":1,"minecraft:campfire":25,"minecraft:charcoal":24,"minecraft:shield":1,"minecraft:stick":236,"minecraft:iron_ingot":49,"minecraft:iron_pickaxe":4,"minecraft:stone_sword":1,"minecraft:composter":10,"minecraft:bone_meal":126,"minecraft:iron_axe":5,"minecraft:spruce_slab":102,"minecraft:iron_hoe":1,"minecraft:stone_pickaxe":1,"minecraft:cobblestone_wall":24,"minecraft:wheat":909,"minecraft:cooked_beef":38,"minecraft:iron_sword":2,"minecraft:stone_axe":1,"minecraft:bread":308,"minecraft:air":0,"minecraft:jungle_planks":24,"minecraft:iron_shovel":2,"minecraft:torch":76}},"DataVersion":3953}