{"stats":{"minecraft:broken":{"constructionwand:stone_wand":8,"minecraft:stone_axe":2,"minecraft:wooden_axe":4,"exdeorum:crook":1},"minecraft:dropped":{"exdeorum:basalt_pebble":211,"minecraft:clay":34,"minecraft:cooked_beef":1,"exdeorum:deepslate_pebble":195,"minecraft:cobblestone":4,"constructionwand:stone_wand":3,"minecraft:stick":17,"minecraft:flint":81,"minecraft:dirt":1,"minecraft:green_dye":1,"minecraft:wooden_axe":6,"exdeorum:compressed_stone_hammer":3,"minecraft:dead_bush":4,"exdeorum:crook":2,"minecraft:gold_nugget":8,"exdeorum:granite_pebble":211,"minecraft:sand":1416,"minecraft:string":3,"exdeorum:stone_pebble":30,"minecraft:bucket":1,"minecraft:gold_ingot":12,"minecraft:bone":1,"exdeorum:string_mesh":2,"minecraft:pointed_dripstone":27,"minecraft:raw_iron":39,"minecraft:stripped_oak_log":1,"minecraft:oak_button":65,"mysticalagriculture:inferium_essence":3,"minecraft:oak_sapling":17,"exdeorum:diorite_pebble":216,"minecraft:iron_ore":1,"exdeorum:andesite_pebble":210,"exdeorum:blackstone_pebble":213},"minecraft:killed":{"minecraft:hoglin":1,"minecraft:trader_llama":4},"minecraft:used":{"minecraft:stone_sword":32,"farmingforblockheads:market":1,"exdeorum:crook":157,"allthecompressed:cobblestone_1x":676,"minecraft:torch":7,"minecraft:dirt":17,"alltheores:osmium_ore":27,"mekanism:basic_universal_cable":3,"exdeorum:silk_worm":4,"allthecompressed:cobblestone_2x":14,"minecraft:wooden_axe":183,"exdeorum:stone_hammer":1,"minecraft:oak_sapling":202,"tombstone:gift":5,"minecraft:cooked_beef":26,"minecraft:water_bucket":3,"minecraft:iron_ore":11,"minecraft:stone_pickaxe":33,"minecraft:gold_ore":5,"minecraft:oak_slab":697,"constructionwand:stone_wand":208,"minecraft:white_bed":1,"exdeorum:oak_barrel":1,"mekanism:crusher":1,"minecraft:apple":10,"mekanism:metallurgic_infuser":3,"minecraft:oak_button":1,"allthecompressed:gravel_1x":108,"minecraft:iron_pickaxe":44,"minecraft:gravel":125,"minecraft:stone_axe":82,"minecraft:cobblestone":298,"minecraft:bucket":3,"exdeorum:compressed_stone_hammer":773},"minecraft:picked_up":{"minecraft:wooden_axe":2,"exdeorum:gold_ore_chunk":164,"exdeorum:dust":32,"minecraft:lead":1,"exdeorum:iron_ore_chunk":517,"exdeorum:oak_barrel":1,"exdeorum:blackstone_pebble":14,"minecraft:string":90,"exdeorum:string_mesh":6,"exdeorum:granite_pebble":9,"mysticalagriculture:inferium_essence":3,"mekanism:basic_universal_cable":5,"minecraft:bucket":3,"exdeorum:zinc_ore_chunk":166,"minecraft:iron_pickaxe":1,"exdeorum:compressed_stone_hammer":3,"allthecompressed:cobblestone_1x":101,"minecraft:stick":226,"minecraft:raw_iron":50,"minecraft:torch":2,"minecraft:pointed_dripstone":703,"minecraft:redstone":6,"exdeorum:silk_worm":6,"exdeorum:diorite_pebble":11,"exdeorum:tin_ore_chunk":308,"exdeorum:andesite_pebble":12,"minecraft:gold_ingot":12,"alltheores:raw_osmium":27,"minecraft:host_armor_trim_smithing_template":1,"minecraft:cobblestone":198,"minecraft:stripped_oak_log":1,"exdeorum:crook":1,"exdeorum:osmium_ore_chunk":162,"exdeorum:basalt_pebble":14,"minecraft:leather":2,"minecraft:flint":1048,"minecraft:oak_log":918,"minecraft:lapis_lazuli":204,"minecraft:dirt":6,"exdeorum:nickel_ore_chunk":222,"minecraft:apple":33,"minecraft:wild_armor_trim_smithing_template":1,"minecraft:raw_gold":46,"exdeorum:stone_pebble":58,"minecraft:iron_ingot":2,"everlastingabilities:ability_totem":1,"minecraft:green_dye":1,"dankstorage:dank_1":1,"minecraft:oak_slab":28,"mekanism:metallurgic_infuser":2,"exdeorum:deepslate_pebble":10,"exdeorum:lead_ore_chunk":196,"minecraft:sand":1480,"minecraft:gravel":6573,"minecraft:amethyst_shard":73,"minecraft:white_bed":1,"exdeorum:silver_ore_chunk":213,"minecraft:clay":32,"exdeorum:aluminum_ore_chunk":220,"minecraft:stone_axe":1,"constructionwand:stone_wand":2,"exdeorum:copper_ore_chunk":438,"minecraft:oak_button":2,"minecraft:baked_potato":14,"minecraft:oak_sapling":422,"minecraft:coal":502,"farmingforblockheads:market":1},"minecraft:custom":{"minecraft:mob_kills":5,"minecraft:damage_dealt_resisted":0,"minecraft:leave_game":6,"minecraft:time_since_death":61969,"minecraft:sprint_one_cm":396444,"minecraft:walk_one_cm":716864,"minecraft:drop":116,"minecraft:talked_to_villager":3,"minecraft:play_time":289099,"minecraft:deaths":9,"minecraft:sneak_time":19072,"minecraft:jump":3505,"minecraft:walk_on_water_one_cm":569,"minecraft:total_world_time":289099,"minecraft:interact_with_furnace":28,"minecraft:sleep_in_bed":8,"minecraft:time_since_rest":2950,"minecraft:waystone_activated":1,"minecraft:damage_taken":4745,"minecraft:use_wand":1267,"minecraft:damage_dealt":3001,"minecraft:fly_one_cm":591681,"minecraft:open_chest":225,"minecraft:crouch_one_cm":88617,"minecraft:fall_one_cm":615522},"minecraft:mined":{"minecraft:white_bed":1,"minecraft:oak_sapling":9,"alltheores:osmium_ore":27,"minecraft:iron_ore":11,"minecraft:stripped_oak_log":1,"farmingforblockheads:market":1,"minecraft:oak_slab":31,"exdeorum:infested_leaves":150,"minecraft:torch":3,"allthecompressed:gravel_1x":94,"minecraft:cobblestone":30,"mekanism:metallurgic_infuser":2,"minecraft:oak_log":12,"minecraft:gravel":66,"minecraft:dirt":6,"allthecompressed:cobblestone_1x":615,"minecraft:gold_ore":5,"minecraft:oak_leaves":48},"minecraft:crafted":{"minecraft:oak_planks":260,"minecraft:furnace":2,"allthecompressed:cobblestone_1x":701,"alltheores:osmium_ore":27,"allthecompressed:gravel_1x":108,"minecraft:stone_pickaxe":1,"minecraft:oak_button":63,"alltheores:steel_ingot":0,"exdeorum:stone_hammer":35,"minecraft:oak_slab":60,"mekanism:metallurgic_infuser":1,"minecraft:gold_ore":28,"exdeorum:compressed_stone_hammer":24,"minecraft:stone_axe":9,"minecraft:air":0,"exdeorum:crook":1,"mekanism:steel_casing":1,"constructionwand:stone_wand":9,"minecraft:stick":28,"mekanism:crusher":1,"minecraft:iron_ingot":0,"minecraft:wooden_axe":17,"minecraft:stone_sword":1,"minecraft:iron_ore":37,"allthecompressed:cobblestone_2x":14},"minecraft:killed_by":{"minecraft:piglin":4}},"DataVersion":3465}