{"stats":{"minecraft:mined":{"minecraft:jungle_leaves":2,"minecraft:potted_cactus":1,"minecraft:smooth_sandstone":3,"minecraft:crafting_table":1,"minecraft:short_grass":11,"minecraft:red_sand":2,"minecraft:grass_block":172,"minecraft:jungle_log":6,"minecraft:dead_bush":5,"minecraft:cobblestone":4,"minecraft:spruce_leaves":29,"minecraft:cyan_bed":4,"minecraft:hay_block":124,"minecraft:lime_bed":2,"minecraft:cactus":33,"minecraft:blue_terracotta":1,"minecraft:spruce_sapling":1,"minecraft:cobblestone_wall":5,"minecraft:wheat":6,"minecraft:birch_leaves":1,"minecraft:cobblestone_slab":6,"minecraft:oak_log":124,"minecraft:coal_ore":2,"minecraft:vine":2,"minecraft:sand":3,"minecraft:dirt":337,"minecraft:smooth_sandstone_stairs":3,"minecraft:stone":10,"minecraft:oak_leaves":24,"minecraft:green_bed":3,"minecraft:fern":2},"minecraft:broken":{"minecraft:iron_shovel":2,"minecraft:stone_axe":1},"minecraft:dropped":{"minecraft:bread":160,"minecraft:wheat_seeds":1,"minecraft:stone_sword":1,"minecraft:smooth_sandstone_stairs":6,"minecraft:rotten_flesh":2,"minecraft:oak_planks":20,"minecraft:stick":1,"minecraft:dirt":500,"minecraft:beetroot_seeds":2,"minecraft:oak_sapling":18,"minecraft:jungle_sapling":2,"minecraft:spider_eye":4,"minecraft:spruce_sapling":2},"minecraft:killed":{"minecraft:husk":3,"minecraft:pig":1,"minecraft:witch":1,"minecraft:spider":3,"minecraft:iron_golem":1,"minecraft:skeleton":6,"minecraft:pillager":2,"minecraft:zombie":3},"minecraft:used":{"minecraft:cooked_mutton":4,"minecraft:red_sand":2,"minecraft:stone_sword":79,"minecraft:iron_shovel":501,"minecraft:stone_pickaxe":35,"minecraft:wooden_pickaxe":7,"minecraft:cactus":30,"minecraft:chest":1,"minecraft:shield":13,"minecraft:iron_sword":14,"minecraft:cobblestone_slab":6,"minecraft:rotten_flesh":3,"minecraft:sand":2,"minecraft:lime_bed":1,"minecraft:crafting_table":2,"minecraft:cobblestone_wall":12,"minecraft:golden_chestplate":1,"minecraft:smoker":1,"minecraft:flower_pot":1,"minecraft:lever":1,"minecraft:bread":20,"minecraft:cyan_bed":2,"minecraft:smooth_sandstone":3,"minecraft:spruce_sapling":1,"minecraft:stone_axe":133,"minecraft:fire_charge":1,"minecraft:cobblestone":4,"minecraft:goat_horn":1,"minecraft:oak_sapling":3,"minecraft:cooked_porkchop":7,"minecraft:cooked_beef":5},"minecraft:picked_up":{"minecraft:lime_bed":2,"minecraft:crafting_table":1,"minecraft:wheat":6,"minecraft:cooked_beef":5,"minecraft:flower_pot":1,"minecraft:jungle_log":6,"minecraft:smoker":1,"minecraft:potato":55,"minecraft:smooth_sandstone_stairs":6,"minecraft:oak_log":124,"minecraft:cobblestone_wall":4,"minecraft:shield":1,"minecraft:gunpowder":2,"minecraft:string":3,"minecraft:dirt":874,"minecraft:cooked_mutton":4,"minecraft:smooth_sandstone":3,"minecraft:bone":7,"minecraft:wheat_seeds":26,"minecraft:red_sand":2,"minecraft:iron_ingot":4,"minecraft:cobblestone_slab":5,"minecraft:jungle_sapling":2,"minecraft:rabbit":1,"minecraft:stick":15,"minecraft:cooked_porkchop":7,"minecraft:green_bed":3,"minecraft:porkchop":2,"minecraft:sand":3,"minecraft:spruce_sapling":3,"minecraft:cyan_bed":4,"minecraft:redstone":8,"minecraft:spider_eye":4,"minecraft:sugar":3,"minecraft:arrow":4,"minecraft:cactus":82,"minecraft:rotten_flesh":13,"minecraft:stone_axe":1,"minecraft:beetroot_seeds":2,"minecraft:lever":1,"minecraft:hay_block":127,"minecraft:oak_sapling":30,"minecraft:cobblestone":12,"minecraft:coal":2},"minecraft:crafted":{"minecraft:oak_planks":24,"minecraft:cobblestone_slab":18,"minecraft:crafting_table":2,"minecraft:wooden_pickaxe":1,"minecraft:iron_sword":1,"minecraft:stone_axe":1,"minecraft:bread":308,"minecraft:jungle_planks":24,"minecraft:stick":4,"minecraft:cobblestone_wall":24,"minecraft:stone_pickaxe":1,"minecraft:stone_sword":1,"minecraft:iron_shovel":2,"minecraft:chest":1,"minecraft:wheat":909},"minecraft:custom":{"minecraft:interact_with_furnace":2,"minecraft:mob_kills":21,"minecraft:interact_with_cartography_table":2,"minecraft:interact_with_crafting_table":15,"minecraft:bell_ring":2,"minecraft:pot_flower":1,"minecraft:leave_game":2,"minecraft:time_since_death":98323,"minecraft:climb_one_cm":774,"minecraft:time_since_rest":98323,"minecraft:sprint_one_cm":214390,"minecraft:damage_taken":1799,"minecraft:walk_one_cm":248519,"minecraft:damage_blocked_by_shield":360,"minecraft:drop":40,"minecraft:damage_dealt":4815,"minecraft:swim_one_cm":13436,"minecraft:fly_one_cm":695149,"minecraft:open_chest":26,"minecraft:crouch_one_cm":2258,"minecraft:play_time":98323,"minecraft:sneak_time":686,"minecraft:walk_under_water_one_cm":3731,"minecraft:jump":2750,"minecraft:walk_on_water_one_cm":17182,"minecraft:interact_with_smoker":3,"minecraft:total_world_time":98323,"minecraft:fall_one_cm":95586,"minecraft:inspect_dispenser":2,"minecraft:horse_one_cm":623455}},"DataVersion":3953}