{"stats":{"minecraft:broken":{"constructionwand:stone_wand":8,"minecraft:stone_axe":2,"minecraft:wooden_axe":4,"exdeorum:crook":1},"minecraft:dropped":{"minecraft:water_bucket":1,"exdeorum:basalt_pebble":211,"minecraft:clay":34,"minecraft:wheat_seeds":1,"minecraft:cooked_beef":1,"minecraft:oak_log":4,"exdeorum:deepslate_pebble":195,"botania:red_petal":1,"minecraft:cobblestone":4,"constructionwand:stone_wand":3,"minecraft:stick":17,"minecraft:flint":81,"minecraft:lava_bucket":1,"minecraft:dirt":6,"minecraft:green_dye":1,"minecraft:wooden_axe":6,"exdeorum:compressed_stone_hammer":3,"botania:lime_petal":3,"minecraft:dead_bush":4,"exdeorum:crook":2,"minecraft:gold_nugget":8,"exdeorum:granite_pebble":211,"minecraft:sand":1418,"botania:white_petal":4,"minecraft:white_wool":1,"minecraft:string":3,"exdeorum:stone_pebble":30,"minecraft:bucket":1,"minecraft:stone_axe":1,"minecraft:gold_ingot":12,"minecraft:bone":1,"pickletweaks:emerald_pickaxe":1,"exdeorum:string_mesh":2,"minecraft:obsidian":12,"minecraft:pointed_dripstone":27,"minecraft:raw_iron":39,"minecraft:stripped_oak_log":1,"minecraft:shield":1,"minecraft:oak_button":65,"mysticalagriculture:inferium_essence":3,"minecraft:oak_sapling":17,"minecraft:redstone_torch":4,"exdeorum:diorite_pebble":216,"minecraft:iron_ore":1,"exdeorum:andesite_pebble":210,"exdeorum:blackstone_pebble":213,"minecraft:egg":1},"minecraft:killed":{"minecraft:hoglin":1,"minecraft:sheep":1,"minecraft:trader_llama":4},"minecraft:used":{"sophisticatedbackpacks:iron_backpack":1,"minecraft:stone_sword":32,"botania:white_petal":2,"minecraft:chest":10,"farmingforblockheads:market":2,"minecraft:iron_sword":8,"exdeorum:crook":157,"allthecompressed:cobblestone_1x":676,"pickletweaks:emerald_pickaxe":12,"minecraft:torch":7,"minecraft:dirt":75,"alltheores:osmium_ore":27,"mekanism:basic_universal_cable":5,"exdeorum:silk_worm":4,"allthecompressed:cobblestone_2x":14,"minecraft:wooden_axe":183,"minecraft:lava_bucket":12,"exdeorum:stone_hammer":1,"minecraft:oak_sapling":202,"minecraft:egg":8,"tombstone:gift":5,"minecraft:cooked_beef":26,"minecraft:water_bucket":16,"minecraft:iron_ore":11,"mekanismgenerators:bio_generator":1,"minecraft:stone_pickaxe":33,"minecraft:cactus":2,"minecraft:diamond_axe":5,"minecraft:gold_ore":5,"minecraft:sand":4,"botania:fertilizer":59,"minecraft:oak_slab":697,"constructionwand:stone_wand":208,"croptopia:scrambled_eggs":1,"minecraft:white_bed":1,"minecraft:diamond_pickaxe":8,"botania:apothecary_default":3,"minecraft:oak_log":10,"exdeorum:grass_seeds":14,"exdeorum:oak_barrel":1,"mekanism:crusher":1,"minecraft:apple":27,"mekanism:metallurgic_infuser":3,"minecraft:oak_button":1,"allthecompressed:gravel_1x":108,"minecraft:iron_pickaxe":47,"minecraft:gravel":125,"minecraft:stone_axe":146,"botania:pure_daisy":1,"minecraft:cobblestone":306,"minecraft:bucket":15,"exdeorum:compressed_stone_hammer":773,"cookingforblockheads:sink":1},"minecraft:picked_up":{"minecraft:wooden_axe":2,"exdeorum:gold_ore_chunk":302,"exdeorum:mycelium_spores":41,"exdeorum:dust":32,"minecraft:prismarine_shard":154,"thermal:machine_output_augment":1,"minecraft:lead":1,"exdeorum:iron_ore_chunk":558,"exdeorum:oak_barrel":1,"minecraft:shield":1,"exdeorum:blackstone_pebble":14,"exdeorum:grass_seeds":57,"minecraft:string":90,"powah:energizing_rod_starter":1,"exdeorum:string_mesh":6,"exdeorum:granite_pebble":9,"minecraft:sea_pickle":46,"mysticalagriculture:inferium_essence":3,"mekanism:basic_universal_cable":5,"minecraft:bucket":4,"botania:pure_daisy":1,"exdeorum:random_armor_trim":27,"minecraft:iron_nugget":150,"exdeorum:zinc_ore_chunk":317,"minecraft:iron_pickaxe":1,"exdeorum:compressed_stone_hammer":3,"allthecompressed:cobblestone_1x":101,"minecraft:chest":8,"xycraft_world:xychorium_gem_green":124,"minecraft:egg":9,"minecraft:stick":226,"minecraft:raw_iron":66,"botania:cyan_double_flower":1,"minecraft:torch":2,"pickletweaks:emerald_pickaxe":1,"minecraft:pointed_dripstone":762,"minecraft:carrot":14,"minecraft:redstone":108,"minecraft:prismarine_crystals":141,"powah:capacitor_basic_large":1,"exdeorum:silk_worm":6,"minecraft:cactus":166,"botania:lime_mystical_flower":1,"xycraft_world:xychorium_gem_blue":149,"ae2:certus_quartz_dust":175,"exdeorum:diorite_pebble":11,"botania:apothecary_default":2,"minecraft:golden_carrot":3,"exdeorum:tin_ore_chunk":546,"exdeorum:andesite_pebble":12,"minecraft:gold_ingot":12,"alltheores:raw_osmium":27,"minecraft:magma_cream":2,"exdeorum:random_pottery_sherd":19,"minecraft:mutton":2,"minecraft:obsidian":12,"minecraft:host_armor_trim_smithing_template":1,"botania:magenta_double_flower":1,"minecraft:white_wool":1,"minecraft:blaze_powder":147,"minecraft:cobblestone":206,"minecraft:stripped_oak_log":1,"exdeorum:crook":1,"exdeorum:osmium_ore_chunk":234,"minecraft:water_bucket":1,"powah:capacitor_basic_tiny":3,"exdeorum:basalt_pebble":14,"powah:dielectric_casing":4,"minecraft:leather":2,"enderio:grains_of_infinity":232,"alltheores:invar_ingot":1,"forcecraft:force_gem":320,"minecraft:potato":51,"minecraft:flint":1695,"minecraft:oak_log":923,"minecraft:gunpowder":254,"ae2:charged_certus_quartz_crystal":32,"thermal:tin_gear":1,"powah:energy_cable_basic":4,"minecraft:lapis_lazuli":534,"minecraft:dirt":11,"exdeorum:nickel_ore_chunk":410,"botania:light_blue_mystical_flower":1,"ae2:sky_dust":190,"minecraft:coast_armor_trim_smithing_template":1,"minecraft:apple":33,"minecraft:kelp":46,"minecraft:wheat_seeds":40,"botania:pink_mystical_flower":1,"minecraft:wild_armor_trim_smithing_template":1,"minecraft:raw_gold":46,"powah:capacitor_basic":1,"exdeorum:stone_pebble":1511,"minecraft:iron_ingot":2,"everlastingabilities:ability_totem":1,"minecraft:bamboo":18,"minecraft:glowstone_dust":255,"minecraft:green_dye":1,"dankstorage:dank_1":1,"minecraft:oak_slab":76,"mekanism:metallurgic_infuser":2,"botania:red_mystical_flower":1,"exdeorum:deepslate_pebble":525,"exdeorum:lead_ore_chunk":402,"patchouli:guide_book":1,"botania:yellow_double_flower":1,"xycraft_world:xychorium_gem_red":125,"ae2:certus_quartz_crystal":127,"minecraft:sand":1485,"minecraft:gravel":6573,"minecraft:amethyst_shard":232,"botania:white_petal":2,"minecraft:white_bed":1,"minecraft:dead_bush":101,"minecraft:pumpkin_seeds":45,"exdeorum:silver_ore_chunk":398,"xycraft_world:xychorium_gem_dark":121,"forbidden_arcanus:arcane_crystal":65,"xycraft_world:xychorium_gem_light":137,"minecraft:diamond":160,"cookingforblockheads:sink":1,"minecraft:clay":32,"exdeorum:aluminum_ore_chunk":406,"minecraft:stone_axe":1,"constructionwand:stone_wand":2,"botania:orange_mystical_flower":1,"mekanism:fluorite_gem":253,"minecraft:bone_meal":8,"exdeorum:copper_ore_chunk":607,"minecraft:emerald":192,"minecraft:oak_button":2,"minecraft:baked_potato":14,"minecraft:oak_sapling":422,"minecraft:melon_seeds":42,"alltheores:copper_ore_hammer":1,"minecraft:coal":502,"farmingforblockheads:market":2},"minecraft:custom":{"minecraft:mob_kills":8,"minecraft:inspect_hopper":1,"minecraft:damage_dealt_resisted":0,"minecraft:leave_game":6,"minecraft:time_since_death":145969,"minecraft:sprint_one_cm":530569,"minecraft:walk_one_cm":896021,"minecraft:drop":135,"minecraft:talked_to_villager":5,"minecraft:play_time":373099,"minecraft:deaths":9,"minecraft:sneak_time":19801,"minecraft:jump":4729,"minecraft:walk_on_water_one_cm":781,"minecraft:total_world_time":373099,"minecraft:interact_with_furnace":44,"minecraft:sleep_in_bed":13,"minecraft:time_since_rest":16853,"minecraft:waystone_activated":1,"minecraft:damage_taken":5000,"minecraft:use_wand":1267,"minecraft:damage_dealt":3577,"minecraft:fly_one_cm":868708,"minecraft:open_chest":415,"minecraft:crouch_one_cm":90021,"minecraft:fall_one_cm":666096},"minecraft:mined":{"minecraft:white_bed":1,"minecraft:oak_sapling":9,"botania:orange_double_flower":1,"botania:red_mystical_flower":16,"alltheores:osmium_ore":27,"botania:pink_double_flower":1,"minecraft:obsidian":12,"botania:cyan_double_flower":1,"botania:light_gray_mystical_flower":9,"botania:apothecary_default":2,"botania:purple_mystical_flower":13,"botania:magenta_mystical_flower":9,"minecraft:iron_ore":11,"minecraft:stripped_oak_log":1,"botania:brown_mystical_flower":9,"botania:light_blue_mystical_flower":10,"botania:green_mystical_flower":18,"farmingforblockheads:market":2,"minecraft:oak_slab":89,"botania:lime_mystical_flower":7,"botania:orange_mystical_flower":11,"botania:white_buried_petals":2,"exdeorum:infested_leaves":150,"minecraft:torch":3,"botania:green_double_flower":3,"botania:yellow_double_flower":2,"allthecompressed:gravel_1x":94,"minecraft:chest":8,"minecraft:cobblestone":38,"botania:blue_mystical_flower":14,"mekanism:metallurgic_infuser":2,"cookingforblockheads:sink":1,"botania:red_double_flower":1,"botania:black_mystical_flower":18,"botania:pink_mystical_flower":11,"botania:cyan_mystical_flower":14,"minecraft:cactus":2,"botania:white_mystical_flower":13,"botania:yellow_mystical_flower":9,"minecraft:oak_log":13,"minecraft:sand":3,"minecraft:gravel":66,"minecraft:dirt":6,"allthecompressed:cobblestone_1x":615,"botania:gray_mystical_flower":12,"minecraft:gold_ore":5,"minecraft:oak_leaves":48,"botania:magenta_double_flower":1},"minecraft:crafted":{"minecraft:oak_planks":276,"minecraft:redstone":36,"minecraft:furnace":2,"allthecompressed:cobblestone_1x":701,"minecraft:pink_dye":2,"alltheores:osmium_ore":27,"allthecompressed:gravel_1x":108,"botania:red_petal":2,"minecraft:diamond_helmet":1,"minecraft:diamond_leggings":1,"mekanismgenerators:bio_generator":1,"botania:white_petal":4,"minecraft:lime_dye":2,"botania:flower_bag":1,"minecraft:stone_pickaxe":1,"minecraft:chest":2,"minecraft:diamond_boots":1,"minecraft:oak_button":63,"botania:light_blue_petal":2,"alltheores:steel_ingot":0,"minecraft:magenta_dye":4,"exdeorum:stone_hammer":35,"botania:pink_petal":2,"botania:fertilizer":59,"botania:cyan_petal":4,"minecraft:oak_slab":60,"minecraft:diamond_sword":1,"minecraft:cyan_dye":7,"minecraft:diamond_axe":1,"mekanism:metallurgic_infuser":1,"minecraft:gold_ore":28,"botania:yellow_petal":4,"exdeorum:compressed_stone_hammer":24,"minecraft:stone_axe":9,"botania:lime_petal":4,"minecraft:orange_dye":2,"minecraft:air":2,"minecraft:blue_dye":60,"exdeorum:crook":1,"botania:orange_petal":1,"minecraft:diamond_pickaxe":1,"minecraft:white_wool":10,"minecraft:yellow_dye":4,"mekanism:steel_casing":1,"minecraft:white_dye":142,"alltheores:iron_dust":32,"constructionwand:stone_wand":9,"minecraft:stick":28,"mekanism:crusher":1,"minecraft:light_blue_dye":2,"minecraft:iron_ingot":0,"botania:magenta_petal":4,"minecraft:wooden_axe":17,"minecraft:stone_sword":1,"minecraft:iron_ore":46,"allthecompressed:cobblestone_2x":14,"minecraft:redstone_torch":4,"botania:apothecary_default":1,"minecraft:diamond_chestplate":1},"minecraft:killed_by":{"minecraft:piglin":4}},"DataVersion":3465}