{"stats":{"minecraft:mined":{"minecraft:jungle_leaves":2,"minecraft:potted_cactus":1,"minecraft:brewing_stand":1,"minecraft:granite":6,"minecraft:red_sand":2,"minecraft:grass_block":183,"minecraft:jungle_log":6,"minecraft:soul_soil":12,"minecraft:nether_wart":20,"minecraft:sandstone_stairs":2,"minecraft:spawner":1,"minecraft:glowstone":12,"minecraft:iron_ore":1,"minecraft:fire":19,"minecraft:iron_bars":8,"minecraft:smooth_sandstone_stairs":3,"minecraft:green_bed":3,"minecraft:sandstone_slab":27,"minecraft:crimson_nylium":1,"minecraft:soul_fire":3,"minecraft:torch":12,"minecraft:chest":1,"minecraft:dead_bush":10,"minecraft:nether_quartz_ore":12,"minecraft:cobblestone":21,"minecraft:cyan_bed":4,"minecraft:sugar_cane":160,"minecraft:iron_door":2,"minecraft:smooth_sandstone_slab":12,"minecraft:wall_torch":14,"minecraft:blue_terracotta":1,"minecraft:wheat":6,"minecraft:oak_log":135,"minecraft:sand":494,"minecraft:dirt":347,"minecraft:sandstone_wall":10,"minecraft:netherrack":157,"minecraft:oak_leaves":25,"minecraft:deepslate":95,"minecraft:nether_gold_ore":13,"minecraft:tuff":14,"minecraft:end_stone":53,"minecraft:nether_bricks":136,"minecraft:spruce_leaves":102,"minecraft:sandstone":30,"minecraft:crimson_stem":5,"minecraft:hay_block":124,"minecraft:spruce_sapling":75,"minecraft:furnace":2,"minecraft:carrots":24,"minecraft:andesite":21,"minecraft:bell":1,"minecraft:nether_brick_fence":13,"minecraft:bookshelf":4,"minecraft:cobblestone_slab":6,"minecraft:vine":4,"minecraft:rail":1,"minecraft:bamboo":14,"minecraft:stone":267,"minecraft:bone_block":3,"minecraft:ender_chest":1,"minecraft:podzol":13,"minecraft:scaffolding":8,"minecraft:soul_sand":36,"minecraft:smooth_sandstone":4,"minecraft:crafting_table":1,"minecraft:short_grass":14,"minecraft:tall_grass":2,"minecraft:diorite":2,"minecraft:warped_wart_block":2,"minecraft:lime_bed":2,"minecraft:cactus":36,"minecraft:cobblestone_wall":14,"minecraft:spruce_log":4379,"minecraft:birch_leaves":1,"minecraft:coal_ore":53,"minecraft:cobweb":4,"minecraft:stone_bricks":2,"minecraft:mossy_stone_bricks":1,"minecraft:fern":2},"minecraft:broken":{"minecraft:iron_shovel":2,"minecraft:diamond_helmet":1,"minecraft:stone_axe":1,"minecraft:iron_sword":1,"minecraft:diamond_axe":1,"minecraft:iron_axe":2},"minecraft:dropped":{"minecraft:diamond_axe":1,"minecraft:lapis_lazuli":78,"minecraft:cooked_beef":38,"minecraft:oak_log":23,"minecraft:sandstone_stairs":2,"minecraft:sandstone_slab":2133,"minecraft:cracked_stone_bricks":5,"minecraft:saddle":1,"minecraft:elytra":1,"minecraft:rail":1,"minecraft:emerald":94,"minecraft:dirt":889,"minecraft:melon":4,"minecraft:stone_button":8,"minecraft:crimson_roots":1,"minecraft:cut_sandstone":17,"minecraft:jungle_sapling":2,"minecraft:gold_nugget":59,"minecraft:bone_meal":130,"minecraft:bone_block":1,"minecraft:sand":73,"minecraft:iron_pickaxe":2,"minecraft:bone":62,"minecraft:stone_axe":1,"minecraft:cobbled_deepslate":99,"minecraft:smooth_sandstone_stairs":17,"minecraft:rotten_flesh":66,"minecraft:oak_planks":20,"minecraft:diamond_shovel":1,"minecraft:carrot":69,"minecraft:rabbit_foot":1,"minecraft:shulker_shell":2,"minecraft:rabbit_hide":12,"minecraft:soul_campfire":50,"minecraft:gunpowder":3,"minecraft:beetroot_seeds":4,"minecraft:spruce_pressure_plate":64,"minecraft:campfire":25,"minecraft:scaffolding":165,"minecraft:quartz":28,"minecraft:green_stained_glass":3,"minecraft:netherrack":17,"minecraft:firework_rocket":117,"minecraft:enchanted_book":1,"minecraft:iron_ingot":246,"minecraft:bread":339,"minecraft:oak_slab":37,"minecraft:wheat_seeds":3,"minecraft:iron_helmet":1,"minecraft:cobblestone":98,"minecraft:granite":9,"minecraft:stick":91,"minecraft:torch":38,"minecraft:iron_door":4,"minecraft:jungle_door":1,"minecraft:diamond_helmet":1,"minecraft:potion":2,"minecraft:iron_axe":2,"minecraft:cactus":4,"minecraft:string":19,"minecraft:smooth_sandstone":76,"minecraft:bucket":1,"minecraft:spruce_sapling":2,"minecraft:chiseled_sandstone":2,"minecraft:soul_soil":1,"minecraft:blaze_rod":3,"minecraft:nether_wart":4,"minecraft:stone_sword":5,"minecraft:tuff":14,"minecraft:raw_iron":1,"minecraft:stone_shovel":4,"minecraft:wither_skeleton_skull":1,"minecraft:ender_eye":1,"minecraft:nether_bricks":210,"minecraft:diamond_sword":2,"minecraft:diamond_chestplate":3,"minecraft:diamond_pickaxe":2,"minecraft:dragon_egg":1,"minecraft:andesite":19,"minecraft:mossy_stone_bricks":3,"minecraft:oak_sapling":18,"minecraft:stone_bricks":16,"minecraft:spider_eye":12,"minecraft:bamboo":74,"minecraft:spruce_log":573,"minecraft:sandstone":29,"minecraft:bow":5,"minecraft:stone_pickaxe":1,"minecraft:magma_cream":1,"minecraft:terracotta":15},"minecraft:killed":{"minecraft:cave_spider":4,"minecraft:witch":1,"minecraft:spider":32,"minecraft:shulker":10,"minecraft:skeleton":90,"minecraft:silverfish":3,"minecraft:magma_cube":4,"minecraft:pig":1,"minecraft:zombie_villager":1,"minecraft:iron_golem":1,"minecraft:creeper":10,"minecraft:trader_llama":2,"minecraft:pillager":3,"minecraft:zombie":15,"minecraft:ghast":1,"minecraft:blaze":27,"minecraft:husk":41,"minecraft:rabbit":16,"minecraft:wither_skeleton":18,"minecraft:villager":1,"minecraft:enderman":7},"minecraft:used":{"minecraft:red_sand":2,"minecraft:melon":2,"minecraft:iron_shovel":506,"minecraft:elytra":4,"minecraft:chest":6,"minecraft:shield":96,"minecraft:iron_sword":355,"minecraft:bell":1,"minecraft:rotten_flesh":3,"minecraft:soul_sand":3,"minecraft:nether_bricks":4,"minecraft:carrot":81,"minecraft:stone_bricks":1,"minecraft:bow":198,"minecraft:scaffolding":57,"minecraft:furnace":2,"minecraft:oak_sapling":3,"minecraft:mossy_stone_bricks":1,"minecraft:diorite":2,"minecraft:stone_pickaxe":117,"minecraft:cactus":43,"minecraft:ender_pearl":9,"minecraft:wooden_pickaxe":7,"minecraft:sandstone":21,"minecraft:diamond_axe":3402,"minecraft:sugar_cane":8,"minecraft:golden_apple":2,"minecraft:sand":19,"minecraft:end_stone":40,"minecraft:lever":1,"minecraft:firework_rocket":11,"minecraft:cyan_bed":2,"minecraft:bread":205,"minecraft:diamond_sword":347,"minecraft:fire_charge":1,"minecraft:cooked_rabbit":19,"minecraft:andesite":10,"minecraft:oak_boat":6,"minecraft:bone_meal":215,"minecraft:iron_bars":3,"minecraft:stone_sword":79,"minecraft:flint_and_steel":2,"minecraft:sandstone_wall":4,"minecraft:netherrack":7,"minecraft:torch":174,"minecraft:brewing_stand":1,"minecraft:dirt":87,"minecraft:warped_wart_block":1,"minecraft:cobblestone_wall":26,"minecraft:diamond_helmet":1,"minecraft:golden_chestplate":1,"minecraft:iron_hoe":80,"minecraft:bookshelf":4,"minecraft:iron_axe":1065,"minecraft:smooth_sandstone":3,"minecraft:diamond_chestplate":5,"minecraft:golden_carrot":68,"minecraft:goat_horn":2,"minecraft:cooked_beef":5,"minecraft:crimson_stem":1,"minecraft:cooked_mutton":4,"minecraft:water_bucket":33,"minecraft:cut_sandstone":1,"minecraft:cobblestone_slab":6,"minecraft:rail":1,"minecraft:crafting_table":3,"minecraft:lime_bed":1,"minecraft:white_bed":1,"minecraft:spruce_log":12,"minecraft:smoker":1,"minecraft:oak_log":1,"minecraft:flower_pot":1,"minecraft:diamond_pickaxe":780,"minecraft:apple":1,"minecraft:diamond_shovel":436,"minecraft:iron_pickaxe":170,"minecraft:spruce_sapling":357,"minecraft:stone_axe":133,"minecraft:crimson_sign":1,"minecraft:cobblestone":76,"minecraft:cooked_porkchop":7,"minecraft:jungle_door":1,"minecraft:sandstone_slab":663,"minecraft:bucket":32},"minecraft:picked_up":{"minecraft:shulker_shell":2,"minecraft:wheat":9,"minecraft:nether_brick_fence":4,"minecraft:flower_pot":1,"minecraft:diamond_sword":3,"minecraft:lead":2,"minecraft:potion":2,"minecraft:enchanted_book":2,"minecraft:brewing_stand":1,"minecraft:string":95,"minecraft:soul_soil":1,"minecraft:diamond_leggings":5,"minecraft:red_sand":2,"minecraft:gold_nugget":59,"minecraft:cobbled_deepslate":99,"minecraft:spruce_planks":97,"minecraft:cobblestone_slab":22,"minecraft:ender_eye":1,"minecraft:iron_pickaxe":7,"minecraft:furnace":2,"minecraft:crimson_sign":1,"minecraft:golden_helmet":2,"minecraft:spruce_pressure_plate":64,"minecraft:stick":302,"minecraft:jungle_door":2,"minecraft:torch":151,"minecraft:green_bed":3,"minecraft:sandstone_wall":78,"minecraft:porkchop":2,"minecraft:diorite":3,"minecraft:rabbit_foot":3,"minecraft:stone_sword":7,"minecraft:cactus":109,"minecraft:rotten_flesh":140,"minecraft:bookshelf":1,"minecraft:blaze_rod":8,"minecraft:obsidian":8,"minecraft:iron_bars":3,"minecraft:cobblestone":509,"minecraft:magma_cream":1,"minecraft:cooked_beef":5,"minecraft:iron_door":4,"minecraft:andesite":48,"minecraft:water_bucket":1,"minecraft:jungle_log":6,"minecraft:smoker":1,"minecraft:potato":55,"minecraft:tuff":14,"minecraft:smooth_sandstone_stairs":17,"minecraft:wither_skeleton_skull":1,"minecraft:lapis_lazuli":174,"minecraft:dirt":1000,"minecraft:glass":85,"minecraft:bone":157,"minecraft:bow":20,"minecraft:wheat_seeds":28,"minecraft:bell":1,"minecraft:mossy_stone_bricks":4,"minecraft:bamboo":148,"minecraft:glowstone_dust":33,"minecraft:rabbit":4,"minecraft:diamond_helmet":4,"minecraft:oak_planks":1,"minecraft:cooked_porkchop":7,"minecraft:warped_wart_block":1,"minecraft:sand":745,"minecraft:melon":6,"minecraft:cyan_bed":4,"minecraft:chiseled_sandstone":2,"minecraft:iron_hoe":2,"minecraft:sugar":6,"minecraft:diamond":10,"minecraft:lever":1,"minecraft:granite":13,"minecraft:bone_meal":103,"minecraft:golden_apple":3,"minecraft:bread":442,"minecraft:emerald":108,"minecraft:oak_sapling":30,"minecraft:netherrack":96,"minecraft:crimson_roots":1,"minecraft:diamond_pickaxe":7,"minecraft:crafting_table":1,"minecraft:sandstone_slab":2293,"minecraft:nether_wart":5,"minecraft:cooked_rabbit":26,"minecraft:shield":15,"minecraft:dragon_breath":1,"minecraft:oak_trapdoor":6,"minecraft:elytra":2,"minecraft:iron_axe":5,"minecraft:flint_and_steel":1,"minecraft:cracked_stone_bricks":5,"minecraft:oak_boat":9,"minecraft:jungle_sapling":2,"minecraft:spruce_slab":32,"minecraft:minecart":2,"minecraft:chest":3,"minecraft:sugar_cane":312,"minecraft:raw_iron":1,"minecraft:sandstone":299,"minecraft:end_stone":53,"minecraft:stone_button":8,"minecraft:carrot":160,"minecraft:redstone":8,"minecraft:smooth_sandstone_slab":25,"minecraft:diamond_chestplate":5,"minecraft:arrow":349,"minecraft:stone_shovel":6,"minecraft:beetroot_seeds":2,"minecraft:nether_bricks":244,"minecraft:diamond_boots":5,"minecraft:hay_block":127,"minecraft:sandstone_stairs":6,"minecraft:saddle":1,"minecraft:rail":5,"minecraft:bone_block":1,"minecraft:soul_campfire":50,"minecraft:lime_bed":2,"minecraft:golden_carrot":40,"minecraft:crimson_stem":1,"minecraft:cut_sandstone":18,"minecraft:oak_log":170,"minecraft:gunpowder":23,"minecraft:cobblestone_wall":24,"minecraft:cooked_mutton":4,"minecraft:smooth_sandstone":85,"minecraft:stone_bricks":17,"minecraft:rabbit_hide":27,"minecraft:iron_ingot":106,"minecraft:stone_pickaxe":1,"minecraft:soul_sand":28,"minecraft:iron_sword":2,"minecraft:book":9,"minecraft:scaffolding":182,"minecraft:oak_slab":148,"minecraft:quartz":28,"minecraft:green_stained_glass":3,"minecraft:spruce_sapling":400,"minecraft:white_bed":1,"minecraft:spruce_log":4425,"minecraft:dragon_egg":1,"minecraft:spider_eye":43,"minecraft:firework_rocket":240,"minecraft:diamond_shovel":2,"minecraft:campfire":50,"minecraft:stone_axe":3,"minecraft:iron_helmet":2,"minecraft:diamond_axe":4,"minecraft:terracotta":15,"minecraft:coal":136,"minecraft:ender_pearl":8},"minecraft:killed_by":{"minecraft:cave_spider":1,"minecraft:blaze":1,"minecraft:husk":1,"minecraft:skeleton":1},"minecraft:custom":{"minecraft:interact_with_crafting_table":46,"minecraft:open_barrel":46,"minecraft:bell_ring":62,"minecraft:leave_game":8,"minecraft:time_since_death":296499,"minecraft:sprint_one_cm":1865641,"minecraft:damage_blocked_by_shield":2827,"minecraft:drop":312,"minecraft:talked_to_villager":132,"minecraft:play_time":801480,"minecraft:deaths":7,"minecraft:jump":21172,"minecraft:interact_with_brewingstand":1,"minecraft:walk_on_water_one_cm":69823,"minecraft:enchant_item":3,"minecraft:interact_with_furnace":35,"minecraft:traded_with_villager":355,"minecraft:interact_with_cartography_table":2,"minecraft:sleep_in_bed":13,"minecraft:open_enderchest":1,"minecraft:damage_dealt":46727,"minecraft:crouch_one_cm":54674,"minecraft:interact_with_smoker":3,"minecraft:inspect_dispenser":4,"minecraft:horse_one_cm":647868,"minecraft:mob_kills":298,"minecraft:interact_with_anvil":20,"minecraft:climb_one_cm":143742,"minecraft:walk_one_cm":1663212,"minecraft:sneak_time":13642,"minecraft:walk_under_water_one_cm":99109,"minecraft:interact_with_blast_furnace":10,"minecraft:total_world_time":801480,"minecraft:pot_flower":1,"minecraft:interact_with_grindstone":3,"minecraft:time_since_rest":27849,"minecraft:damage_absorbed":80,"minecraft:damage_taken":15574,"minecraft:swim_one_cm":62847,"minecraft:fly_one_cm":5167773,"minecraft:open_chest":323,"minecraft:aviate_one_cm":408604,"minecraft:fall_one_cm":645851},"minecraft:crafted":{"minecraft:oak_planks":56,"minecraft:cobblestone_slab":18,"minecraft:bookshelf":3,"minecraft:bow":5,"minecraft:chest":6,"minecraft:emerald":360,"minecraft:diamond_axe":4,"minecraft:soul_campfire":25,"minecraft:crafting_table":3,"minecraft:spruce_planks":5312,"minecraft:wooden_pickaxe":1,"minecraft:campfire":25,"minecraft:charcoal":24,"minecraft:shield":1,"minecraft:stick":10292,"minecraft:iron_ingot":147,"minecraft:iron_pickaxe":4,"minecraft:stone_sword":1,"minecraft:composter":10,"minecraft:golden_carrot":72,"minecraft:bone_meal":792,"minecraft:iron_axe":5,"minecraft:spruce_slab":102,"minecraft:iron_hoe":1,"minecraft:stone_pickaxe":1,"minecraft:cobblestone_wall":24,"minecraft:wheat":909,"minecraft:cooked_beef":38,"minecraft:diamond_sword":3,"minecraft:iron_sword":2,"minecraft:sandstone_slab":768,"minecraft:stone_axe":1,"minecraft:enchanted_book":8,"minecraft:bread":308,"minecraft:air":0,"minecraft:jungle_planks":24,"minecraft:iron_shovel":2,"minecraft:torch":76}},"DataVersion":3953}