{"stats":{"minecraft:mined":{"minecraft:jungle_leaves":2,"minecraft:potted_cactus":1,"minecraft:brewing_stand":1,"minecraft:granite":6,"minecraft:red_sand":2,"minecraft:grass_block":184,"minecraft:jungle_log":6,"minecraft:cracked_polished_blackstone_bricks":5,"minecraft:soul_soil":12,"minecraft:nether_wart":20,"minecraft:spawner":1,"minecraft:sandstone_stairs":2,"minecraft:polished_blackstone_bricks":7,"minecraft:magma_block":1,"minecraft:glowstone":12,"minecraft:iron_ore":1,"minecraft:fire":29,"minecraft:iron_bars":8,"minecraft:smooth_sandstone_stairs":3,"minecraft:green_bed":3,"minecraft:sandstone_slab":27,"minecraft:crimson_nylium":1,"minecraft:soul_fire":3,"minecraft:torch":12,"minecraft:chest":1,"minecraft:dead_bush":10,"minecraft:nether_quartz_ore":818,"minecraft:cobblestone":21,"minecraft:sugar_cane":281,"minecraft:cyan_bed":4,"minecraft:iron_door":2,"minecraft:smooth_sandstone_slab":12,"minecraft:wall_torch":14,"minecraft:blue_terracotta":1,"minecraft:wheat":6,"minecraft:oak_log":135,"minecraft:sand":502,"minecraft:dirt":349,"minecraft:sandstone_wall":10,"minecraft:netherrack":735,"minecraft:oak_leaves":25,"minecraft:deepslate":95,"minecraft:nether_gold_ore":38,"minecraft:tuff":14,"minecraft:end_stone":53,"minecraft:nether_bricks":136,"minecraft:spruce_leaves":102,"minecraft:sandstone":121,"minecraft:crimson_stem":5,"minecraft:hay_block":124,"minecraft:spruce_sapling":75,"minecraft:furnace":2,"minecraft:carrots":24,"minecraft:andesite":25,"minecraft:bell":18,"minecraft:nether_brick_fence":13,"minecraft:bookshelf":5,"minecraft:vine":4,"minecraft:cobblestone_slab":6,"minecraft:rail":1,"minecraft:bamboo":14,"minecraft:stone":279,"minecraft:bone_block":3,"minecraft:ender_chest":1,"minecraft:podzol":13,"minecraft:scaffolding":8,"minecraft:soul_sand":36,"minecraft:smooth_sandstone":4,"minecraft:crafting_table":1,"minecraft:short_grass":14,"minecraft:tall_grass":2,"minecraft:diorite":2,"minecraft:warped_wart_block":2,"minecraft:cactus":36,"minecraft:lime_bed":2,"minecraft:cobblestone_wall":14,"minecraft:spruce_log":4379,"minecraft:birch_leaves":1,"minecraft:coal_ore":53,"minecraft:cobweb":4,"minecraft:stone_bricks":2,"minecraft:mossy_stone_bricks":1,"minecraft:fern":2},"minecraft:broken":{"minecraft:iron_shovel":2,"minecraft:diamond_helmet":1,"minecraft:stone_axe":1,"minecraft:iron_sword":1,"minecraft:crossbow":1,"minecraft:diamond_axe":1,"minecraft:iron_axe":2},"minecraft:dropped":{"minecraft:diamond_axe":3,"minecraft:ominous_bottle":1,"minecraft:lapis_lazuli":78,"minecraft:cooked_beef":38,"minecraft:oak_log":23,"minecraft:sandstone_stairs":2,"minecraft:sandstone_slab":2133,"minecraft:crossbow":1,"minecraft:cracked_stone_bricks":5,"minecraft:saddle":1,"minecraft:elytra":3,"minecraft:rail":1,"minecraft:red_mushroom":1,"minecraft:emerald":94,"minecraft:dirt":889,"minecraft:melon":4,"minecraft:stone_button":8,"minecraft:crimson_roots":1,"minecraft:cut_sandstone":17,"minecraft:jungle_sapling":2,"minecraft:gold_nugget":348,"minecraft:bone_meal":130,"minecraft:bone_block":1,"minecraft:sand":90,"minecraft:polished_blackstone_bricks":1,"minecraft:iron_pickaxe":3,"minecraft:bone":88,"minecraft:gravel":4,"minecraft:stone_axe":1,"minecraft:golden_chestplate":2,"minecraft:cobbled_deepslate":99,"minecraft:smooth_sandstone_stairs":17,"minecraft:rotten_flesh":83,"minecraft:oak_planks":20,"minecraft:diamond_shovel":1,"minecraft:carrot":72,"minecraft:rabbit_foot":1,"minecraft:shulker_shell":14,"minecraft:rabbit_hide":12,"minecraft:soul_campfire":50,"minecraft:gunpowder":22,"minecraft:beetroot_seeds":4,"minecraft:spruce_pressure_plate":64,"minecraft:campfire":25,"minecraft:scaffolding":165,"minecraft:quartz":1617,"minecraft:netherrack":596,"minecraft:green_stained_glass":3,"minecraft:firework_rocket":229,"minecraft:enchanted_book":4,"minecraft:iron_ingot":246,"minecraft:bread":339,"minecraft:oak_slab":37,"minecraft:wheat_seeds":3,"minecraft:diamond_leggings":2,"minecraft:iron_helmet":1,"minecraft:feather":2,"minecraft:cobblestone":132,"minecraft:granite":9,"minecraft:stick":91,"minecraft:torch":38,"minecraft:iron_door":4,"minecraft:jungle_door":1,"minecraft:diamond_helmet":1,"minecraft:potion":2,"minecraft:iron_axe":3,"minecraft:cactus":4,"minecraft:string":34,"minecraft:smooth_sandstone":76,"minecraft:bucket":1,"minecraft:spruce_sapling":2,"minecraft:chiseled_sandstone":2,"minecraft:soul_soil":1,"minecraft:stone_sword":5,"minecraft:nether_wart":4,"minecraft:blaze_rod":3,"minecraft:bowl":1,"minecraft:tuff":14,"minecraft:raw_iron":1,"minecraft:stone_shovel":4,"minecraft:wither_skeleton_skull":1,"minecraft:iron_boots":1,"minecraft:ender_eye":1,"minecraft:nether_bricks":210,"minecraft:suspicious_stew":11,"minecraft:diamond_sword":2,"minecraft:diamond_chestplate":4,"minecraft:dragon_egg":1,"minecraft:diamond_pickaxe":2,"minecraft:andesite":31,"minecraft:mossy_stone_bricks":3,"minecraft:oak_sapling":18,"minecraft:golden_sword":1,"minecraft:bamboo":87,"minecraft:spider_eye":21,"minecraft:stone_bricks":16,"minecraft:spruce_log":573,"minecraft:sandstone":98,"minecraft:bow":6,"minecraft:stone_pickaxe":1,"minecraft:magma_cream":1,"minecraft:terracotta":15},"minecraft:killed":{"minecraft:cave_spider":4,"minecraft:witch":1,"minecraft:spider":40,"minecraft:shulker":10,"minecraft:skeleton":104,"minecraft:chicken":1,"minecraft:silverfish":3,"minecraft:piglin_brute":1,"minecraft:magma_cube":4,"minecraft:piglin":16,"minecraft:pig":1,"minecraft:zombie_villager":1,"minecraft:iron_golem":1,"minecraft:creeper":16,"minecraft:trader_llama":2,"minecraft:pillager":19,"minecraft:zombie":16,"minecraft:ghast":6,"minecraft:blaze":27,"minecraft:husk":48,"minecraft:rabbit":16,"minecraft:ravager":1,"minecraft:wither_skeleton":18,"minecraft:villager":1,"minecraft:enderman":7},"minecraft:used":{"minecraft:red_sand":2,"minecraft:iron_shovel":506,"minecraft:melon":2,"minecraft:elytra":6,"minecraft:chest":6,"minecraft:shield":115,"minecraft:iron_sword":355,"minecraft:bell":20,"minecraft:rotten_flesh":3,"minecraft:soul_sand":9,"minecraft:nether_bricks":4,"minecraft:carrot":81,"minecraft:stone_bricks":1,"minecraft:bow":210,"minecraft:scaffolding":57,"minecraft:oak_sapling":3,"minecraft:furnace":2,"minecraft:diorite":2,"minecraft:mossy_stone_bricks":1,"minecraft:stone_pickaxe":117,"minecraft:cactus":43,"minecraft:ender_pearl":9,"minecraft:wooden_pickaxe":7,"minecraft:sandstone":41,"minecraft:diamond_axe":3403,"minecraft:sugar_cane":8,"minecraft:golden_apple":2,"minecraft:sand":25,"minecraft:end_stone":40,"minecraft:lever":1,"minecraft:firework_rocket":33,"minecraft:bread":205,"minecraft:cyan_bed":2,"minecraft:diamond_sword":710,"minecraft:fire_charge":1,"minecraft:cooked_rabbit":26,"minecraft:andesite":10,"minecraft:oak_boat":6,"minecraft:air":1,"minecraft:bone_meal":215,"minecraft:iron_bars":3,"minecraft:stone_sword":79,"minecraft:flint_and_steel":2,"minecraft:sandstone_wall":4,"minecraft:netherrack":48,"minecraft:torch":174,"minecraft:brewing_stand":1,"minecraft:dirt":88,"minecraft:warped_wart_block":1,"minecraft:nether_quartz_ore":46,"minecraft:cobblestone_wall":26,"minecraft:diamond_helmet":3,"minecraft:golden_chestplate":1,"minecraft:iron_hoe":80,"minecraft:bookshelf":5,"minecraft:iron_axe":1065,"minecraft:smooth_sandstone":3,"minecraft:diamond_chestplate":6,"minecraft:golden_carrot":117,"minecraft:goat_horn":2,"minecraft:cooked_beef":5,"minecraft:crimson_stem":1,"minecraft:cooked_mutton":4,"minecraft:water_bucket":33,"minecraft:cut_sandstone":1,"minecraft:cobblestone_slab":6,"minecraft:polished_blackstone_bricks":6,"minecraft:rail":1,"minecraft:lime_bed":1,"minecraft:crafting_table":3,"minecraft:white_bed":1,"minecraft:spruce_log":12,"minecraft:smoker":1,"minecraft:oak_log":1,"minecraft:flower_pot":1,"minecraft:diamond_pickaxe":2338,"minecraft:apple":1,"minecraft:diamond_shovel":436,"minecraft:cracked_polished_blackstone_bricks":5,"minecraft:iron_pickaxe":170,"minecraft:suspicious_stew":1,"minecraft:spruce_sapling":358,"minecraft:stone_axe":133,"minecraft:crimson_sign":1,"minecraft:cobblestone":76,"minecraft:white_banner":3,"minecraft:jungle_door":1,"minecraft:cooked_porkchop":7,"minecraft:bucket":32,"minecraft:sandstone_slab":663},"minecraft:picked_up":{"minecraft:shulker_shell":14,"minecraft:wheat":9,"minecraft:nether_brick_fence":4,"minecraft:flower_pot":1,"minecraft:lead":2,"minecraft:diamond_sword":4,"minecraft:potion":2,"minecraft:enchanted_book":4,"minecraft:brewing_stand":1,"minecraft:golden_sword":1,"minecraft:string":119,"minecraft:soul_soil":1,"minecraft:cobbled_deepslate":99,"minecraft:diamond_leggings":8,"minecraft:red_sand":2,"minecraft:gold_nugget":348,"minecraft:spruce_planks":97,"minecraft:cobblestone_slab":22,"minecraft:ender_eye":1,"minecraft:iron_pickaxe":8,"minecraft:iron_boots":1,"minecraft:crimson_sign":1,"minecraft:furnace":2,"minecraft:golden_helmet":2,"minecraft:spruce_pressure_plate":64,"minecraft:stick":302,"minecraft:jungle_door":2,"minecraft:torch":151,"minecraft:green_bed":3,"minecraft:sandstone_wall":78,"minecraft:porkchop":2,"minecraft:diorite":3,"minecraft:golden_chestplate":2,"minecraft:rabbit_foot":3,"minecraft:stone_sword":7,"minecraft:cactus":109,"minecraft:rotten_flesh":167,"minecraft:bookshelf":1,"minecraft:blaze_rod":8,"minecraft:obsidian":8,"minecraft:iron_bars":3,"minecraft:cobblestone":543,"minecraft:feather":2,"minecraft:cooked_beef":5,"minecraft:magma_cream":1,"minecraft:andesite":60,"minecraft:iron_door":4,"minecraft:water_bucket":1,"minecraft:jungle_log":6,"minecraft:smoker":1,"minecraft:potato":55,"minecraft:tuff":14,"minecraft:smooth_sandstone_stairs":17,"minecraft:wither_skeleton_skull":1,"minecraft:lapis_lazuli":174,"minecraft:dirt":1003,"minecraft:glass":85,"minecraft:bone":191,"minecraft:bow":22,"minecraft:wheat_seeds":28,"minecraft:bell":19,"minecraft:mossy_stone_bricks":4,"minecraft:rabbit":4,"minecraft:diamond_helmet":6,"minecraft:glowstone_dust":33,"minecraft:bamboo":161,"minecraft:oak_planks":1,"minecraft:cooked_porkchop":7,"minecraft:warped_wart_block":1,"minecraft:sand":768,"minecraft:melon":6,"minecraft:cyan_bed":4,"minecraft:chiseled_sandstone":2,"minecraft:iron_hoe":2,"minecraft:sugar":6,"minecraft:diamond":10,"minecraft:lever":1,"minecraft:cracked_polished_blackstone_bricks":5,"minecraft:crossbow":2,"minecraft:granite":13,"minecraft:bone_meal":103,"minecraft:golden_apple":3,"minecraft:emerald":229,"minecraft:bread":442,"minecraft:oak_sapling":30,"minecraft:netherrack":716,"minecraft:crimson_roots":1,"minecraft:diamond_pickaxe":9,"minecraft:crafting_table":1,"minecraft:sandstone_slab":2293,"minecraft:ominous_bottle":2,"minecraft:nether_wart":5,"minecraft:cooked_rabbit":26,"minecraft:shield":16,"minecraft:dragon_breath":1,"minecraft:oak_trapdoor":6,"minecraft:elytra":5,"minecraft:iron_axe":7,"minecraft:flint_and_steel":1,"minecraft:cracked_stone_bricks":5,"minecraft:oak_boat":9,"minecraft:jungle_sapling":2,"minecraft:spruce_slab":32,"minecraft:minecart":2,"minecraft:sugar_cane":428,"minecraft:chest":3,"minecraft:raw_iron":1,"minecraft:sandstone":388,"minecraft:end_stone":53,"minecraft:polished_blackstone_bricks":7,"minecraft:stone_button":8,"minecraft:carrot":163,"minecraft:redstone":8,"minecraft:smooth_sandstone_slab":25,"minecraft:arrow":540,"minecraft:stone_shovel":6,"minecraft:diamond_chestplate":7,"minecraft:beetroot_seeds":2,"minecraft:nether_bricks":244,"minecraft:diamond_boots":6,"minecraft:hay_block":127,"minecraft:sandstone_stairs":6,"minecraft:saddle":1,"minecraft:bone_block":1,"minecraft:rail":5,"minecraft:soul_campfire":50,"minecraft:lime_bed":2,"minecraft:golden_carrot":107,"minecraft:crimson_stem":1,"minecraft:cut_sandstone":18,"minecraft:red_mushroom":1,"minecraft:oak_log":170,"minecraft:cobblestone_wall":24,"minecraft:gunpowder":43,"minecraft:white_banner":5,"minecraft:cooked_mutton":4,"minecraft:smooth_sandstone":85,"minecraft:stone_bricks":17,"minecraft:rabbit_hide":27,"minecraft:iron_ingot":106,"minecraft:stone_pickaxe":1,"minecraft:cooked_chicken":3,"minecraft:iron_sword":2,"minecraft:soul_sand":34,"minecraft:music_disc_chirp":1,"minecraft:book":16,"minecraft:scaffolding":182,"minecraft:oak_slab":148,"minecraft:nether_quartz_ore":46,"minecraft:quartz":1617,"minecraft:gravel":4,"minecraft:green_stained_glass":3,"minecraft:spruce_sapling":401,"minecraft:white_bed":1,"minecraft:spruce_log":4425,"minecraft:spider_eye":55,"minecraft:dragon_egg":1,"minecraft:firework_rocket":490,"minecraft:diamond_shovel":3,"minecraft:campfire":50,"minecraft:stone_axe":3,"minecraft:iron_helmet":2,"minecraft:diamond_axe":6,"minecraft:terracotta":15,"minecraft:coal":136,"minecraft:ender_pearl":8},"minecraft:killed_by":{"minecraft:cave_spider":1,"minecraft:blaze":1,"minecraft:husk":1,"minecraft:player":1,"minecraft:skeleton":1},"minecraft:custom":{"minecraft:interact_with_crafting_table":49,"minecraft:open_barrel":46,"minecraft:open_shulker_box":2,"minecraft:bell_ring":109,"minecraft:leave_game":14,"minecraft:time_since_death":78807,"minecraft:sprint_one_cm":2274044,"minecraft:damage_blocked_by_shield":3939,"minecraft:drop":414,"minecraft:talked_to_villager":155,"minecraft:play_time":965696,"minecraft:deaths":8,"minecraft:jump":25765,"minecraft:interact_with_brewingstand":1,"minecraft:walk_on_water_one_cm":95058,"minecraft:enchant_item":7,"minecraft:interact_with_furnace":35,"minecraft:traded_with_villager":377,"minecraft:interact_with_cartography_table":2,"minecraft:sleep_in_bed":14,"minecraft:open_enderchest":1,"minecraft:damage_dealt":65759,"minecraft:player_kills":1,"minecraft:crouch_one_cm":56520,"minecraft:interact_with_smoker":4,"minecraft:inspect_dispenser":4,"minecraft:horse_one_cm":647868,"minecraft:interact_with_anvil":29,"minecraft:mob_kills":395,"minecraft:climb_one_cm":143742,"minecraft:walk_one_cm":1956643,"minecraft:raid_win":1,"minecraft:sneak_time":14040,"minecraft:walk_under_water_one_cm":100348,"minecraft:interact_with_blast_furnace":10,"minecraft:total_world_time":965696,"minecraft:pot_flower":1,"minecraft:interact_with_grindstone":3,"minecraft:time_since_rest":49834,"minecraft:damage_taken":19748,"minecraft:damage_absorbed":80,"minecraft:swim_one_cm":70252,"minecraft:fly_one_cm":6298322,"minecraft:open_chest":343,"minecraft:aviate_one_cm":1314383,"minecraft:fall_one_cm":802723},"minecraft:crafted":{"minecraft:oak_planks":56,"minecraft:cobblestone_slab":18,"minecraft:bookshelf":4,"minecraft:suspicious_stew":12,"minecraft:diamond_helmet":1,"minecraft:bow":5,"minecraft:chest":6,"minecraft:emerald":360,"minecraft:soul_campfire":25,"minecraft:diamond_axe":4,"minecraft:crafting_table":3,"minecraft:spruce_planks":5312,"minecraft:wooden_pickaxe":1,"minecraft:campfire":25,"minecraft:paper":114,"minecraft:charcoal":24,"minecraft:shield":2,"minecraft:stick":10292,"minecraft:iron_ingot":147,"minecraft:iron_pickaxe":4,"minecraft:stone_sword":1,"minecraft:composter":10,"minecraft:golden_carrot":87,"minecraft:bone_meal":792,"minecraft:iron_axe":5,"minecraft:iron_hoe":1,"minecraft:spruce_slab":102,"minecraft:stone_pickaxe":1,"minecraft:cobblestone_wall":24,"minecraft:wheat":909,"minecraft:cooked_beef":38,"minecraft:diamond_sword":3,"minecraft:iron_sword":2,"minecraft:sandstone_slab":768,"minecraft:stone_axe":1,"minecraft:enchanted_book":12,"minecraft:air":0,"minecraft:bread":308,"minecraft:jungle_planks":24,"minecraft:iron_shovel":2,"minecraft:torch":76,"minecraft:lapis_lazuli":18,"minecraft:diamond_chestplate":1,"minecraft:firework_rocket":342}},"DataVersion":3953}