{"stats":{"minecraft:mined":{"minecraft:nether_gold_ore":13,"minecraft:jungle_leaves":2,"minecraft:potted_cactus":1,"minecraft:nether_bricks":31,"minecraft:granite":1,"minecraft:red_sand":2,"minecraft:grass_block":172,"minecraft:jungle_log":6,"minecraft:spruce_leaves":58,"minecraft:nether_wart":20,"minecraft:sandstone":30,"minecraft:crimson_stem":5,"minecraft:sandstone_stairs":2,"minecraft:spawner":1,"minecraft:hay_block":124,"minecraft:glowstone":12,"minecraft:spruce_sapling":2,"minecraft:carrots":24,"minecraft:iron_ore":1,"minecraft:fire":17,"minecraft:andesite":11,"minecraft:bell":1,"minecraft:nether_brick_fence":12,"minecraft:vine":2,"minecraft:cobblestone_slab":6,"minecraft:smooth_sandstone_stairs":3,"minecraft:stone":58,"minecraft:bone_block":3,"minecraft:green_bed":3,"minecraft:podzol":4,"minecraft:sandstone_slab":4,"minecraft:soul_sand":3,"minecraft:crimson_nylium":1,"minecraft:soul_fire":2,"minecraft:smooth_sandstone":4,"minecraft:crafting_table":1,"minecraft:torch":5,"minecraft:short_grass":11,"minecraft:chest":1,"minecraft:dead_bush":5,"minecraft:cobblestone":9,"minecraft:diorite":1,"minecraft:cyan_bed":4,"minecraft:sugar_cane":1,"minecraft:smooth_sandstone_slab":12,"minecraft:wall_torch":6,"minecraft:warped_wart_block":2,"minecraft:cactus":35,"minecraft:lime_bed":2,"minecraft:blue_terracotta":1,"minecraft:cobblestone_wall":14,"minecraft:wheat":6,"minecraft:spruce_log":1031,"minecraft:birch_leaves":1,"minecraft:oak_log":124,"minecraft:coal_ore":2,"minecraft:sand":26,"minecraft:dirt":337,"minecraft:sandstone_wall":10,"minecraft:cobweb":4,"minecraft:netherrack":15,"minecraft:oak_leaves":24,"minecraft:fern":2},"minecraft:killed_by":{"minecraft:cave_spider":1,"minecraft:skeleton":1,"minecraft:blaze":1},"minecraft:broken":{"minecraft:iron_shovel":2,"minecraft:iron_axe":2,"minecraft:stone_axe":1,"minecraft:iron_sword":1},"minecraft:killed":{"minecraft:cave_spider":4,"minecraft:witch":1,"minecraft:spider":11,"minecraft:skeleton":50,"minecraft:magma_cube":3,"minecraft:husk":16,"minecraft:pig":1,"minecraft:iron_golem":1,"minecraft:creeper":1,"minecraft:pillager":2,"minecraft:zombie":5,"minecraft:blaze":15},"minecraft:custom":{"minecraft:mob_kills":112,"minecraft:interact_with_crafting_table":31,"minecraft:bell_ring":62,"minecraft:leave_game":5,"minecraft:time_since_death":26525,"minecraft:climb_one_cm":13795,"minecraft:sprint_one_cm":719936,"minecraft:walk_one_cm":678478,"minecraft:damage_blocked_by_shield":1867,"minecraft:drop":153,"minecraft:talked_to_villager":2,"minecraft:play_time":272210,"minecraft:sneak_time":3174,"minecraft:deaths":4,"minecraft:walk_under_water_one_cm":23588,"minecraft:jump":7933,"minecraft:walk_on_water_one_cm":30121,"minecraft:total_world_time":272210,"minecraft:interact_with_furnace":2,"minecraft:interact_with_cartography_table":2,"minecraft:pot_flower":1,"minecraft:sleep_in_bed":5,"minecraft:time_since_rest":26567,"minecraft:damage_taken":7863,"minecraft:damage_absorbed":80,"minecraft:damage_dealt":20455,"minecraft:swim_one_cm":23103,"minecraft:fly_one_cm":1831096,"minecraft:open_chest":109,"minecraft:crouch_one_cm":9751,"minecraft:interact_with_smoker":3,"minecraft:inspect_dispenser":2,"minecraft:fall_one_cm":231884,"minecraft:horse_one_cm":625830},"minecraft:dropped":{"minecraft:bread":339,"minecraft:oak_slab":37,"minecraft:wheat_seeds":2,"minecraft:lapis_lazuli":66,"minecraft:oak_log":12,"minecraft:sandstone_stairs":2,"minecraft:sandstone_slab":2,"minecraft:cobblestone":49,"minecraft:granite":4,"minecraft:saddle":1,"minecraft:stick":81,"minecraft:dirt":870,"minecraft:torch":38,"minecraft:crimson_roots":1,"minecraft:cut_sandstone":17,"minecraft:jungle_door":1,"minecraft:jungle_sapling":2,"minecraft:gold_nugget":59,"minecraft:bone_meal":130,"minecraft:bone_block":1,"minecraft:sand":70,"minecraft:iron_axe":2,"minecraft:iron_pickaxe":2,"minecraft:cactus":1,"minecraft:string":15,"minecraft:smooth_sandstone":76,"minecraft:bucket":1,"minecraft:spruce_sapling":2,"minecraft:chiseled_sandstone":2,"minecraft:bone":28,"minecraft:stone_axe":1,"minecraft:stone_sword":3,"minecraft:nether_wart":4,"minecraft:blaze_rod":3,"minecraft:raw_iron":1,"minecraft:smooth_sandstone_stairs":17,"minecraft:stone_shovel":4,"minecraft:rotten_flesh":41,"minecraft:oak_planks":20,"minecraft:carrot":69,"minecraft:gunpowder":2,"minecraft:andesite":15,"minecraft:beetroot_seeds":2,"minecraft:oak_sapling":18,"minecraft:spider_eye":9,"minecraft:sandstone":27,"minecraft:bow":2,"minecraft:stone_pickaxe":1,"minecraft:magma_cream":1,"minecraft:netherrack":16,"minecraft:terracotta":15},"minecraft:picked_up":{"minecraft:crafting_table":1,"minecraft:wheat":9,"minecraft:sandstone_slab":10,"minecraft:nether_brick_fence":4,"minecraft:nether_wart":5,"minecraft:flower_pot":1,"minecraft:shield":5,"minecraft:string":44,"minecraft:oak_trapdoor":6,"minecraft:iron_axe":5,"minecraft:flint_and_steel":1,"minecraft:red_sand":2,"minecraft:gold_nugget":59,"minecraft:oak_boat":8,"minecraft:cobblestone_slab":22,"minecraft:jungle_sapling":2,"minecraft:iron_pickaxe":6,"minecraft:minecart":2,"minecraft:chest":3,"minecraft:sugar_cane":3,"minecraft:crimson_sign":1,"minecraft:raw_iron":1,"minecraft:golden_helmet":2,"minecraft:stick":153,"minecraft:sandstone":104,"minecraft:jungle_door":1,"minecraft:torch":67,"minecraft:green_bed":3,"minecraft:sandstone_wall":77,"minecraft:porkchop":2,"minecraft:diorite":2,"minecraft:carrot":160,"minecraft:redstone":8,"minecraft:smooth_sandstone_slab":25,"minecraft:rotten_flesh":77,"minecraft:arrow":92,"minecraft:stone_sword":5,"minecraft:cactus":106,"minecraft:stone_shovel":6,"minecraft:beetroot_seeds":2,"minecraft:nether_bricks":34,"minecraft:hay_block":127,"minecraft:sandstone_stairs":6,"minecraft:saddle":1,"minecraft:blaze_rod":6,"minecraft:rail":3,"minecraft:bone_block":1,"minecraft:cobblestone":289,"minecraft:lime_bed":2,"minecraft:cooked_beef":5,"minecraft:magma_cream":1,"minecraft:andesite":35,"minecraft:crimson_stem":1,"minecraft:water_bucket":1,"minecraft:jungle_log":6,"minecraft:cut_sandstone":17,"minecraft:smoker":1,"minecraft:potato":55,"minecraft:smooth_sandstone_stairs":17,"minecraft:oak_log":159,"minecraft:cobblestone_wall":24,"minecraft:gunpowder":7,"minecraft:lapis_lazuli":174,"minecraft:dirt":966,"minecraft:cooked_mutton":4,"minecraft:smooth_sandstone":85,"minecraft:glass":85,"minecraft:bone":74,"minecraft:bow":12,"minecraft:wheat_seeds":27,"minecraft:bell":1,"minecraft:iron_ingot":8,"minecraft:stone_pickaxe":1,"minecraft:oak_planks":1,"minecraft:rabbit":1,"minecraft:glowstone_dust":33,"minecraft:iron_sword":2,"minecraft:soul_sand":3,"minecraft:oak_slab":148,"minecraft:cooked_porkchop":7,"minecraft:warped_wart_block":1,"minecraft:sand":170,"minecraft:spruce_sapling":125,"minecraft:spruce_log":1030,"minecraft:cyan_bed":4,"minecraft:chiseled_sandstone":2,"minecraft:spider_eye":10,"minecraft:iron_hoe":2,"minecraft:sugar":6,"minecraft:diamond":6,"minecraft:stone_axe":3,"minecraft:lever":1,"minecraft:granite":8,"minecraft:bone_meal":103,"minecraft:golden_apple":3,"minecraft:bread":401,"minecraft:terracotta":15,"minecraft:oak_sapling":30,"minecraft:netherrack":30,"minecraft:coal":2,"minecraft:crimson_roots":1},"minecraft:crafted":{"minecraft:oak_planks":56,"minecraft:cobblestone_slab":18,"minecraft:bone_meal":102,"minecraft:bow":3,"minecraft:iron_axe":5,"minecraft:iron_hoe":1,"minecraft:stone_pickaxe":1,"minecraft:cobblestone_wall":24,"minecraft:chest":6,"minecraft:wheat":909,"minecraft:crafting_table":3,"minecraft:spruce_planks":24,"minecraft:wooden_pickaxe":1,"minecraft:iron_sword":2,"minecraft:stone_axe":1,"minecraft:bread":308,"minecraft:jungle_planks":24,"minecraft:shield":1,"minecraft:stick":12,"minecraft:iron_pickaxe":4,"minecraft:stone_sword":1,"minecraft:iron_shovel":2},"minecraft:used":{"minecraft:stone_sword":79,"minecraft:red_sand":2,"minecraft:iron_shovel":501,"minecraft:flint_and_steel":2,"minecraft:chest":6,"minecraft:shield":65,"minecraft:iron_sword":300,"minecraft:bell":1,"minecraft:rotten_flesh":3,"minecraft:sandstone_wall":3,"minecraft:netherrack":6,"minecraft:torch":14,"minecraft:dirt":8,"minecraft:soul_sand":3,"minecraft:warped_wart_block":1,"minecraft:nether_bricks":4,"minecraft:cobblestone_wall":26,"minecraft:carrot":81,"minecraft:golden_chestplate":1,"minecraft:iron_hoe":80,"minecraft:iron_axe":1065,"minecraft:smooth_sandstone":3,"minecraft:bow":7,"minecraft:oak_sapling":3,"minecraft:goat_horn":1,"minecraft:cooked_beef":5,"minecraft:crimson_stem":1,"minecraft:cooked_mutton":4,"minecraft:diorite":1,"minecraft:water_bucket":33,"minecraft:stone_pickaxe":117,"minecraft:cactus":43,"minecraft:wooden_pickaxe":7,"minecraft:sandstone":17,"minecraft:sugar_cane":3,"minecraft:cobblestone_slab":6,"minecraft:golden_apple":2,"minecraft:sand":10,"minecraft:lime_bed":1,"minecraft:crafting_table":3,"minecraft:spruce_log":3,"minecraft:smoker":1,"minecraft:oak_log":1,"minecraft:flower_pot":1,"minecraft:lever":1,"minecraft:bread":137,"minecraft:cyan_bed":2,"minecraft:iron_pickaxe":169,"minecraft:spruce_sapling":62,"minecraft:stone_axe":133,"minecraft:crimson_sign":1,"minecraft:fire_charge":1,"minecraft:cobblestone":8,"minecraft:cooked_porkchop":7,"minecraft:andesite":8,"minecraft:bucket":32,"minecraft:oak_boat":5,"minecraft:bone_meal":75}},"DataVersion":3953}