{"stats":{"minecraft:broken":{"minecraft:stone_axe":2,"minecraft:wooden_axe":4,"constructionwand:stone_wand":8,"exdeorum:crook":1},"minecraft:dropped":{"exdeorum:basalt_pebble":211,"minecraft:clay":34,"minecraft:porkchop":2,"minecraft:cooked_beef":1,"minecraft:oak_log":4,"constructionwand:stone_wand":3,"everlastingabilities:ability_totem":3,"botania:black_petal":2,"minecraft:emerald":5,"minecraft:flint":81,"minecraft:dirt":6,"exdeorum:compressed_stone_hammer":3,"exdeorum:crook":2,"minecraft:gold_nugget":8,"exdeorum:granite_pebble":211,"minecraft:sand":1418,"botania:white_petal":20,"minecraft:white_wool":1,"minecraft:gold_ingot":12,"minecraft:bone":1,"minecraft:stone_axe":1,"exdeorum:string_mesh":2,"minecraft:obsidian":12,"minecraft:pointed_dripstone":27,"minecraft:rotten_flesh":1,"supplementaries:ash":6,"mysticalagriculture:inferium_essence":22,"apotheosis:gem":1,"minecraft:iron_ore":1,"minecraft:egg":6,"minecraft:water_bucket":1,"minecraft:iron_ingot":4,"minecraft:oak_slab":16,"minecraft:wheat_seeds":3,"exdeorum:deepslate_pebble":195,"botania:red_petal":1,"minecraft:feather":2,"minecraft:cobblestone":5,"minecraft:coal":1,"minecraft:stick":17,"minecraft:lava_bucket":1,"minecraft:diorite":116,"minecraft:green_dye":1,"minecraft:wooden_axe":6,"alltheores:copper_ore_hammer":1,"botania:lime_petal":3,"minecraft:dead_bush":4,"minecraft:string":3,"exdeorum:stone_pebble":30,"minecraft:bucket":1,"pickletweaks:emerald_pickaxe":1,"forbidden_arcanus:ender_pearl_fragment":60,"minecraft:raw_iron":39,"minecraft:stripped_oak_log":1,"minecraft:shield":1,"minecraft:oak_button":65,"minecraft:oak_sapling":17,"exdeorum:diorite_pebble":216,"minecraft:redstone_torch":4,"exdeorum:blackstone_pebble":213,"exdeorum:andesite_pebble":210},"minecraft:killed":{"minecraft:zombified_piglin":1,"minecraft:spider":1,"minecraft:chicken":5,"minecraft:piglin":4,"minecraft:sheep":1,"minecraft:trader_llama":5,"minecraft:zombie":2,"minecraft:blaze":1,"minecraft:cow":4,"minecraft:wandering_trader":1,"minecraft:hoglin":3,"minecraft:wither_skeleton":6,"minecraft:enderman":46},"minecraft:used":{"botania:white_petal":2,"sophisticatedbackpacks:copper_backpack":1,"minecraft:chest":12,"minecraft:shield":63,"minecraft:stone":52,"minecraft:iron_sword":8,"allthecompressed:cobblestone_1x":676,"pickletweaks:emerald_pickaxe":12,"powah:solar_panel_basic":2,"mekanism:basic_universal_cable":6,"minecraft:lava_bucket":12,"thermal:machine_insolator":2,"minecraft:bow":38,"supplementaries:ash":2,"pipez:item_pipe":2,"minecraft:oak_sapling":284,"minecraft:egg":19,"minecraft:diorite":16,"minecraft:stone_pickaxe":33,"minecraft:cactus":2,"minecraft:ender_pearl":2,"minecraft:diamond_axe":281,"minecraft:sand":4,"botania:fertilizer":91,"croptopia:scrambled_eggs":2,"exdeorum:oak_barrel":1,"mekanism:crusher":1,"minecraft:bread":10,"mekanism:metallurgic_infuser":3,"minecraft:polished_granite":50,"tombstone:grave_key":3,"minecraft:gravel":125,"croptopia:toast":7,"minecraft:diamond_sword":281,"botania:pure_daisy":3,"exdeorum:compressed_stone_hammer":773,"cookingforblockheads:sink":2,"minecraft:netherite_sword":2,"sophisticatedbackpacks:iron_backpack":1,"minecraft:stone_sword":32,"farmingforblockheads:market":2,"exdeorum:crook":157,"minecraft:torch":7,"minecraft:dirt":176,"botania:purple_mystical_flower":1,"alltheores:osmium_ore":27,"exdeorum:silk_worm":4,"allthecompressed:cobblestone_2x":14,"minecraft:polished_diorite":43,"minecraft:wooden_axe":183,"exdeorum:stone_hammer":1,"botania:mana_pool":1,"tombstone:gift":5,"minecraft:cooked_beef":27,"minecraft:cooked_mutton":2,"minecraft:water_bucket":16,"minecraft:iron_ore":11,"mekanismgenerators:bio_generator":6,"minecraft:baked_potato":12,"botania:brown_mystical_flower":1,"minecraft:gold_ore":5,"minecraft:crafting_table":3,"minecraft:oak_slab":697,"constructionwand:stone_wand":245,"minecraft:white_bed":1,"botania:apothecary_default":3,"exdeorum:grass_seeds":14,"minecraft:oak_log":26,"minecraft:diamond_pickaxe":116,"minecraft:apple":31,"minecraft:iron_pickaxe":47,"minecraft:oak_button":1,"allthecompressed:gravel_1x":108,"minecraft:stone_axe":146,"minecraft:cobblestone":306,"minecraft:bucket":15},"minecraft:picked_up":{"minecraft:wooden_axe":2,"waystones:warp_stone":1,"exdeorum:mycelium_spores":41,"exdeorum:dust":32,"minecraft:prismarine_shard":154,"minecraft:lead":3,"exdeorum:iron_ore_chunk":558,"exdeorum:grass_seeds":57,"minecraft:string":90,"minecraft:netherite_ingot":5,"minecraft:sea_pickle":46,"minecraft:diamond_leggings":1,"mysticalagriculture:inferium_essence":28,"mekanism:basic_universal_cable":6,"minecraft:bucket":4,"exdeorum:random_armor_trim":27,"minecraft:iron_pickaxe":1,"xycraft_world:xychorium_gem_green":124,"wstweaks:fragment":18,"minecraft:stick":318,"apotheosis:gem":4,"botania:cyan_double_flower":1,"minecraft:torch":2,"pickletweaks:emerald_pickaxe":1,"minecraft:porkchop":4,"minecraft:pointed_dripstone":762,"minecraft:diorite":116,"pipez:wrench":1,"minecraft:cactus":166,"minecraft:rotten_flesh":1,"botania:livingrock":51,"exdeorum:tin_ore_chunk":546,"botania:livingwood_log":24,"supplementaries:ash":5,"minecraft:blaze_rod":1,"minecraft:host_armor_trim_smithing_template":1,"minecraft:obsidian":12,"minecraft:blaze_powder":147,"minecraft:cobblestone":207,"exdeorum:osmium_ore_chunk":234,"exdeorum:crook":1,"thermal:machine_insolator":2,"minecraft:feather":6,"exdeorum:basalt_pebble":14,"minecraft:magma_cream":2,"powah:dielectric_casing":4,"minecraft:water_bucket":1,"alltheores:invar_ingot":1,"enderio:grains_of_infinity":232,"minecraft:potato":51,"minecraft:flint":1695,"exdeorum:nickel_ore_chunk":410,"ae2:charged_certus_quartz_crystal":32,"minecraft:lapis_lazuli":534,"thermal:tin_gear":1,"minecraft:dirt":12,"powah:energy_cable_basic":4,"reliquary:nebulous_heart":1,"minecraft:bone":6,"botania:pink_mystical_flower":1,"minecraft:wheat_seeds":40,"minecraft:raw_gold":46,"powah:capacitor_basic":1,"everlastingabilities:ability_totem":5,"minecraft:glowstone_dust":255,"minecraft:bamboo":18,"mekanism:metallurgic_infuser":2,"botania:red_mystical_flower":1,"patchouli:guide_book":1,"botania:yellow_double_flower":1,"xycraft_world:xychorium_gem_red":125,"ae2:certus_quartz_crystal":127,"minecraft:sand":1485,"minecraft:dead_bush":101,"xycraft_world:xychorium_gem_dark":121,"forbidden_arcanus:ender_pearl_fragment":62,"projecte:repair_talisman":1,"xycraft_world:xychorium_gem_light":137,"minecraft:clay":32,"minecraft:diamond":224,"constructionwand:stone_wand":2,"minecraft:bone_meal":51,"exdeorum:copper_ore_chunk":607,"minecraft:emerald":192,"minecraft:oak_sapling":590,"farmingforblockheads:market":2,"exdeorum:gold_ore_chunk":302,"minecraft:crafting_table":2,"powah:solar_panel_basic":2,"minecraft:chicken":6,"thermal:machine_output_augment":1,"exdeorum:oak_barrel":1,"minecraft:shield":1,"exdeorum:blackstone_pebble":14,"powah:energizing_rod_starter":1,"exdeorum:granite_pebble":9,"exdeorum:string_mesh":6,"botania:pure_daisy":3,"minecraft:beef":9,"exdeorum:zinc_ore_chunk":317,"minecraft:iron_nugget":150,"exdeorum:compressed_stone_hammer":3,"allthecompressed:cobblestone_1x":101,"minecraft:chest":8,"minecraft:egg":28,"minecraft:raw_iron":66,"pipez:item_pipe":3,"minecraft:carrot":85,"minecraft:redstone":108,"minecraft:prismarine_crystals":141,"powah:capacitor_basic_large":1,"exdeorum:silk_worm":6,"minecraft:diamond_chestplate":1,"botania:lime_mystical_flower":1,"xycraft_world:xychorium_gem_blue":149,"ae2:certus_quartz_dust":175,"exdeorum:diorite_pebble":11,"botania:apothecary_default":2,"exdeorum:andesite_pebble":12,"minecraft:gold_ingot":12,"sophisticatedbackpacks:copper_backpack":2,"alltheores:raw_osmium":27,"minecraft:mutton":2,"botania:magenta_double_flower":1,"minecraft:white_wool":1,"minecraft:stripped_oak_log":1,"exdeorum:random_pottery_sherd":19,"powah:capacitor_basic_tiny":3,"minecraft:air":0,"minecraft:golden_carrot":3,"minecraft:leather":11,"forcecraft:force_gem":320,"minecraft:oak_log":1437,"mekanismgenerators:bio_generator":5,"minecraft:gunpowder":254,"botania:light_blue_mystical_flower":1,"minecraft:coast_armor_trim_smithing_template":1,"ae2:sky_dust":190,"minecraft:apple":44,"minecraft:kelp":46,"minecraft:wild_armor_trim_smithing_template":1,"exdeorum:stone_pebble":1511,"minecraft:iron_ingot":26,"minecraft:oak_slab":164,"minecraft:green_dye":1,"dankstorage:dank_1":1,"exdeorum:deepslate_pebble":525,"exdeorum:lead_ore_chunk":402,"minecraft:gravel":6573,"minecraft:amethyst_shard":232,"minecraft:white_bed":1,"botania:white_petal":6,"forcecraft:recovery_heart":2,"exdeorum:silver_ore_chunk":398,"forbidden_arcanus:arcane_crystal":65,"minecraft:diamond_shovel":1,"cookingforblockheads:sink":2,"minecraft:pumpkin_seeds":45,"exdeorum:aluminum_ore_chunk":406,"minecraft:polished_diorite":3,"minecraft:stone_axe":1,"botania:orange_mystical_flower":1,"mekanism:fluorite_gem":253,"minecraft:oak_button":2,"minecraft:baked_potato":14,"minecraft:melon_seeds":42,"minecraft:coal":503,"minecraft:ender_pearl":23,"alltheores:copper_ore_hammer":1},"minecraft:custom":{"lootr:looted_stat":1,"minecraft:interact_with_crafting_table":4,"minecraft:eat_cake_slice":1,"minecraft:leave_game":6,"minecraft:time_since_death":62459,"minecraft:sprint_one_cm":782207,"minecraft:damage_blocked_by_shield":3330,"minecraft:drop":187,"minecraft:talked_to_villager":8,"minecraft:play_time":511099,"minecraft:deaths":24,"minecraft:jump":7211,"minecraft:walk_on_water_one_cm":781,"minecraft:interact_with_furnace":82,"minecraft:traded_with_villager":1,"minecraft:sleep_in_bed":19,"minecraft:waystone_activated":2,"minecraft:damage_dealt":28853,"minecraft:crouch_one_cm":105209,"tombstone:undead_killed":9,"tombstone:villager_killed":1,"minecraft:interact_with_smithing_table":3,"minecraft:mob_kills":83,"minecraft:inspect_hopper":1,"minecraft:damage_dealt_resisted":0,"minecraft:walk_one_cm":1205301,"minecraft:damage_dealt_absorbed":80,"minecraft:sneak_time":23014,"minecraft:total_world_time":511099,"minecraft:time_since_rest":10170,"minecraft:damage_taken":15285,"minecraft:use_wand":1364,"minecraft:fly_one_cm":1500356,"minecraft:open_chest":635,"minecraft:fall_one_cm":929641},"minecraft:mined":{"minecraft:white_bed":1,"minecraft:oak_sapling":11,"botania:red_mystical_flower":23,"botania:pink_double_flower":1,"minecraft:obsidian":12,"botania:livingwood_log":24,"minecraft:grass_block":2,"minecraft:polished_diorite":43,"botania:light_gray_mystical_flower":13,"botania:apothecary_default":2,"botania:purple_mystical_flower":19,"minecraft:iron_ore":11,"botania:brown_mystical_flower":14,"botania:light_blue_mystical_flower":17,"sophisticatedbackpacks:copper_backpack":1,"botania:green_mystical_flower":21,"botania:orange_mystical_flower":15,"minecraft:torch":3,"botania:green_double_flower":3,"mekanismgenerators:bio_generator":5,"minecraft:chest":8,"minecraft:cobblestone":38,"botania:blue_mystical_flower":20,"botania:black_mystical_flower":22,"thermal:machine_insolator":2,"minecraft:oak_log":45,"minecraft:sand":3,"minecraft:dirt":7,"allthecompressed:cobblestone_1x":615,"mekanism:basic_universal_cable":1,"minecraft:oak_leaves":129,"botania:magenta_double_flower":1,"botania:orange_double_flower":1,"alltheores:osmium_ore":27,"powah:solar_panel_basic":2,"botania:cyan_double_flower":1,"botania:magenta_mystical_flower":9,"botania:livingrock":51,"minecraft:stripped_oak_log":1,"minecraft:stone":1,"farmingforblockheads:market":2,"minecraft:oak_slab":207,"botania:lime_mystical_flower":11,"botania:white_buried_petals":2,"exdeorum:infested_leaves":150,"pipez:item_pipe":3,"minecraft:crafting_table":2,"botania:yellow_double_flower":2,"allthecompressed:gravel_1x":94,"mekanism:metallurgic_infuser":2,"botania:pink_mystical_flower":18,"botania:cyan_mystical_flower":22,"botania:red_double_flower":1,"minecraft:cactus":2,"cookingforblockheads:sink":2,"botania:white_mystical_flower":20,"botania:yellow_mystical_flower":14,"minecraft:gravel":66,"botania:gray_mystical_flower":21,"minecraft:gold_ore":5},"minecraft:crafted":{"botania:green_petal":2,"minecraft:oak_planks":304,"botania:mana_pool":1,"minecraft:stone":0,"minecraft:cooked_mutton":0,"alltheores:osmium_ore":27,"botania:red_petal":2,"minecraft:glass":0,"alltheores:osmium_dust":16,"minecraft:bow":1,"minecraft:diamond_helmet":3,"botania:twig_wand":1,"minecraft:diamond_leggings":2,"minecraft:netherite_boots":1,"tombstone:grave_key":11,"minecraft:chest":4,"minecraft:oak_button":63,"minecraft:netherite_upgrade_smithing_template":18,"minecraft:magenta_dye":4,"exdeorum:stone_hammer":35,"minecraft:oak_slab":60,"botania:cyan_petal":4,"minecraft:arrow":96,"minecraft:diamond_axe":2,"minecraft:crafting_table":1,"minecraft:gold_ore":28,"botania:livingwood_twig":3,"botania:lime_petal":4,"minecraft:diamond_pickaxe":2,"minecraft:yellow_dye":4,"mekanism:steel_casing":1,"minecraft:shield":1,"constructionwand:stone_wand":11,"minecraft:stick":32,"mekanism:crusher":1,"minecraft:light_blue_dye":2,"minecraft:iron_ingot":0,"minecraft:stone_sword":1,"minecraft:iron_ore":46,"botania:apothecary_default":1,"minecraft:redstone_torch":4,"minecraft:redstone":36,"minecraft:netherite_sword":1,"minecraft:furnace":2,"botania:blue_petal":2,"allthecompressed:cobblestone_1x":701,"minecraft:pink_dye":2,"allthecompressed:gravel_1x":108,"botania:black_petal":2,"mekanismgenerators:bio_generator":1,"minecraft:polished_diorite":48,"botania:white_petal":12,"botania:flower_bag":1,"minecraft:lime_dye":2,"minecraft:stone_pickaxe":1,"minecraft:diamond_boots":2,"botania:light_blue_petal":2,"alltheores:steel_ingot":0,"minecraft:cooked_beef":0,"botania:pink_petal":2,"botania:fertilizer":91,"minecraft:diamond_sword":3,"minecraft:cyan_dye":7,"mekanism:metallurgic_infuser":1,"botania:yellow_petal":6,"minecraft:polished_granite":64,"exdeorum:compressed_stone_hammer":24,"minecraft:stone_axe":9,"minecraft:orange_dye":2,"minecraft:air":2,"mekanism:upgrade_speed":8,"exdeorum:crook":1,"minecraft:blue_dye":188,"botania:orange_petal":1,"minecraft:white_wool":10,"minecraft:white_dye":156,"botania:magenta_petal":4,"minecraft:wooden_axe":17,"allthecompressed:cobblestone_2x":14,"alltheores:iron_dust":32,"minecraft:diamond_chestplate":2},"minecraft:killed_by":{"minecraft:wither_skeleton":9,"minecraft:piglin":4,"minecraft:zombie":1,"minecraft:enderman":1,"minecraft:hoglin":1}},"DataVersion":3465}