{"stats":{"minecraft:mined":{"minecraft:coal_ore":6,"minecraft:vine":2,"minecraft:jungle_log":7,"minecraft:iron_ore":14,"minecraft:stone":17,"minecraft:sugar_cane":10},"minecraft:dropped":{"minecraft:cocoa_beans":4},"minecraft:used":{"minecraft:cobblestone":6,"minecraft:crafting_table":1,"minecraft:stone_pickaxe":34,"minecraft:jungle_planks":13,"minecraft:wooden_pickaxe":3},"minecraft:picked_up":{"minecraft:cocoa_beans":4,"minecraft:raw_iron":14,"minecraft:jungle_log":7,"minecraft:sugar_cane":24,"minecraft:coal":6,"minecraft:cobblestone":17},"minecraft:crafted":{"minecraft:stone_sword":1,"minecraft:stone_shovel":1,"minecraft:stone_hoe":1,"minecraft:stone_axe":1,"minecraft:crafting_table":1,"minecraft:stick":16,"minecraft:wooden_pickaxe":1,"minecraft:stone_pickaxe":1,"minecraft:jungle_planks":28},"minecraft:custom":{"minecraft:time_since_rest":5408,"minecraft:crouch_one_cm":1831,"minecraft:play_time":5408,"minecraft:sprint_one_cm":16379,"minecraft:damage_taken":20,"minecraft:walk_one_cm":3183,"minecraft:sneak_time":838,"minecraft:drop":4,"minecraft:jump":155,"minecraft:leave_game":1,"minecraft:time_since_death":5408,"minecraft:total_world_time":5408,"minecraft:climb_one_cm":234,"minecraft:interact_with_crafting_table":3,"minecraft:fly_one_cm":33890,"minecraft:fall_one_cm":4370}},"DataVersion":3953}