{"stats":{"minecraft:mined":{"minecraft:dark_oak_planks":4,"minecraft:spruce_planks":4,"minecraft:stone_pressure_plate":2,"minecraft:oak_sapling":1,"minecraft:obsidian":4,"minecraft:granite":14,"minecraft:grass_block":58,"minecraft:jungle_log":7,"minecraft:composter":1,"minecraft:nether_wart":25,"minecraft:sandstone_stairs":1,"minecraft:spawner":1,"minecraft:raw_iron_block":4,"minecraft:glowstone":2,"minecraft:iron_ore":72,"minecraft:fire":20,"minecraft:moss_carpet":1,"minecraft:fletching_table":7,"minecraft:deepslate_lapis_ore":2,"minecraft:enchanting_table":1,"minecraft:smooth_sandstone_stairs":25,"minecraft:spruce_slab":9,"minecraft:green_bed":5,"minecraft:deepslate_redstone_ore":13,"minecraft:cut_sandstone":30,"minecraft:jungle_door":1,"minecraft:smoker":1,"minecraft:torch":2,"minecraft:blast_furnace":1,"minecraft:chest":4,"minecraft:dead_bush":17,"minecraft:cobblestone":30,"minecraft:cyan_bed":14,"minecraft:sugar_cane":316,"minecraft:smooth_sandstone_slab":14,"minecraft:wall_torch":1,"minecraft:wheat":1,"minecraft:tnt":27,"minecraft:oak_log":71,"minecraft:beetroots":1,"minecraft:oak_fence_gate":2,"minecraft:sand":1387,"minecraft:dirt":17,"minecraft:sandstone_wall":2,"minecraft:mangrove_log":11,"minecraft:netherrack":31,"minecraft:oak_leaves":15,"minecraft:deepslate":40,"minecraft:tuff":109,"minecraft:deepslate_diamond_ore":12,"minecraft:mangrove_roots":7,"minecraft:nether_bricks":113,"minecraft:weeping_vines":1,"minecraft:spruce_leaves":162,"minecraft:cartography_table":1,"minecraft:sandstone":734,"minecraft:crimson_stem":1,"minecraft:hay_block":25,"minecraft:spruce_sapling":9,"minecraft:furnace":4,"minecraft:carrots":367,"minecraft:chiseled_sandstone":2,"minecraft:andesite":5,"minecraft:bell":1,"minecraft:nether_brick_fence":14,"minecraft:bookshelf":9,"minecraft:potatoes":28,"minecraft:deepslate_iron_ore":108,"minecraft:cobblestone_slab":7,"minecraft:vine":2,"minecraft:rail":19,"minecraft:warped_stem":1,"minecraft:stone":90,"minecraft:bone_block":7,"minecraft:jungle_fence_gate":3,"minecraft:smithing_table":1,"minecraft:podzol":1,"minecraft:oak_slab":3,"minecraft:soul_sand":32,"minecraft:smooth_sandstone":127,"minecraft:crafting_table":1,"minecraft:short_grass":18,"minecraft:lectern":36,"minecraft:tall_grass":5,"minecraft:deepslate_gold_ore":20,"minecraft:diorite":1,"minecraft:cactus":9,"minecraft:lime_bed":18,"minecraft:spruce_log":667,"minecraft:mangrove_leaves":2,"minecraft:coal_ore":22,"minecraft:gravel":56,"minecraft:terracotta":25},"minecraft:broken":{"minecraft:iron_shovel":3,"minecraft:iron_sword":1,"minecraft:stone_shovel":1,"minecraft:golden_chestplate":1,"minecraft:stone_hoe":1,"minecraft:iron_axe":3,"minecraft:iron_pickaxe":1},"minecraft:dropped":{"minecraft:iron_sword":2,"minecraft:diamond_axe":2,"minecraft:crafting_table":1,"minecraft:sandstone_stairs":8,"minecraft:sandstone_slab":12,"minecraft:crossbow":1,"minecraft:mangrove_planks":3,"minecraft:saddle":1,"minecraft:rail":1,"minecraft:dirt":2,"minecraft:cut_sandstone":36,"minecraft:mangrove_boat":1,"minecraft:bone_meal":2,"minecraft:bone_block":10,"minecraft:sand":97,"minecraft:sugar":6,"minecraft:iron_pickaxe":4,"minecraft:white_wool":6,"minecraft:bone":2,"minecraft:stone_axe":3,"minecraft:mangrove_roots":8,"minecraft:cobbled_deepslate":5,"minecraft:smooth_sandstone_stairs":30,"minecraft:rotten_flesh":24,"minecraft:oak_planks":1,"minecraft:glowstone_dust":38,"minecraft:nether_brick_fence":26,"minecraft:carrot":785,"minecraft:sandstone_wall":104,"minecraft:rabbit_hide":2,"minecraft:spruce_pressure_plate":64,"minecraft:arrow":11,"minecraft:glass":116,"minecraft:warped_wart_block":1,"minecraft:netherrack":20,"minecraft:water_bucket":1,"minecraft:stone_hoe":13,"minecraft:bread":143,"minecraft:oak_slab":74,"minecraft:wheat_seeds":4,"minecraft:golden_helmet":2,"minecraft:diamond_leggings":1,"minecraft:iron_helmet":19,"minecraft:feather":6,"minecraft:cobblestone":2,"minecraft:apple":1,"minecraft:granite":16,"minecraft:golden_apple":2,"minecraft:stick":6,"minecraft:diorite":4,"minecraft:torch":1,"minecraft:jungle_door":1,"minecraft:diamond_helmet":1,"minecraft:smooth_sandstone_slab":35,"minecraft:iron_axe":4,"minecraft:cactus":9,"minecraft:iron_shovel":2,"minecraft:string":9,"minecraft:smooth_sandstone":198,"minecraft:spruce_sapling":2,"minecraft:chiseled_sandstone":2,"minecraft:blue_terracotta":1,"minecraft:oak_trapdoor":6,"minecraft:stone_sword":5,"minecraft:cobblestone_wall":22,"minecraft:cocoa_beans":4,"minecraft:stone_shovel":2,"minecraft:chicken":4,"minecraft:iron_hoe":3,"minecraft:smoker":1,"minecraft:flint_and_steel":1,"minecraft:potato":29,"minecraft:cobblestone_slab":34,"minecraft:shield":11,"minecraft:oak_button":20,"minecraft:diamond_chestplate":1,"minecraft:diamond_pickaxe":2,"minecraft:andesite":28,"minecraft:oak_boat":2,"minecraft:stone_pressure_plate":2,"minecraft:spider_eye":9,"minecraft:bamboo":9,"minecraft:diamond_boots":1,"minecraft:sandstone":186,"minecraft:bow":5,"minecraft:stone_pickaxe":2,"minecraft:wooden_pickaxe":2,"minecraft:magma_cream":2,"minecraft:black_wool":1,"minecraft:terracotta":35},"minecraft:killed":{"minecraft:cave_spider":4,"minecraft:spider":16,"minecraft:skeleton":64,"minecraft:magma_cube":13,"minecraft:creeper":3,"minecraft:zombie":13,"minecraft:donkey":1,"minecraft:cow":20,"minecraft:blaze":23,"minecraft:armadillo":1,"minecraft:horse":12,"minecraft:husk":20,"minecraft:rabbit":5,"minecraft:enderman":1},"minecraft:used":{"minecraft:moss_carpet":3,"minecraft:iron_shovel":791,"minecraft:spruce_slab":139,"minecraft:ladder":12,"minecraft:chest":37,"minecraft:shield":79,"minecraft:iron_sword":274,"minecraft:nether_wart":43,"minecraft:smooth_sandstone_stairs":4,"minecraft:rotten_flesh":11,"minecraft:soul_sand":31,"minecraft:jungle_planks":13,"minecraft:nether_bricks":109,"minecraft:carrot":454,"minecraft:tuff":21,"minecraft:lava_bucket":12,"minecraft:jungle_fence_gate":3,"minecraft:item_frame":13,"minecraft:furnace":7,"minecraft:potato":34,"minecraft:diorite":1,"minecraft:stone_pickaxe":108,"minecraft:cactus":12,"minecraft:wooden_pickaxe":3,"minecraft:sandstone":85,"minecraft:sugar_cane":161,"minecraft:diamond_axe":120,"minecraft:sand":298,"minecraft:blast_furnace":3,"minecraft:bread":165,"minecraft:cyan_bed":14,"minecraft:lectern":38,"minecraft:gravel":46,"minecraft:golden_helmet":1,"minecraft:grindstone":1,"minecraft:smithing_table":2,"minecraft:cooked_rabbit":5,"minecraft:andesite":4,"minecraft:oak_boat":2,"minecraft:bone_meal":401,"minecraft:experience_bottle":1,"minecraft:enchanting_table":2,"minecraft:stone_sword":124,"minecraft:stone_shovel":131,"minecraft:spruce_planks":13,"minecraft:stone_hoe":137,"minecraft:sandstone_wall":26,"minecraft:netherrack":22,"minecraft:torch":4,"minecraft:dirt":82,"minecraft:anvil":1,"minecraft:hopper":5,"minecraft:granite":7,"minecraft:oak_fence_gate":8,"minecraft:iron_hoe":54,"minecraft:dark_oak_planks":5,"minecraft:bookshelf":15,"minecraft:iron_axe":764,"minecraft:smooth_sandstone":19,"minecraft:bamboo":9,"minecraft:goat_horn":2,"minecraft:cobbled_deepslate":24,"minecraft:mangrove_boat":1,"minecraft:water_bucket":103,"minecraft:sandstone_stairs":3,"minecraft:smooth_sandstone_slab":4,"minecraft:cut_sandstone":5,"minecraft:green_bed":7,"minecraft:fletching_table":11,"minecraft:cobblestone_slab":77,"minecraft:terracotta":5,"minecraft:oak_slab":32,"minecraft:lime_bed":18,"minecraft:crafting_table":7,"minecraft:spruce_log":13,"minecraft:diamond_pickaxe":1160,"minecraft:diamond_shovel":617,"minecraft:iron_pickaxe":679,"minecraft:spruce_sapling":54,"minecraft:stone_axe":118,"minecraft:crimson_sign":4,"minecraft:cobblestone":165,"minecraft:bucket":118,"minecraft:sandstone_slab":4},"minecraft:picked_up":{"minecraft:nether_brick_fence":48,"minecraft:smithing_table":1,"minecraft:string":22,"minecraft:gold_nugget":64,"minecraft:cobbled_deepslate":39,"minecraft:spruce_planks":4,"minecraft:cobblestone_slab":10,"minecraft:iron_pickaxe":2,"minecraft:furnace":4,"minecraft:mangrove_log":11,"minecraft:crimson_sign":1,"minecraft:golden_helmet":1,"minecraft:stick":100,"minecraft:jungle_door":1,"minecraft:composter":1,"minecraft:torch":4,"minecraft:green_bed":5,"minecraft:sandstone_wall":2,"minecraft:diorite":1,"minecraft:golden_chestplate":1,"minecraft:stone_sword":2,"minecraft:cactus":13,"minecraft:rotten_flesh":17,"minecraft:mangrove_roots":8,"minecraft:blaze_rod":17,"minecraft:obsidian":4,"minecraft:cobblestone":92,"minecraft:enchanting_table":1,"minecraft:magma_cream":3,"minecraft:andesite":8,"minecraft:water_bucket":1,"minecraft:jungle_log":7,"minecraft:smoker":1,"minecraft:potato":80,"minecraft:flint":20,"minecraft:tuff":99,"minecraft:smooth_sandstone_stairs":34,"minecraft:lapis_lazuli":24,"minecraft:dirt":438,"minecraft:bone":100,"minecraft:bow":6,"minecraft:wheat_seeds":4,"minecraft:raw_gold":39,"minecraft:bell":1,"minecraft:fletching_table":7,"minecraft:rabbit":5,"minecraft:glowstone_dust":81,"minecraft:bamboo":9,"minecraft:stone_hoe":11,"minecraft:warped_wart_block":1,"minecraft:sand":1375,"minecraft:cyan_bed":13,"minecraft:chiseled_sandstone":2,"minecraft:iron_hoe":2,"minecraft:blue_terracotta":1,"minecraft:diamond":22,"minecraft:granite":15,"minecraft:bone_meal":1,"minecraft:golden_apple":1,"minecraft:bread":191,"minecraft:oak_sapling":37,"minecraft:netherrack":54,"minecraft:cocoa_beans":4,"minecraft:crafting_table":2,"minecraft:sandstone_slab":2,"minecraft:nether_wart":113,"minecraft:shield":2,"minecraft:moss_carpet":3,"minecraft:iron_axe":4,"minecraft:iron_shovel":1,"minecraft:cartography_table":1,"minecraft:beef":38,"minecraft:oak_boat":1,"minecraft:spruce_slab":9,"minecraft:lectern":36,"minecraft:chest":10,"minecraft:sugar_cane":539,"minecraft:raw_iron":357,"minecraft:sandstone":740,"minecraft:stone":23,"minecraft:jungle_fence_gate":3,"minecraft:carrot":1498,"minecraft:redstone":78,"minecraft:stone_pressure_plate":2,"minecraft:dark_oak_planks":3,"minecraft:smooth_sandstone_slab":13,"minecraft:tnt":26,"minecraft:arrow":64,"minecraft:nether_bricks":151,"minecraft:hay_block":25,"minecraft:sandstone_stairs":3,"minecraft:saddle":7,"minecraft:gold_ingot":5,"minecraft:bone_block":20,"minecraft:rail":19,"minecraft:white_wool":4,"minecraft:lime_bed":18,"minecraft:crimson_stem":7,"minecraft:cut_sandstone":41,"minecraft:leather":28,"minecraft:oak_log":70,"minecraft:gunpowder":3,"minecraft:smooth_sandstone":207,"minecraft:mangrove_boat":1,"minecraft:apple":1,"minecraft:oak_fence_gate":2,"minecraft:warped_stem":1,"minecraft:rabbit_hide":2,"minecraft:iron_ingot":49,"minecraft:iron_sword":4,"minecraft:soul_sand":51,"minecraft:book":27,"minecraft:oak_slab":3,"minecraft:raw_iron_block":4,"minecraft:gravel":46,"minecraft:lava_bucket":1,"minecraft:spruce_sapling":85,"minecraft:blast_furnace":1,"minecraft:spruce_log":660,"minecraft:spider_eye":9,"minecraft:iron_helmet":9,"minecraft:diamond_axe":1,"minecraft:terracotta":40,"minecraft:coal":31},"minecraft:killed_by":{"minecraft:blaze":1},"minecraft:custom":{"minecraft:interact_with_crafting_table":86,"minecraft:leave_game":4,"minecraft:time_since_death":225087,"minecraft:sprint_one_cm":1268658,"minecraft:damage_blocked_by_shield":2134,"minecraft:drop":293,"minecraft:talked_to_villager":172,"minecraft:play_time":377132,"minecraft:deaths":1,"minecraft:jump":9853,"minecraft:walk_on_water_one_cm":41852,"minecraft:enchant_item":13,"minecraft:interact_with_furnace":101,"minecraft:traded_with_villager":628,"minecraft:sleep_in_bed":14,"minecraft:damage_dealt":34996,"minecraft:crouch_one_cm":148845,"minecraft:interact_with_smoker":9,"minecraft:horse_one_cm":897920,"minecraft:interact_with_smithing_table":1,"minecraft:interact_with_anvil":1,"minecraft:mob_kills":205,"minecraft:climb_one_cm":10512,"minecraft:walk_one_cm":528551,"minecraft:sneak_time":43229,"minecraft:walk_under_water_one_cm":15234,"minecraft:boat_one_cm":10500,"minecraft:interact_with_blast_furnace":26,"minecraft:total_world_time":377132,"minecraft:interact_with_grindstone":5,"minecraft:time_since_rest":8191,"minecraft:damage_taken":5864,"minecraft:swim_one_cm":22104,"minecraft:fly_one_cm":2334104,"minecraft:open_chest":411,"minecraft:fall_one_cm":240468},"minecraft:crafted":{"minecraft:grindstone":1,"minecraft:smooth_stone":10,"minecraft:oak_planks":552,"minecraft:cobblestone_slab":102,"minecraft:crimson_sign":3,"minecraft:mangrove_boat":1,"minecraft:diamond_shovel":1,"minecraft:bookshelf":17,"minecraft:spruce_pressure_plate":64,"minecraft:warped_planks":4,"minecraft:glass":120,"minecraft:hopper":7,"minecraft:diamond_helmet":2,"minecraft:bow":2,"minecraft:diamond_leggings":2,"minecraft:chest":40,"minecraft:oak_button":20,"minecraft:stone_hoe":13,"minecraft:cooked_rabbit":4,"minecraft:item_frame":13,"minecraft:emerald":585,"minecraft:diamond_axe":2,"minecraft:crafting_table":6,"minecraft:spruce_planks":8916,"minecraft:wooden_pickaxe":1,"minecraft:iron_helmet":10,"minecraft:smithing_table":1,"minecraft:fletching_table":5,"minecraft:lectern":2,"minecraft:book":19,"minecraft:diamond_pickaxe":4,"minecraft:paper":255,"minecraft:charcoal":41,"minecraft:shield":12,"minecraft:stone_slab":6,"minecraft:stick":17088,"minecraft:iron_ingot":344,"minecraft:iron_pickaxe":3,"minecraft:iron_block":3,"minecraft:stone_sword":1,"minecraft:gold_ingot":6,"minecraft:sandstone":209,"minecraft:sandstone_stairs":4,"minecraft:raw_iron":36,"minecraft:stone_shovel":1,"minecraft:furnace":5,"minecraft:blast_furnace":2,"minecraft:bone_meal":402,"minecraft:iron_axe":5,"minecraft:ladder":15,"minecraft:spruce_slab":138,"minecraft:iron_hoe":1,"minecraft:stone_pickaxe":1,"minecraft:diamond_boots":2,"minecraft:dark_oak_planks":24,"minecraft:golden_helmet":1,"minecraft:wheat":459,"minecraft:crimson_planks":20,"minecraft:enchanting_table":1,"minecraft:iron_sword":1,"minecraft:sandstone_slab":6,"minecraft:mangrove_planks":44,"minecraft:bucket":3,"minecraft:stone_axe":1,"minecraft:air":0,"minecraft:bread":153,"minecraft:jungle_planks":28,"minecraft:oak_fence_gate":6,"minecraft:oak_boat":1,"minecraft:sandstone_wall":54,"minecraft:iron_shovel":4,"minecraft:anvil":1,"minecraft:torch":24,"minecraft:diamond_chestplate":2}},"DataVersion":3953}