{"stats":{"minecraft:mined":{"minecraft:dark_oak_planks":4,"minecraft:stone_pressure_plate":2,"minecraft:oak_sapling":1,"minecraft:mangrove_roots":7,"minecraft:nether_bricks":113,"minecraft:grass_block":58,"minecraft:jungle_log":7,"minecraft:weeping_vines":1,"minecraft:spruce_leaves":160,"minecraft:composter":1,"minecraft:nether_wart":12,"minecraft:sandstone":88,"minecraft:crimson_stem":1,"minecraft:sandstone_stairs":1,"minecraft:hay_block":25,"minecraft:spruce_sapling":9,"minecraft:glowstone":2,"minecraft:furnace":2,"minecraft:carrots":52,"minecraft:iron_ore":22,"minecraft:fire":20,"minecraft:chiseled_sandstone":2,"minecraft:moss_carpet":1,"minecraft:bell":1,"minecraft:nether_brick_fence":14,"minecraft:bookshelf":9,"minecraft:potatoes":28,"minecraft:vine":2,"minecraft:warped_stem":1,"minecraft:smooth_sandstone_stairs":13,"minecraft:stone":25,"minecraft:bone_block":7,"minecraft:green_bed":4,"minecraft:cut_sandstone":14,"minecraft:soul_sand":32,"minecraft:smoker":1,"minecraft:smooth_sandstone":79,"minecraft:crafting_table":1,"minecraft:short_grass":11,"minecraft:dead_bush":8,"minecraft:lectern":1,"minecraft:tall_grass":3,"minecraft:cobblestone":3,"minecraft:cyan_bed":6,"minecraft:sugar_cane":158,"minecraft:lime_bed":9,"minecraft:cactus":9,"minecraft:wheat":1,"minecraft:spruce_log":563,"minecraft:tnt":18,"minecraft:mangrove_leaves":2,"minecraft:oak_log":71,"minecraft:coal_ore":6,"minecraft:beetroots":1,"minecraft:gravel":56,"minecraft:sand":737,"minecraft:dirt":17,"minecraft:mangrove_log":11,"minecraft:terracotta":12,"minecraft:netherrack":31,"minecraft:oak_leaves":15},"minecraft:killed_by":{"minecraft:blaze":1},"minecraft:broken":{"minecraft:iron_shovel":3,"minecraft:stone_hoe":1,"minecraft:iron_axe":2,"minecraft:stone_shovel":1},"minecraft:killed":{"minecraft:armadillo":1,"minecraft:spider":7,"minecraft:horse":3,"minecraft:skeleton":10,"minecraft:magma_cube":13,"minecraft:husk":5,"minecraft:rabbit":5,"minecraft:creeper":2,"minecraft:zombie":6,"minecraft:cow":5,"minecraft:blaze":23},"minecraft:custom":{"minecraft:mob_kills":82,"minecraft:interact_with_crafting_table":40,"minecraft:leave_game":3,"minecraft:time_since_death":36450,"minecraft:climb_one_cm":9058,"minecraft:sprint_one_cm":617337,"minecraft:walk_one_cm":237079,"minecraft:damage_blocked_by_shield":1035,"minecraft:drop":49,"minecraft:talked_to_villager":7,"minecraft:play_time":188495,"minecraft:deaths":1,"minecraft:sneak_time":30477,"minecraft:walk_under_water_one_cm":5101,"minecraft:boat_one_cm":6531,"minecraft:jump":5405,"minecraft:walk_on_water_one_cm":20745,"minecraft:total_world_time":188495,"minecraft:interact_with_furnace":29,"minecraft:traded_with_villager":32,"minecraft:sleep_in_bed":3,"minecraft:time_since_rest":14258,"minecraft:damage_taken":2675,"minecraft:damage_dealt":13042,"minecraft:swim_one_cm":15068,"minecraft:fly_one_cm":1329380,"minecraft:open_chest":131,"minecraft:crouch_one_cm":109459,"minecraft:interact_with_smoker":6,"minecraft:fall_one_cm":133016,"minecraft:horse_one_cm":621797},"minecraft:dropped":{"minecraft:water_bucket":1,"minecraft:bread":59,"minecraft:iron_sword":1,"minecraft:wheat_seeds":1,"minecraft:golden_helmet":1,"minecraft:cobblestone":1,"minecraft:apple":1,"minecraft:saddle":1,"minecraft:golden_apple":1,"minecraft:stick":4,"minecraft:dirt":1,"minecraft:bone_block":10,"minecraft:iron_axe":3,"minecraft:iron_pickaxe":2,"minecraft:cactus":1,"minecraft:smooth_sandstone":6,"minecraft:bone":2,"minecraft:stone_axe":1,"minecraft:mangrove_roots":3,"minecraft:stone_sword":3,"minecraft:cocoa_beans":4,"minecraft:iron_hoe":2,"minecraft:smoker":1,"minecraft:glowstone_dust":38,"minecraft:nether_brick_fence":26,"minecraft:carrot":56,"minecraft:potato":29,"minecraft:shield":1,"minecraft:oak_button":20,"minecraft:glass":116,"minecraft:warped_wart_block":1,"minecraft:netherrack":10},"minecraft:picked_up":{"minecraft:cocoa_beans":4,"minecraft:crafting_table":1,"minecraft:nether_brick_fence":48,"minecraft:nether_wart":79,"minecraft:shield":2,"minecraft:string":10,"minecraft:moss_carpet":3,"minecraft:iron_axe":4,"minecraft:gold_nugget":64,"minecraft:beef":11,"minecraft:chest":6,"minecraft:iron_pickaxe":2,"minecraft:lectern":1,"minecraft:sugar_cane":253,"minecraft:mangrove_log":11,"minecraft:furnace":2,"minecraft:golden_helmet":1,"minecraft:stick":93,"minecraft:raw_iron":22,"minecraft:sandstone":87,"minecraft:composter":1,"minecraft:green_bed":4,"minecraft:carrot":176,"minecraft:golden_chestplate":1,"minecraft:stone_pressure_plate":2,"minecraft:dark_oak_planks":3,"minecraft:tnt":17,"minecraft:stone_sword":2,"minecraft:arrow":13,"minecraft:cactus":13,"minecraft:rotten_flesh":7,"minecraft:nether_bricks":151,"minecraft:hay_block":25,"minecraft:sandstone_stairs":1,"minecraft:gold_ingot":5,"minecraft:saddle":7,"minecraft:mangrove_roots":8,"minecraft:blaze_rod":17,"minecraft:bone_block":20,"minecraft:cobblestone":28,"minecraft:lime_bed":9,"minecraft:magma_cream":2,"minecraft:water_bucket":1,"minecraft:crimson_stem":7,"minecraft:jungle_log":7,"minecraft:leather":10,"minecraft:cut_sandstone":13,"minecraft:smoker":1,"minecraft:potato":80,"minecraft:flint":20,"minecraft:smooth_sandstone_stairs":11,"minecraft:oak_log":70,"minecraft:gunpowder":2,"minecraft:dirt":437,"minecraft:smooth_sandstone":83,"minecraft:mangrove_boat":1,"minecraft:bone":16,"minecraft:apple":1,"minecraft:wheat_seeds":2,"minecraft:warped_stem":1,"minecraft:rabbit_hide":2,"minecraft:bell":1,"minecraft:glowstone_dust":81,"minecraft:rabbit":5,"minecraft:iron_sword":2,"minecraft:soul_sand":51,"minecraft:book":27,"minecraft:warped_wart_block":1,"minecraft:lava_bucket":1,"minecraft:gravel":46,"minecraft:sand":738,"minecraft:spruce_sapling":77,"minecraft:spruce_log":566,"minecraft:cyan_bed":5,"minecraft:chiseled_sandstone":2,"minecraft:spider_eye":1,"minecraft:iron_hoe":2,"minecraft:blue_terracotta":1,"minecraft:golden_apple":1,"minecraft:bread":189,"minecraft:terracotta":12,"minecraft:oak_sapling":37,"minecraft:netherrack":49,"minecraft:coal":15},"minecraft:crafted":{"minecraft:oak_planks":392,"minecraft:stone_shovel":1,"minecraft:crimson_sign":3,"minecraft:furnace":1,"minecraft:mangrove_boat":1,"minecraft:bone_meal":141,"minecraft:warped_planks":4,"minecraft:glass":116,"minecraft:hopper":7,"minecraft:iron_axe":4,"minecraft:ladder":15,"minecraft:iron_hoe":1,"minecraft:stone_pickaxe":1,"minecraft:chest":29,"minecraft:oak_button":20,"minecraft:dark_oak_planks":24,"minecraft:stone_hoe":1,"minecraft:golden_helmet":1,"minecraft:cooked_rabbit":4,"minecraft:crimson_planks":20,"minecraft:emerald":32,"minecraft:crafting_table":5,"minecraft:spruce_planks":472,"minecraft:wooden_pickaxe":1,"minecraft:iron_sword":1,"minecraft:sandstone_slab":6,"minecraft:fletching_table":5,"minecraft:mangrove_planks":44,"minecraft:bucket":3,"minecraft:stone_axe":1,"minecraft:air":0,"minecraft:jungle_planks":28,"minecraft:shield":2,"minecraft:stick":1280,"minecraft:iron_ingot":22,"minecraft:iron_pickaxe":2,"minecraft:stone_sword":1,"minecraft:iron_shovel":3,"minecraft:gold_ingot":6,"minecraft:sandstone":59,"minecraft:sandstone_stairs":4},"minecraft:used":{"minecraft:moss_carpet":3,"minecraft:stone_sword":124,"minecraft:iron_shovel":752,"minecraft:stone_shovel":131,"minecraft:ladder":12,"minecraft:chest":8,"minecraft:shield":39,"minecraft:iron_sword":117,"minecraft:stone_hoe":131,"minecraft:rotten_flesh":11,"minecraft:netherrack":22,"minecraft:soul_sand":1,"minecraft:dirt":81,"minecraft:hopper":5,"minecraft:jungle_planks":13,"minecraft:nether_bricks":109,"minecraft:carrot":127,"minecraft:dark_oak_planks":5,"minecraft:iron_hoe":54,"minecraft:lava_bucket":12,"minecraft:iron_axe":581,"minecraft:smooth_sandstone":1,"minecraft:goat_horn":2,"minecraft:furnace":3,"minecraft:potato":34,"minecraft:mangrove_boat":1,"minecraft:water_bucket":42,"minecraft:sandstone_stairs":3,"minecraft:stone_pickaxe":108,"minecraft:cactus":12,"minecraft:wooden_pickaxe":3,"minecraft:sandstone":81,"minecraft:cut_sandstone":1,"minecraft:fletching_table":1,"minecraft:sugar_cane":159,"minecraft:sand":287,"minecraft:lime_bed":3,"minecraft:crafting_table":6,"minecraft:cyan_bed":2,"minecraft:bread":72,"minecraft:iron_pickaxe":355,"minecraft:gravel":46,"minecraft:spruce_sapling":54,"minecraft:crimson_sign":3,"minecraft:golden_helmet":1,"minecraft:stone_axe":118,"minecraft:cobblestone":6,"minecraft:sandstone_slab":4,"minecraft:cooked_rabbit":5,"minecraft:bucket":57,"minecraft:bone_meal":140}},"DataVersion":3953}