{"stats":{"minecraft:mined":{"minecraft:dark_oak_planks":4,"minecraft:stone_pressure_plate":2,"minecraft:oak_sapling":1,"minecraft:granite":14,"minecraft:grass_block":58,"minecraft:jungle_log":7,"minecraft:composter":1,"minecraft:nether_wart":25,"minecraft:sandstone_stairs":1,"minecraft:glowstone":2,"minecraft:iron_ore":31,"minecraft:fire":20,"minecraft:moss_carpet":1,"minecraft:smooth_sandstone_stairs":25,"minecraft:green_bed":4,"minecraft:cut_sandstone":30,"minecraft:jungle_door":1,"minecraft:smoker":1,"minecraft:torch":2,"minecraft:chest":4,"minecraft:dead_bush":17,"minecraft:cobblestone":22,"minecraft:cyan_bed":8,"minecraft:sugar_cane":316,"minecraft:smooth_sandstone_slab":14,"minecraft:wall_torch":1,"minecraft:wheat":1,"minecraft:tnt":27,"minecraft:oak_log":71,"minecraft:beetroots":1,"minecraft:sand":770,"minecraft:dirt":17,"minecraft:sandstone_wall":2,"minecraft:mangrove_log":11,"minecraft:netherrack":31,"minecraft:oak_leaves":15,"minecraft:mangrove_roots":7,"minecraft:nether_bricks":113,"minecraft:weeping_vines":1,"minecraft:spruce_leaves":160,"minecraft:cartography_table":1,"minecraft:sandstone":104,"minecraft:crimson_stem":1,"minecraft:hay_block":25,"minecraft:spruce_sapling":9,"minecraft:furnace":2,"minecraft:carrots":211,"minecraft:chiseled_sandstone":2,"minecraft:andesite":5,"minecraft:bell":1,"minecraft:nether_brick_fence":14,"minecraft:bookshelf":9,"minecraft:potatoes":28,"minecraft:cobblestone_slab":3,"minecraft:vine":2,"minecraft:rail":19,"minecraft:warped_stem":1,"minecraft:stone":33,"minecraft:bone_block":7,"minecraft:podzol":1,"minecraft:oak_slab":2,"minecraft:soul_sand":32,"minecraft:smooth_sandstone":127,"minecraft:crafting_table":1,"minecraft:short_grass":18,"minecraft:lectern":1,"minecraft:tall_grass":5,"minecraft:cactus":9,"minecraft:lime_bed":11,"minecraft:spruce_log":563,"minecraft:mangrove_leaves":2,"minecraft:coal_ore":22,"minecraft:gravel":56,"minecraft:terracotta":25},"minecraft:killed_by":{"minecraft:blaze":1},"minecraft:broken":{"minecraft:iron_shovel":3,"minecraft:iron_sword":1,"minecraft:stone_shovel":1,"minecraft:golden_chestplate":1,"minecraft:stone_hoe":1,"minecraft:iron_axe":3,"minecraft:iron_pickaxe":1},"minecraft:killed":{"minecraft:cave_spider":1,"minecraft:spider":12,"minecraft:skeleton":48,"minecraft:magma_cube":13,"minecraft:creeper":3,"minecraft:zombie":7,"minecraft:donkey":1,"minecraft:blaze":23,"minecraft:cow":20,"minecraft:armadillo":1,"minecraft:horse":12,"minecraft:husk":18,"minecraft:rabbit":5},"minecraft:custom":{"minecraft:interact_with_crafting_table":57,"minecraft:leave_game":3,"minecraft:time_since_death":120450,"minecraft:sprint_one_cm":929085,"minecraft:damage_blocked_by_shield":2134,"minecraft:drop":213,"minecraft:talked_to_villager":10,"minecraft:play_time":272495,"minecraft:deaths":1,"minecraft:jump":7704,"minecraft:walk_on_water_one_cm":35823,"minecraft:interact_with_furnace":31,"minecraft:traded_with_villager":46,"minecraft:sleep_in_bed":5,"minecraft:damage_dealt":28984,"minecraft:crouch_one_cm":127669,"minecraft:interact_with_smoker":6,"minecraft:horse_one_cm":897920,"minecraft:mob_kills":172,"minecraft:climb_one_cm":10512,"minecraft:walk_one_cm":352571,"minecraft:walk_under_water_one_cm":7046,"minecraft:sneak_time":35966,"minecraft:boat_one_cm":10500,"minecraft:total_world_time":272495,"minecraft:time_since_rest":6271,"minecraft:damage_taken":4169,"minecraft:swim_one_cm":17036,"minecraft:fly_one_cm":1888054,"minecraft:open_chest":325,"minecraft:fall_one_cm":182682},"minecraft:dropped":{"minecraft:iron_sword":1,"minecraft:crafting_table":1,"minecraft:sandstone_stairs":8,"minecraft:sandstone_slab":12,"minecraft:crossbow":1,"minecraft:mangrove_planks":3,"minecraft:saddle":1,"minecraft:rail":1,"minecraft:dirt":2,"minecraft:cut_sandstone":36,"minecraft:mangrove_boat":1,"minecraft:bone_meal":2,"minecraft:bone_block":10,"minecraft:sand":92,"minecraft:sugar":6,"minecraft:iron_pickaxe":3,"minecraft:white_wool":6,"minecraft:bone":2,"minecraft:stone_axe":3,"minecraft:mangrove_roots":8,"minecraft:smooth_sandstone_stairs":30,"minecraft:rotten_flesh":21,"minecraft:oak_planks":1,"minecraft:glowstone_dust":38,"minecraft:nether_brick_fence":26,"minecraft:carrot":453,"minecraft:sandstone_wall":104,"minecraft:rabbit_hide":2,"minecraft:arrow":1,"minecraft:glass":116,"minecraft:warped_wart_block":1,"minecraft:netherrack":20,"minecraft:stone_hoe":1,"minecraft:water_bucket":1,"minecraft:bread":143,"minecraft:oak_slab":74,"minecraft:wheat_seeds":4,"minecraft:golden_helmet":2,"minecraft:feather":6,"minecraft:cobblestone":2,"minecraft:apple":1,"minecraft:granite":16,"minecraft:golden_apple":2,"minecraft:stick":5,"minecraft:diorite":4,"minecraft:torch":1,"minecraft:jungle_door":1,"minecraft:smooth_sandstone_slab":35,"minecraft:iron_axe":4,"minecraft:cactus":9,"minecraft:string":2,"minecraft:smooth_sandstone":198,"minecraft:chiseled_sandstone":2,"minecraft:blue_terracotta":1,"minecraft:oak_trapdoor":6,"minecraft:stone_sword":5,"minecraft:cobblestone_wall":22,"minecraft:cocoa_beans":4,"minecraft:stone_shovel":2,"minecraft:chicken":4,"minecraft:smoker":1,"minecraft:iron_hoe":3,"minecraft:flint_and_steel":1,"minecraft:potato":29,"minecraft:cobblestone_slab":34,"minecraft:shield":2,"minecraft:oak_button":20,"minecraft:andesite":28,"minecraft:oak_boat":2,"minecraft:stone_pressure_plate":2,"minecraft:spider_eye":5,"minecraft:bamboo":9,"minecraft:sandstone":177,"minecraft:bow":2,"minecraft:stone_pickaxe":2,"minecraft:wooden_pickaxe":2,"minecraft:magma_cream":2,"minecraft:black_wool":1,"minecraft:terracotta":35},"minecraft:picked_up":{"minecraft:nether_brick_fence":48,"minecraft:string":13,"minecraft:gold_nugget":64,"minecraft:cobblestone_slab":4,"minecraft:iron_pickaxe":2,"minecraft:mangrove_log":11,"minecraft:crimson_sign":1,"minecraft:furnace":2,"minecraft:golden_helmet":1,"minecraft:stick":95,"minecraft:jungle_door":1,"minecraft:composter":1,"minecraft:torch":4,"minecraft:green_bed":4,"minecraft:sandstone_wall":2,"minecraft:golden_chestplate":1,"minecraft:cactus":13,"minecraft:stone_sword":2,"minecraft:rotten_flesh":14,"minecraft:mangrove_roots":8,"minecraft:blaze_rod":17,"minecraft:cobblestone":51,"minecraft:magma_cream":3,"minecraft:andesite":8,"minecraft:water_bucket":1,"minecraft:jungle_log":7,"minecraft:smoker":1,"minecraft:potato":80,"minecraft:flint":20,"minecraft:smooth_sandstone_stairs":34,"minecraft:dirt":438,"minecraft:bone":84,"minecraft:bow":3,"minecraft:wheat_seeds":4,"minecraft:bell":1,"minecraft:rabbit":5,"minecraft:glowstone_dust":81,"minecraft:bamboo":9,"minecraft:warped_wart_block":1,"minecraft:sand":800,"minecraft:cyan_bed":7,"minecraft:chiseled_sandstone":2,"minecraft:iron_hoe":2,"minecraft:blue_terracotta":1,"minecraft:granite":15,"minecraft:bone_meal":1,"minecraft:golden_apple":1,"minecraft:bread":191,"minecraft:oak_sapling":37,"minecraft:netherrack":54,"minecraft:cocoa_beans":4,"minecraft:crafting_table":2,"minecraft:sandstone_slab":2,"minecraft:nether_wart":113,"minecraft:shield":2,"minecraft:moss_carpet":3,"minecraft:iron_axe":4,"minecraft:cartography_table":1,"minecraft:beef":38,"minecraft:oak_boat":1,"minecraft:lectern":1,"minecraft:sugar_cane":539,"minecraft:chest":10,"minecraft:raw_iron":32,"minecraft:sandstone":146,"minecraft:carrot":744,"minecraft:stone_pressure_plate":2,"minecraft:dark_oak_planks":3,"minecraft:smooth_sandstone_slab":13,"minecraft:tnt":26,"minecraft:arrow":54,"minecraft:nether_bricks":151,"minecraft:hay_block":25,"minecraft:sandstone_stairs":3,"minecraft:saddle":7,"minecraft:gold_ingot":5,"minecraft:bone_block":20,"minecraft:white_wool":4,"minecraft:rail":19,"minecraft:lime_bed":11,"minecraft:crimson_stem":7,"minecraft:cut_sandstone":41,"minecraft:leather":28,"minecraft:oak_log":70,"minecraft:gunpowder":3,"minecraft:smooth_sandstone":207,"minecraft:mangrove_boat":1,"minecraft:apple":1,"minecraft:warped_stem":1,"minecraft:rabbit_hide":2,"minecraft:iron_sword":2,"minecraft:soul_sand":51,"minecraft:book":27,"minecraft:oak_slab":2,"minecraft:gravel":46,"minecraft:lava_bucket":1,"minecraft:spruce_sapling":77,"minecraft:spruce_log":566,"minecraft:spider_eye":5,"minecraft:terracotta":40,"minecraft:coal":31},"minecraft:crafted":{"minecraft:oak_planks":512,"minecraft:cobblestone_slab":102,"minecraft:crimson_sign":3,"minecraft:mangrove_boat":1,"minecraft:warped_planks":4,"minecraft:hopper":7,"minecraft:glass":120,"minecraft:bow":1,"minecraft:chest":37,"minecraft:oak_button":20,"minecraft:stone_hoe":2,"minecraft:cooked_rabbit":4,"minecraft:item_frame":13,"minecraft:emerald":46,"minecraft:crafting_table":5,"minecraft:spruce_planks":672,"minecraft:wooden_pickaxe":1,"minecraft:fletching_table":5,"minecraft:book":17,"minecraft:paper":57,"minecraft:shield":3,"minecraft:stick":1688,"minecraft:iron_ingot":32,"minecraft:iron_pickaxe":3,"minecraft:stone_sword":1,"minecraft:gold_ingot":6,"minecraft:sandstone":75,"minecraft:sandstone_stairs":4,"minecraft:stone_shovel":1,"minecraft:furnace":1,"minecraft:bone_meal":357,"minecraft:iron_axe":5,"minecraft:ladder":15,"minecraft:iron_hoe":1,"minecraft:stone_pickaxe":1,"minecraft:dark_oak_planks":24,"minecraft:golden_helmet":1,"minecraft:wheat":459,"minecraft:crimson_planks":20,"minecraft:iron_sword":1,"minecraft:sandstone_slab":6,"minecraft:mangrove_planks":44,"minecraft:bucket":3,"minecraft:stone_axe":1,"minecraft:bread":153,"minecraft:air":0,"minecraft:jungle_planks":28,"minecraft:oak_fence_gate":6,"minecraft:oak_boat":1,"minecraft:sandstone_wall":54,"minecraft:iron_shovel":4,"minecraft:torch":24},"minecraft:used":{"minecraft:moss_carpet":3,"minecraft:iron_shovel":784,"minecraft:ladder":12,"minecraft:shield":79,"minecraft:chest":34,"minecraft:iron_sword":274,"minecraft:nether_wart":43,"minecraft:smooth_sandstone_stairs":4,"minecraft:rotten_flesh":11,"minecraft:soul_sand":31,"minecraft:jungle_planks":13,"minecraft:nether_bricks":109,"minecraft:carrot":298,"minecraft:lava_bucket":12,"minecraft:item_frame":13,"minecraft:furnace":3,"minecraft:potato":34,"minecraft:stone_pickaxe":108,"minecraft:cactus":12,"minecraft:wooden_pickaxe":3,"minecraft:sandstone":85,"minecraft:sugar_cane":161,"minecraft:sand":294,"minecraft:bread":116,"minecraft:cyan_bed":7,"minecraft:gravel":46,"minecraft:golden_helmet":1,"minecraft:cooked_rabbit":5,"minecraft:andesite":4,"minecraft:oak_boat":1,"minecraft:bone_meal":338,"minecraft:experience_bottle":1,"minecraft:stone_sword":124,"minecraft:stone_shovel":131,"minecraft:stone_hoe":137,"minecraft:sandstone_wall":26,"minecraft:netherrack":22,"minecraft:torch":4,"minecraft:dirt":82,"minecraft:hopper":5,"minecraft:granite":7,"minecraft:oak_fence_gate":6,"minecraft:iron_hoe":54,"minecraft:dark_oak_planks":5,"minecraft:iron_axe":659,"minecraft:smooth_sandstone":19,"minecraft:bamboo":9,"minecraft:goat_horn":2,"minecraft:mangrove_boat":1,"minecraft:water_bucket":69,"minecraft:sandstone_stairs":3,"minecraft:smooth_sandstone_slab":4,"minecraft:cut_sandstone":5,"minecraft:fletching_table":1,"minecraft:cobblestone_slab":57,"minecraft:terracotta":5,"minecraft:oak_slab":2,"minecraft:crafting_table":6,"minecraft:lime_bed":10,"minecraft:iron_pickaxe":656,"minecraft:spruce_sapling":54,"minecraft:stone_axe":118,"minecraft:crimson_sign":4,"minecraft:cobblestone":117,"minecraft:bucket":84,"minecraft:sandstone_slab":4}},"DataVersion":3953}