{"stats":{"minecraft:mined":{"minecraft:dark_oak_planks":4,"minecraft:stone_pressure_plate":2,"minecraft:oak_sapling":1,"minecraft:granite":7,"minecraft:grass_block":58,"minecraft:jungle_log":7,"minecraft:composter":1,"minecraft:nether_wart":12,"minecraft:sandstone_stairs":1,"minecraft:glowstone":2,"minecraft:iron_ore":24,"minecraft:fire":20,"minecraft:moss_carpet":1,"minecraft:smooth_sandstone_stairs":13,"minecraft:green_bed":4,"minecraft:cut_sandstone":14,"minecraft:smoker":1,"minecraft:chest":4,"minecraft:dead_bush":13,"minecraft:cobblestone":6,"minecraft:cyan_bed":6,"minecraft:sugar_cane":158,"minecraft:wheat":1,"minecraft:tnt":18,"minecraft:oak_log":71,"minecraft:beetroots":1,"minecraft:sand":755,"minecraft:dirt":17,"minecraft:sandstone_wall":2,"minecraft:mangrove_log":11,"minecraft:netherrack":31,"minecraft:oak_leaves":15,"minecraft:mangrove_roots":7,"minecraft:nether_bricks":113,"minecraft:weeping_vines":1,"minecraft:spruce_leaves":160,"minecraft:sandstone":102,"minecraft:crimson_stem":1,"minecraft:hay_block":25,"minecraft:spruce_sapling":9,"minecraft:furnace":2,"minecraft:carrots":129,"minecraft:chiseled_sandstone":2,"minecraft:andesite":1,"minecraft:bell":1,"minecraft:nether_brick_fence":14,"minecraft:bookshelf":9,"minecraft:potatoes":28,"minecraft:vine":2,"minecraft:rail":18,"minecraft:warped_stem":1,"minecraft:stone":31,"minecraft:bone_block":7,"minecraft:podzol":1,"minecraft:soul_sand":32,"minecraft:smooth_sandstone":79,"minecraft:crafting_table":1,"minecraft:short_grass":18,"minecraft:lectern":1,"minecraft:tall_grass":5,"minecraft:cactus":9,"minecraft:lime_bed":9,"minecraft:spruce_log":563,"minecraft:mangrove_leaves":2,"minecraft:coal_ore":6,"minecraft:gravel":56,"minecraft:terracotta":14},"minecraft:killed_by":{"minecraft:blaze":1},"minecraft:broken":{"minecraft:iron_shovel":3,"minecraft:iron_sword":1,"minecraft:stone_shovel":1,"minecraft:golden_chestplate":1,"minecraft:stone_hoe":1,"minecraft:iron_axe":2},"minecraft:killed":{"minecraft:spider":11,"minecraft:skeleton":39,"minecraft:magma_cube":13,"minecraft:creeper":3,"minecraft:zombie":6,"minecraft:donkey":1,"minecraft:blaze":23,"minecraft:cow":20,"minecraft:armadillo":1,"minecraft:horse":12,"minecraft:husk":15,"minecraft:rabbit":5},"minecraft:custom":{"minecraft:interact_with_crafting_table":50,"minecraft:leave_game":3,"minecraft:time_since_death":84450,"minecraft:sprint_one_cm":758736,"minecraft:damage_blocked_by_shield":2024,"minecraft:drop":152,"minecraft:talked_to_villager":8,"minecraft:play_time":236495,"minecraft:deaths":1,"minecraft:jump":6611,"minecraft:walk_on_water_one_cm":29083,"minecraft:interact_with_furnace":29,"minecraft:traded_with_villager":46,"minecraft:sleep_in_bed":4,"minecraft:damage_dealt":25649,"minecraft:crouch_one_cm":115000,"minecraft:interact_with_smoker":6,"minecraft:horse_one_cm":897920,"minecraft:mob_kills":155,"minecraft:climb_one_cm":9777,"minecraft:walk_one_cm":292569,"minecraft:walk_under_water_one_cm":5753,"minecraft:sneak_time":32153,"minecraft:boat_one_cm":6531,"minecraft:total_world_time":236495,"minecraft:time_since_rest":32257,"minecraft:damage_taken":3371,"minecraft:swim_one_cm":16977,"minecraft:fly_one_cm":1632305,"minecraft:open_chest":293,"minecraft:fall_one_cm":157361},"minecraft:dropped":{"minecraft:iron_sword":1,"minecraft:crafting_table":1,"minecraft:sandstone_stairs":6,"minecraft:sandstone_slab":8,"minecraft:crossbow":1,"minecraft:mangrove_planks":3,"minecraft:saddle":1,"minecraft:dirt":2,"minecraft:cut_sandstone":24,"minecraft:mangrove_boat":1,"minecraft:bone_meal":2,"minecraft:bone_block":10,"minecraft:sand":87,"minecraft:sugar":3,"minecraft:iron_pickaxe":2,"minecraft:white_wool":6,"minecraft:bone":2,"minecraft:stone_axe":3,"minecraft:mangrove_roots":8,"minecraft:smooth_sandstone_stairs":22,"minecraft:rotten_flesh":9,"minecraft:glowstone_dust":38,"minecraft:nether_brick_fence":26,"minecraft:carrot":244,"minecraft:sandstone_wall":67,"minecraft:rabbit_hide":2,"minecraft:glass":116,"minecraft:warped_wart_block":1,"minecraft:netherrack":20,"minecraft:stone_hoe":1,"minecraft:water_bucket":1,"minecraft:bread":59,"minecraft:oak_slab":37,"minecraft:wheat_seeds":4,"minecraft:golden_helmet":2,"minecraft:feather":6,"minecraft:cobblestone":2,"minecraft:apple":1,"minecraft:granite":4,"minecraft:golden_apple":1,"minecraft:stick":5,"minecraft:diorite":3,"minecraft:smooth_sandstone_slab":13,"minecraft:iron_axe":4,"minecraft:cactus":9,"minecraft:string":2,"minecraft:smooth_sandstone":163,"minecraft:chiseled_sandstone":2,"minecraft:blue_terracotta":1,"minecraft:oak_trapdoor":3,"minecraft:stone_sword":5,"minecraft:cobblestone_wall":11,"minecraft:cocoa_beans":4,"minecraft:stone_shovel":2,"minecraft:chicken":4,"minecraft:smoker":1,"minecraft:iron_hoe":3,"minecraft:flint_and_steel":1,"minecraft:potato":29,"minecraft:cobblestone_slab":17,"minecraft:shield":1,"minecraft:oak_button":20,"minecraft:andesite":12,"minecraft:oak_boat":2,"minecraft:stone_pressure_plate":2,"minecraft:spider_eye":4,"minecraft:bamboo":9,"minecraft:sandstone":119,"minecraft:bow":2,"minecraft:stone_pickaxe":2,"minecraft:wooden_pickaxe":2,"minecraft:magma_cream":2,"minecraft:black_wool":1,"minecraft:terracotta":24},"minecraft:picked_up":{"minecraft:nether_brick_fence":48,"minecraft:string":13,"minecraft:gold_nugget":64,"minecraft:iron_pickaxe":2,"minecraft:mangrove_log":11,"minecraft:crimson_sign":1,"minecraft:furnace":2,"minecraft:golden_helmet":1,"minecraft:stick":94,"minecraft:composter":1,"minecraft:green_bed":4,"minecraft:sandstone_wall":2,"minecraft:golden_chestplate":1,"minecraft:cactus":13,"minecraft:stone_sword":2,"minecraft:rotten_flesh":11,"minecraft:mangrove_roots":8,"minecraft:blaze_rod":17,"minecraft:cobblestone":37,"minecraft:magma_cream":3,"minecraft:andesite":1,"minecraft:water_bucket":1,"minecraft:jungle_log":7,"minecraft:smoker":1,"minecraft:potato":80,"minecraft:flint":20,"minecraft:smooth_sandstone_stairs":22,"minecraft:dirt":438,"minecraft:bone":46,"minecraft:bow":1,"minecraft:wheat_seeds":4,"minecraft:bell":1,"minecraft:rabbit":5,"minecraft:glowstone_dust":81,"minecraft:bamboo":9,"minecraft:warped_wart_block":1,"minecraft:sand":787,"minecraft:cyan_bed":5,"minecraft:chiseled_sandstone":2,"minecraft:iron_hoe":2,"minecraft:blue_terracotta":1,"minecraft:granite":7,"minecraft:bone_meal":1,"minecraft:golden_apple":1,"minecraft:bread":191,"minecraft:oak_sapling":37,"minecraft:netherrack":54,"minecraft:cocoa_beans":4,"minecraft:crafting_table":2,"minecraft:sandstone_slab":2,"minecraft:nether_wart":79,"minecraft:shield":2,"minecraft:moss_carpet":3,"minecraft:iron_axe":4,"minecraft:beef":38,"minecraft:lectern":1,"minecraft:sugar_cane":253,"minecraft:chest":10,"minecraft:raw_iron":24,"minecraft:sandstone":144,"minecraft:carrot":453,"minecraft:stone_pressure_plate":2,"minecraft:dark_oak_planks":3,"minecraft:tnt":17,"minecraft:arrow":44,"minecraft:nether_bricks":151,"minecraft:hay_block":25,"minecraft:sandstone_stairs":3,"minecraft:saddle":7,"minecraft:gold_ingot":5,"minecraft:bone_block":20,"minecraft:white_wool":4,"minecraft:rail":18,"minecraft:lime_bed":9,"minecraft:crimson_stem":7,"minecraft:cut_sandstone":25,"minecraft:leather":28,"minecraft:oak_log":70,"minecraft:gunpowder":3,"minecraft:smooth_sandstone":159,"minecraft:mangrove_boat":1,"minecraft:apple":1,"minecraft:warped_stem":1,"minecraft:rabbit_hide":2,"minecraft:iron_sword":2,"minecraft:soul_sand":51,"minecraft:book":27,"minecraft:gravel":46,"minecraft:lava_bucket":1,"minecraft:spruce_sapling":77,"minecraft:spruce_log":566,"minecraft:spider_eye":4,"minecraft:terracotta":26,"minecraft:coal":15},"minecraft:crafted":{"minecraft:oak_planks":472,"minecraft:crimson_sign":3,"minecraft:mangrove_boat":1,"minecraft:warped_planks":4,"minecraft:hopper":7,"minecraft:glass":116,"minecraft:chest":37,"minecraft:oak_button":20,"minecraft:stone_hoe":2,"minecraft:cooked_rabbit":4,"minecraft:item_frame":13,"minecraft:emerald":46,"minecraft:crafting_table":5,"minecraft:spruce_planks":672,"minecraft:wooden_pickaxe":1,"minecraft:fletching_table":5,"minecraft:book":17,"minecraft:paper":57,"minecraft:shield":3,"minecraft:stick":1688,"minecraft:iron_ingot":22,"minecraft:iron_pickaxe":2,"minecraft:stone_sword":1,"minecraft:gold_ingot":6,"minecraft:sandstone":75,"minecraft:sandstone_stairs":4,"minecraft:stone_shovel":1,"minecraft:furnace":1,"minecraft:bone_meal":231,"minecraft:iron_axe":4,"minecraft:ladder":15,"minecraft:iron_hoe":1,"minecraft:stone_pickaxe":1,"minecraft:dark_oak_planks":24,"minecraft:golden_helmet":1,"minecraft:crimson_planks":20,"minecraft:iron_sword":1,"minecraft:sandstone_slab":6,"minecraft:mangrove_planks":44,"minecraft:bucket":3,"minecraft:stone_axe":1,"minecraft:air":0,"minecraft:jungle_planks":28,"minecraft:oak_fence_gate":2,"minecraft:sandstone_wall":54,"minecraft:iron_shovel":4},"minecraft:used":{"minecraft:moss_carpet":3,"minecraft:iron_shovel":770,"minecraft:ladder":12,"minecraft:shield":75,"minecraft:chest":34,"minecraft:iron_sword":274,"minecraft:nether_wart":30,"minecraft:rotten_flesh":11,"minecraft:soul_sand":31,"minecraft:jungle_planks":13,"minecraft:nether_bricks":109,"minecraft:carrot":216,"minecraft:lava_bucket":12,"minecraft:item_frame":13,"minecraft:furnace":3,"minecraft:potato":34,"minecraft:stone_pickaxe":108,"minecraft:cactus":12,"minecraft:wooden_pickaxe":3,"minecraft:sandstone":83,"minecraft:sugar_cane":159,"minecraft:sand":287,"minecraft:bread":92,"minecraft:cyan_bed":2,"minecraft:gravel":46,"minecraft:golden_helmet":1,"minecraft:cooked_rabbit":5,"minecraft:bone_meal":230,"minecraft:experience_bottle":1,"minecraft:stone_sword":124,"minecraft:stone_shovel":131,"minecraft:stone_hoe":137,"minecraft:sandstone_wall":26,"minecraft:netherrack":22,"minecraft:dirt":82,"minecraft:hopper":5,"minecraft:oak_fence_gate":2,"minecraft:iron_hoe":54,"minecraft:dark_oak_planks":5,"minecraft:iron_axe":627,"minecraft:smooth_sandstone":1,"minecraft:bamboo":9,"minecraft:goat_horn":2,"minecraft:mangrove_boat":1,"minecraft:water_bucket":56,"minecraft:sandstone_stairs":3,"minecraft:cut_sandstone":1,"minecraft:fletching_table":1,"minecraft:terracotta":2,"minecraft:crafting_table":6,"minecraft:lime_bed":3,"minecraft:iron_pickaxe":467,"minecraft:spruce_sapling":54,"minecraft:stone_axe":118,"minecraft:crimson_sign":4,"minecraft:cobblestone":6,"minecraft:bucket":71,"minecraft:sandstone_slab":4}},"DataVersion":3953}