{"stats":{"minecraft:mined":{"minecraft:dark_oak_planks":4,"minecraft:white_bed":3,"minecraft:cherry_log":96,"minecraft:obsidian":104,"minecraft:granite":16,"minecraft:jungle_log":7,"minecraft:nether_wart":116,"minecraft:spawner":3,"minecraft:polished_blackstone_bricks":81,"minecraft:cobbled_deepslate":4,"minecraft:sticky_piston":2,"minecraft:fire":35,"minecraft:moss_carpet":1,"minecraft:fletching_table":9,"minecraft:deepslate_lapis_ore":29,"minecraft:enchanting_table":2,"minecraft:smooth_sandstone_stairs":25,"minecraft:piston_head":2,"minecraft:sandstone_slab":2,"minecraft:cut_sandstone":30,"minecraft:smoker":1,"minecraft:soul_fire":2,"minecraft:torch":3,"minecraft:blast_furnace":6,"minecraft:dead_bush":33,"minecraft:glass":1,"minecraft:cyan_bed":14,"minecraft:sugar_cane":1030,"minecraft:smooth_sandstone_slab":14,"minecraft:wheat":1,"minecraft:oak_fence_gate":2,"minecraft:sandstone_wall":2,"minecraft:mangrove_log":11,"minecraft:deepslate":412,"minecraft:mossy_cobblestone":3,"minecraft:shulker_box":37,"minecraft:end_stone":122,"minecraft:nether_bricks":257,"minecraft:crimson_roots":1,"minecraft:cartography_table":1,"minecraft:andesite":18,"minecraft:potatoes":28,"minecraft:cobblestone_slab":7,"minecraft:vine":2,"minecraft:rail":22,"minecraft:warped_stem":1,"minecraft:bamboo":461,"minecraft:bone_block":7,"minecraft:ender_chest":2,"minecraft:smithing_table":1,"minecraft:oak_slab":3,"minecraft:redstone_block":3,"minecraft:soul_sand":35,"minecraft:smooth_sandstone":127,"minecraft:short_grass":18,"minecraft:tall_grass":5,"minecraft:copper_ore":2,"minecraft:deepslate_gold_ore":65,"minecraft:diorite":7,"minecraft:white_carpet":24,"minecraft:spruce_log":5324,"minecraft:mangrove_leaves":2,"minecraft:gravel":192,"minecraft:cobweb":2,"minecraft:stone_bricks":32,"minecraft:stone_pressure_plate":2,"minecraft:spruce_planks":4,"minecraft:oak_sapling":1,"minecraft:cobblestone_stairs":2,"minecraft:brewing_stand":1,"minecraft:spruce_trapdoor":8,"minecraft:grass_block":58,"minecraft:cracked_polished_blackstone_bricks":25,"minecraft:composter":1,"minecraft:sandstone_stairs":1,"minecraft:raw_iron_block":5,"minecraft:glowstone":2,"minecraft:iron_ore":315,"minecraft:anvil":1,"minecraft:iron_bars":3,"minecraft:spruce_slab":9,"minecraft:green_bed":5,"minecraft:deepslate_redstone_ore":25,"minecraft:jungle_door":1,"minecraft:blackstone":17,"minecraft:orange_terracotta":1,"minecraft:end_stone_brick_slab":2,"minecraft:chest":11,"minecraft:cobblestone":165,"minecraft:grindstone":1,"minecraft:oak_planks":1,"minecraft:iron_door":11,"minecraft:wall_torch":3,"minecraft:blue_terracotta":1,"minecraft:tnt":27,"minecraft:oak_log":76,"minecraft:beetroots":1,"minecraft:sand":2795,"minecraft:dirt":93,"minecraft:wither_skeleton_skull":1,"minecraft:dispenser":2,"minecraft:netherrack":164,"minecraft:oak_leaves":15,"minecraft:diamond_ore":7,"minecraft:tuff":154,"minecraft:deepslate_diamond_ore":55,"minecraft:mangrove_roots":7,"minecraft:glow_lichen":1,"minecraft:weeping_vines":1,"minecraft:spruce_leaves":425,"minecraft:sandstone":3213,"minecraft:crimson_stem":1,"minecraft:hay_block":25,"minecraft:spruce_sapling":95,"minecraft:furnace":12,"minecraft:carrots":734,"minecraft:chiseled_sandstone":2,"minecraft:bell":1,"minecraft:nether_brick_fence":17,"minecraft:bookshelf":303,"minecraft:deepslate_iron_ore":287,"minecraft:stone":504,"minecraft:jungle_fence_gate":3,"minecraft:podzol":1,"minecraft:scaffolding":24,"minecraft:infested_stone_bricks":2,"minecraft:basalt":1,"minecraft:crafting_table":2,"minecraft:lectern":150,"minecraft:deepslate_coal_ore":1,"minecraft:lapis_ore":3,"minecraft:lime_bed":18,"minecraft:cactus":9,"minecraft:coal_ore":159,"minecraft:cherry_leaves":1404,"minecraft:cracked_stone_bricks":7,"minecraft:terracotta":25,"minecraft:mossy_stone_bricks":14},"minecraft:broken":{"minecraft:shears":5,"minecraft:iron_sword":1,"minecraft:stone_hoe":1,"minecraft:iron_axe":3,"minecraft:iron_pickaxe":1,"minecraft:iron_shovel":3,"minecraft:stone_shovel":1,"minecraft:golden_chestplate":1},"minecraft:dropped":{"minecraft:iron_sword":2,"minecraft:glow_ink_sac":1,"minecraft:glass_bottle":11,"minecraft:diamond":2,"minecraft:crafting_table":1,"minecraft:sandstone_stairs":8,"minecraft:crossbow":2,"minecraft:cracked_stone_bricks":6,"minecraft:saddle":1,"minecraft:elytra":3,"minecraft:rail":1,"minecraft:dragon_breath":2,"minecraft:emerald":106,"minecraft:dirt":79,"minecraft:stone_button":22,"minecraft:mangrove_boat":1,"minecraft:bone_meal":2,"minecraft:bone_block":10,"minecraft:sand":158,"minecraft:sugar":6,"minecraft:iron_pickaxe":4,"minecraft:white_wool":6,"minecraft:bone":25,"minecraft:stone_axe":3,"minecraft:sugar_cane":1,"minecraft:cobbled_deepslate":7,"minecraft:obsidian":8,"minecraft:rotten_flesh":69,"minecraft:oak_planks":2,"minecraft:glowstone_dust":38,"minecraft:nether_brick_fence":27,"minecraft:tipped_arrow":5,"minecraft:glass":127,"minecraft:warped_wart_block":1,"minecraft:green_stained_glass":224,"minecraft:enchanted_book":6,"minecraft:iron_ingot":64,"minecraft:wheat_seeds":12,"minecraft:end_stone_brick_slab":1,"minecraft:iron_helmet":19,"minecraft:feather":6,"minecraft:cobblestone":114,"minecraft:book":5,"minecraft:apple":1,"minecraft:granite":16,"minecraft:golden_apple":2,"minecraft:golden_carrot":64,"minecraft:rabbit":1,"minecraft:diamond_helmet":2,"minecraft:potion":1,"minecraft:smooth_sandstone_slab":35,"minecraft:smooth_sandstone":198,"minecraft:chainmail_leggings":1,"minecraft:iron_shovel":2,"minecraft:paper":223,"minecraft:string":27,"minecraft:spruce_sapling":40,"minecraft:stone_sword":14,"minecraft:cobblestone_wall":22,"minecraft:cocoa_beans":4,"minecraft:bowl":1,"minecraft:stone_shovel":3,"minecraft:chicken":4,"minecraft:white_carpet":4,"minecraft:shears":2,"minecraft:suspicious_stew":2,"minecraft:diamond_sword":3,"minecraft:potato":29,"minecraft:cobblestone_slab":34,"minecraft:stone":2,"minecraft:spruce_planks":3,"minecraft:diamond_pickaxe":6,"minecraft:stone_pressure_plate":2,"minecraft:spider_eye":26,"minecraft:stone_bricks":17,"minecraft:bamboo":17,"minecraft:sandstone":337,"minecraft:bow":8,"minecraft:black_wool":1,"minecraft:terracotta":35,"minecraft:diamond_axe":6,"minecraft:ender_pearl":6301,"minecraft:sandstone_slab":12,"minecraft:lantern":12,"minecraft:mangrove_planks":3,"minecraft:flint":12,"minecraft:cobblestone_stairs":5,"minecraft:crimson_roots":1,"minecraft:cut_sandstone":36,"minecraft:polished_blackstone_bricks":1,"minecraft:gravel":6,"minecraft:mangrove_roots":8,"minecraft:smooth_sandstone_stairs":30,"minecraft:cherry_sapling":1,"minecraft:diamond_shovel":1,"minecraft:carrot":1285,"minecraft:sandstone_wall":104,"minecraft:poppy":1,"minecraft:rabbit_hide":2,"minecraft:gunpowder":97,"minecraft:chest":1,"minecraft:spruce_pressure_plate":64,"minecraft:chainmail_boots":2,"minecraft:arrow":49,"minecraft:scaffolding":235,"minecraft:netherrack":20,"minecraft:firework_rocket":620,"minecraft:water_bucket":1,"minecraft:stone_hoe":13,"minecraft:bread":159,"minecraft:oak_slab":74,"minecraft:golden_helmet":2,"minecraft:diamond_leggings":2,"minecraft:stick":177,"minecraft:diorite":4,"minecraft:torch":5,"minecraft:jungle_door":1,"minecraft:iron_axe":4,"minecraft:cactus":9,"minecraft:lapis_block":20,"minecraft:chiseled_sandstone":2,"minecraft:redstone":7,"minecraft:blue_terracotta":2,"minecraft:oak_trapdoor":6,"minecraft:blaze_rod":67,"minecraft:iron_hoe":3,"minecraft:smoker":1,"minecraft:shulker_box":4,"minecraft:flint_and_steel":1,"minecraft:shield":12,"minecraft:oak_button":20,"minecraft:diamond_chestplate":5,"minecraft:orange_terracotta":1,"minecraft:andesite":34,"minecraft:mossy_stone_bricks":2,"minecraft:oak_boat":2,"minecraft:golden_sword":2,"minecraft:diamond_boots":4,"minecraft:stone_pickaxe":2,"minecraft:wooden_pickaxe":2,"minecraft:magma_cream":5},"minecraft:killed":{"minecraft:cave_spider":5,"minecraft:skeleton":127,"minecraft:magma_cube":22,"minecraft:iron_golem":2,"minecraft:ender_dragon":1,"minecraft:pillager":12,"minecraft:donkey":1,"minecraft:zombie":50,"minecraft:cow":20,"minecraft:vindicator":3,"minecraft:horse":12,"minecraft:husk":54,"minecraft:rabbit":7,"minecraft:ravager":1,"minecraft:enderman":4418,"minecraft:zombified_piglin":23,"minecraft:witch":1,"minecraft:spider":48,"minecraft:silverfish":1,"minecraft:piglin_brute":1,"minecraft:piglin":1,"minecraft:creeper":34,"minecraft:trader_llama":2,"minecraft:blaze":59,"minecraft:armadillo":1,"minecraft:wither_skeleton":87},"minecraft:used":{"minecraft:nether_brick_fence":2,"minecraft:spruce_slab":141,"minecraft:ladder":12,"minecraft:elytra":72,"minecraft:chest":45,"minecraft:stone":6,"minecraft:rotten_flesh":11,"minecraft:soul_sand":37,"minecraft:lava_bucket":14,"minecraft:jungle_fence_gate":3,"minecraft:cherry_leaves":530,"minecraft:bow":8,"minecraft:ominous_bottle":1,"minecraft:furnace":19,"minecraft:potato":34,"minecraft:mossy_stone_bricks":8,"minecraft:diorite":7,"minecraft:blackstone":1,"minecraft:cactus":12,"minecraft:wooden_pickaxe":3,"minecraft:golden_apple":1,"minecraft:sand":334,"minecraft:blast_furnace":12,"minecraft:lectern":155,"minecraft:diamond_sword":1997,"minecraft:smithing_table":2,"minecraft:oak_boat":3,"minecraft:enchanting_table":3,"minecraft:iron_bars":8,"minecraft:stone_sword":124,"minecraft:sandstone_wall":26,"minecraft:netherrack":128,"minecraft:torch":7,"minecraft:anvil":4,"minecraft:oak_fence_gate":8,"minecraft:iron_axe":764,"minecraft:bamboo":155,"minecraft:diamond_chestplate":74,"minecraft:goat_horn":3,"minecraft:cobbled_deepslate":182,"minecraft:water_bucket":328,"minecraft:sandstone_stairs":3,"minecraft:smooth_sandstone_slab":4,"minecraft:fletching_table":17,"minecraft:polished_blackstone_bricks":7,"minecraft:cracked_stone_bricks":1,"minecraft:rail":6,"minecraft:oak_slab":32,"minecraft:tnt":20,"minecraft:crafting_table":10,"minecraft:white_bed":12,"minecraft:spruce_log":35,"minecraft:diamond_pickaxe":6596,"minecraft:diamond_shovel":2185,"minecraft:iron_pickaxe":679,"minecraft:spruce_trapdoor":16,"minecraft:spruce_sapling":302,"minecraft:crimson_sign":4,"minecraft:cobblestone":349,"minecraft:sandstone_slab":12,"minecraft:diamond_leggings":3,"minecraft:cherry_sapling":7,"minecraft:moss_carpet":3,"minecraft:iron_shovel":791,"minecraft:shield":111,"minecraft:iron_sword":274,"minecraft:nether_wart":133,"minecraft:bell":1,"minecraft:smooth_sandstone_stairs":4,"minecraft:jungle_planks":13,"minecraft:nether_bricks":245,"minecraft:carrot":822,"minecraft:tuff":31,"minecraft:obsidian":12,"minecraft:glass":2,"minecraft:stone_bricks":20,"minecraft:item_frame":15,"minecraft:deepslate_diamond_ore":2,"minecraft:scaffolding":227,"minecraft:diamond_boots":8,"minecraft:wither_skeleton_skull":5,"minecraft:stone_pickaxe":108,"minecraft:ender_pearl":81,"minecraft:sandstone":1485,"minecraft:redstone_block":4,"minecraft:end_stone_brick_slab":86,"minecraft:diamond_axe":5541,"minecraft:sugar_cane":224,"minecraft:shears":1361,"minecraft:sticky_piston":3,"minecraft:firework_rocket":262,"minecraft:cyan_bed":14,"minecraft:bread":172,"minecraft:iron_door":11,"minecraft:deepslate":66,"minecraft:gravel":118,"minecraft:golden_helmet":1,"minecraft:pufferfish_bucket":14,"minecraft:grindstone":2,"minecraft:cooked_rabbit":5,"minecraft:andesite":7,"minecraft:bone_meal":671,"minecraft:experience_bottle":176,"minecraft:flint_and_steel":3,"minecraft:stone_shovel":131,"minecraft:spruce_planks":22,"minecraft:ender_chest":3,"minecraft:stone_hoe":137,"minecraft:dirt":193,"minecraft:white_carpet":151,"minecraft:hopper":14,"minecraft:diamond_helmet":3,"minecraft:shulker_box":38,"minecraft:granite":8,"minecraft:iron_hoe":54,"minecraft:dark_oak_planks":5,"minecraft:bookshelf":83,"minecraft:smooth_sandstone":19,"minecraft:golden_carrot":189,"minecraft:minecart":2,"minecraft:cooked_beef":20,"minecraft:mangrove_boat":1,"minecraft:iron_ore":3,"minecraft:cut_sandstone":5,"minecraft:green_bed":7,"minecraft:cobblestone_slab":77,"minecraft:terracotta":5,"minecraft:lime_bed":18,"minecraft:cracked_polished_blackstone_bricks":1,"minecraft:stone_axe":118,"minecraft:white_banner":2,"minecraft:bucket":359},"minecraft:picked_up":{"minecraft:chainmail_boots":3,"minecraft:suspicious_stew":2,"minecraft:anvil":1,"minecraft:smithing_table":1,"minecraft:lead":2,"minecraft:diamond_sword":5,"minecraft:enchanted_book":4,"minecraft:brewing_stand":1,"minecraft:golden_sword":2,"minecraft:string":72,"minecraft:cobbled_deepslate":256,"minecraft:gold_nugget":90,"minecraft:spruce_planks":4,"minecraft:crimson_sign":1,"minecraft:mangrove_log":11,"minecraft:golden_helmet":1,"minecraft:composter":1,"minecraft:green_bed":5,"minecraft:sandstone_wall":2,"minecraft:cherry_log":96,"minecraft:golden_chestplate":1,"minecraft:rabbit_foot":1,"minecraft:stone_sword":11,"minecraft:bookshelf":8,"minecraft:blaze_rod":151,"minecraft:iron_bars":7,"minecraft:cooked_beef":40,"minecraft:iron_door":11,"minecraft:cherry_leaves":1363,"minecraft:water_bucket":1,"minecraft:jungle_log":7,"minecraft:smoker":1,"minecraft:flint":56,"minecraft:rabbit":7,"minecraft:diamond_helmet":2,"minecraft:glowstone_dust":81,"minecraft:warped_wart_block":1,"minecraft:iron_hoe":2,"minecraft:dispenser":2,"minecraft:blue_terracotta":2,"minecraft:deepslate":178,"minecraft:granite":16,"minecraft:bread":191,"minecraft:crimson_roots":1,"minecraft:diamond_pickaxe":3,"minecraft:crafting_table":3,"minecraft:sandstone_slab":4,"minecraft:ominous_bottle":1,"minecraft:nether_wart":505,"minecraft:flint_and_steel":1,"minecraft:elytra":4,"minecraft:white_carpet":42,"minecraft:iron_shovel":1,"minecraft:cracked_stone_bricks":13,"minecraft:cartography_table":1,"minecraft:deepslate_diamond_ore":2,"minecraft:beef":38,"minecraft:poppy":1,"minecraft:spruce_slab":9,"minecraft:minecart":1,"minecraft:chest":17,"minecraft:sandstone":2962,"minecraft:stone":241,"minecraft:jungle_fence_gate":3,"minecraft:carrot":3480,"minecraft:redstone":157,"minecraft:tnt":26,"minecraft:diamond_chestplate":5,"minecraft:stone_shovel":1,"minecraft:diamond_boots":2,"minecraft:hay_block":25,"minecraft:sandstone_stairs":3,"minecraft:gold_ingot":5,"minecraft:white_wool":4,"minecraft:rail":24,"minecraft:bone_block":20,"minecraft:lime_bed":18,"minecraft:oak_log":86,"minecraft:paper":79,"minecraft:white_banner":2,"minecraft:stone_bricks":52,"minecraft:apple":1,"minecraft:warped_stem":1,"minecraft:oak_fence_gate":2,"minecraft:iron_ore":3,"minecraft:iron_sword":4,"minecraft:gravel":139,"minecraft:spruce_sapling":410,"minecraft:spruce_log":5860,"minecraft:dragon_egg":1,"minecraft:firework_rocket":226,"minecraft:diamond_shovel":2,"minecraft:diamond_axe":4,"minecraft:hopper":10,"minecraft:ender_pearl":1545,"minecraft:shulker_shell":14,"minecraft:redstone_block":4,"minecraft:nether_brick_fence":51,"minecraft:ender_chest":2,"minecraft:lapis_block":52,"minecraft:sticky_piston":3,"minecraft:cobblestone_slab":10,"minecraft:iron_pickaxe":2,"minecraft:furnace":12,"minecraft:tipped_arrow":9,"minecraft:stick":338,"minecraft:jungle_door":1,"minecraft:torch":13,"minecraft:diorite":7,"minecraft:cactus":13,"minecraft:rotten_flesh":95,"minecraft:mangrove_roots":8,"minecraft:obsidian":107,"minecraft:cobblestone":491,"minecraft:enchanting_table":2,"minecraft:magma_cream":6,"minecraft:andesite":18,"minecraft:potato":80,"minecraft:tuff":124,"minecraft:smooth_sandstone_stairs":34,"minecraft:wither_skeleton_skull":5,"minecraft:lapis_lazuli":465,"minecraft:dirt":475,"minecraft:glass":9,"minecraft:bone":382,"minecraft:bow":9,"minecraft:wheat_seeds":12,"minecraft:raw_gold":126,"minecraft:bell":2,"minecraft:grindstone":1,"minecraft:mossy_stone_bricks":13,"minecraft:fletching_table":9,"minecraft:bamboo":3667,"minecraft:stone_hoe":11,"minecraft:oak_planks":1,"minecraft:sand":2749,"minecraft:shulker_box":41,"minecraft:cyan_bed":13,"minecraft:chiseled_sandstone":2,"minecraft:mossy_cobblestone":3,"minecraft:diamond":119,"minecraft:cracked_polished_blackstone_bricks":24,"minecraft:crossbow":1,"minecraft:bone_meal":1,"minecraft:golden_apple":1,"minecraft:emerald":5,"minecraft:oak_sapling":37,"minecraft:netherrack":180,"minecraft:cocoa_beans":4,"minecraft:charcoal":34,"minecraft:shield":5,"minecraft:dragon_breath":2,"minecraft:moss_carpet":3,"minecraft:iron_axe":4,"minecraft:item_frame":2,"minecraft:blackstone":17,"minecraft:oak_boat":2,"minecraft:lectern":150,"minecraft:sugar_cane":1831,"minecraft:spruce_trapdoor":2,"minecraft:raw_iron":1328,"minecraft:end_stone":112,"minecraft:bowl":1,"minecraft:polished_blackstone_bricks":81,"minecraft:stone_button":22,"minecraft:cookie":1,"minecraft:stone_pressure_plate":2,"minecraft:dark_oak_planks":3,"minecraft:smooth_sandstone_slab":13,"minecraft:arrow":169,"minecraft:nether_bricks":287,"minecraft:saddle":10,"minecraft:basalt":1,"minecraft:golden_carrot":9,"minecraft:crimson_stem":7,"minecraft:glow_ink_sac":2,"minecraft:cut_sandstone":41,"minecraft:leather":31,"minecraft:gunpowder":45,"minecraft:cobblestone_stairs":5,"minecraft:orange_terracotta":1,"minecraft:smooth_sandstone":207,"minecraft:mangrove_boat":1,"minecraft:rabbit_hide":2,"minecraft:iron_ingot":221,"minecraft:soul_sand":57,"minecraft:book":909,"minecraft:scaffolding":319,"minecraft:oak_slab":3,"minecraft:raw_iron_block":5,"minecraft:lava_bucket":1,"minecraft:blast_furnace":6,"minecraft:white_bed":3,"minecraft:spider_eye":26,"minecraft:chainmail_leggings":1,"minecraft:iron_helmet":9,"minecraft:cherry_sapling":15,"minecraft:terracotta":40,"minecraft:end_stone_brick_slab":386,"minecraft:coal":488},"minecraft:killed_by":{"minecraft:blaze":1},"minecraft:custom":{"minecraft:interact_with_crafting_table":185,"minecraft:open_barrel":91,"minecraft:bell_ring":6,"minecraft:leave_game":22,"minecraft:time_since_death":467773,"minecraft:damage_blocked_by_shield":4248,"minecraft:play_time":1142729,"minecraft:deaths":2,"minecraft:jump":24219,"minecraft:enchant_item":83,"minecraft:interact_with_furnace":281,"minecraft:traded_with_villager":3816,"minecraft:sleep_in_bed":30,"minecraft:damage_dealt":123916,"minecraft:interact_with_smoker":9,"minecraft:inspect_dispenser":2,"minecraft:horse_one_cm":919105,"minecraft:interact_with_smithing_table":2,"minecraft:interact_with_anvil":39,"minecraft:inspect_hopper":31,"minecraft:sneak_time":165950,"minecraft:interact_with_blast_furnace":143,"minecraft:total_world_time":1142729,"minecraft:time_since_rest":118662,"minecraft:swim_one_cm":318134,"minecraft:fly_one_cm":5741395,"minecraft:open_chest":1136,"minecraft:fall_one_cm":674688,"minecraft:animals_bred":1,"minecraft:open_shulker_box":162,"minecraft:sprint_one_cm":3550764,"minecraft:drop":1160,"minecraft:talked_to_villager":805,"minecraft:walk_on_water_one_cm":152718,"minecraft:open_enderchest":14,"minecraft:player_kills":1,"minecraft:crouch_one_cm":605197,"minecraft:mob_kills":5017,"minecraft:climb_one_cm":70581,"minecraft:walk_one_cm":1509066,"minecraft:raid_win":3,"minecraft:walk_under_water_one_cm":126491,"minecraft:boat_one_cm":10500,"minecraft:raid_trigger":1,"minecraft:interact_with_grindstone":54,"minecraft:damage_taken":21661,"minecraft:damage_absorbed":42,"minecraft:aviate_one_cm":5814673},"minecraft:crafted":{"minecraft:ender_chest":10,"minecraft:smooth_stone":18,"minecraft:blaze_powder":18,"minecraft:diamond_shovel":1,"minecraft:bookshelf":60,"minecraft:shulker_box":7,"minecraft:iron_bars":16,"minecraft:magenta_shulker_box":1,"minecraft:glass":1450,"minecraft:diamond_helmet":4,"minecraft:diamond_leggings":4,"minecraft:magenta_dye":12,"minecraft:cooked_rabbit":4,"minecraft:glass_bottle":1056,"minecraft:emerald":4335,"minecraft:diamond_axe":3,"minecraft:smithing_table":1,"minecraft:copper_ingot":51,"minecraft:fletching_table":8,"minecraft:green_stained_glass":264,"minecraft:red_tulip":6,"minecraft:end_stone_brick_slab":222,"minecraft:lectern":6,"minecraft:stone_slab":6,"minecraft:iron_pickaxe":3,"minecraft:iron_block":170,"minecraft:gold_ingot":263,"minecraft:sandstone":438,"minecraft:golden_carrot":540,"minecraft:stone_shovel":1,"minecraft:orange_shulker_box":1,"minecraft:experience_bottle":175,"minecraft:bone_meal":750,"minecraft:white_carpet":132,"minecraft:lantern":27,"minecraft:diamond":54,"minecraft:ladder":48,"minecraft:spruce_slab":156,"minecraft:red_shulker_box":1,"minecraft:stone_pickaxe":1,"minecraft:diamond_boots":11,"minecraft:redstone_block":17,"minecraft:dark_oak_planks":24,"minecraft:golden_helmet":1,"minecraft:wheat":459,"minecraft:coal_block":37,"minecraft:enchanting_table":1,"minecraft:sandstone_slab":6,"minecraft:enchanted_book":33,"minecraft:orange_dye":12,"minecraft:oak_fence_gate":6,"minecraft:sandstone_wall":54,"minecraft:iron_shovel":4,"minecraft:white_bed":9,"minecraft:grindstone":1,"minecraft:oak_planks":616,"minecraft:cobblestone_slab":102,"minecraft:crimson_sign":3,"minecraft:mangrove_boat":1,"minecraft:spruce_pressure_plate":64,"minecraft:warped_planks":4,"minecraft:green_dye":78,"minecraft:hopper":7,"minecraft:bow":3,"minecraft:chest":55,"minecraft:oak_button":20,"minecraft:copper_block":4,"minecraft:stone_hoe":13,"minecraft:ender_eye":17,"minecraft:item_frame":13,"minecraft:crafting_table":8,"minecraft:spruce_planks":27396,"minecraft:iron_helmet":10,"minecraft:wooden_pickaxe":1,"minecraft:gold_block":14,"minecraft:apple":320,"minecraft:spruce_trapdoor":8,"minecraft:book":19,"minecraft:paper":1911,"minecraft:diamond_pickaxe":6,"minecraft:charcoal":154,"minecraft:emerald_block":160,"minecraft:shield":13,"minecraft:stick":55733,"minecraft:light_blue_dye":12,"minecraft:iron_ingot":2599,"minecraft:light_blue_shulker_box":1,"minecraft:stone_sword":1,"minecraft:green_shulker_box":1,"minecraft:shears":7,"minecraft:sandstone_stairs":4,"minecraft:cherry_planks":384,"minecraft:raw_iron":45,"minecraft:coal":27,"minecraft:furnace":14,"minecraft:blast_furnace":6,"minecraft:cherry_sapling":8,"minecraft:end_stone_bricks":112,"minecraft:diamond_block":6,"minecraft:flint_and_steel":1,"minecraft:scaffolding":240,"minecraft:iron_axe":5,"minecraft:iron_hoe":1,"minecraft:red_dye":6,"minecraft:crimson_planks":20,"minecraft:diamond_sword":8,"minecraft:iron_sword":1,"minecraft:mangrove_planks":44,"minecraft:bucket":4,"minecraft:stone_axe":1,"minecraft:bread":153,"minecraft:air":0,"minecraft:jungle_planks":28,"minecraft:oak_boat":1,"minecraft:white_wool":116,"minecraft:anvil":4,"minecraft:torch":24,"minecraft:lapis_lazuli":279,"minecraft:lapis_block":64,"minecraft:diamond_chestplate":4,"minecraft:firework_rocket":960}},"DataVersion":3953}