{"stats":{"minecraft:mined":{"minecraft:dark_oak_planks":4,"minecraft:stone_pressure_plate":2,"minecraft:oak_sapling":1,"minecraft:mangrove_roots":7,"minecraft:grass_block":58,"minecraft:jungle_log":7,"minecraft:spruce_leaves":158,"minecraft:composter":1,"minecraft:sandstone":87,"minecraft:hay_block":25,"minecraft:furnace":2,"minecraft:carrots":38,"minecraft:iron_ore":22,"minecraft:chiseled_sandstone":2,"minecraft:moss_carpet":1,"minecraft:bell":1,"minecraft:bookshelf":9,"minecraft:potatoes":28,"minecraft:vine":2,"minecraft:smooth_sandstone_stairs":13,"minecraft:stone":25,"minecraft:green_bed":4,"minecraft:cut_sandstone":14,"minecraft:smoker":1,"minecraft:smooth_sandstone":77,"minecraft:crafting_table":1,"minecraft:short_grass":7,"minecraft:dead_bush":6,"minecraft:lectern":1,"minecraft:tall_grass":3,"minecraft:cobblestone":3,"minecraft:cyan_bed":3,"minecraft:sugar_cane":158,"minecraft:lime_bed":7,"minecraft:cactus":9,"minecraft:wheat":1,"minecraft:spruce_log":563,"minecraft:tnt":18,"minecraft:mangrove_leaves":2,"minecraft:oak_log":71,"minecraft:coal_ore":6,"minecraft:beetroots":1,"minecraft:sand":734,"minecraft:dirt":17,"minecraft:mangrove_log":11,"minecraft:terracotta":12,"minecraft:oak_leaves":15},"minecraft:broken":{"minecraft:iron_shovel":2,"minecraft:stone_hoe":1,"minecraft:iron_axe":2,"minecraft:stone_shovel":1},"minecraft:killed":{"minecraft:armadillo":1,"minecraft:spider":7,"minecraft:skeleton":8,"minecraft:husk":3,"minecraft:rabbit":5,"minecraft:creeper":2,"minecraft:zombie":6},"minecraft:custom":{"minecraft:mob_kills":34,"minecraft:interact_with_crafting_table":33,"minecraft:leave_game":3,"minecraft:time_since_death":134495,"minecraft:climb_one_cm":3126,"minecraft:sprint_one_cm":424151,"minecraft:walk_one_cm":165156,"minecraft:damage_blocked_by_shield":410,"minecraft:drop":24,"minecraft:play_time":134495,"minecraft:sneak_time":26044,"minecraft:walk_under_water_one_cm":4792,"minecraft:boat_one_cm":6531,"minecraft:jump":3418,"minecraft:walk_on_water_one_cm":18557,"minecraft:total_world_time":134495,"minecraft:interact_with_furnace":24,"minecraft:sleep_in_bed":2,"minecraft:time_since_rest":38653,"minecraft:damage_taken":1170,"minecraft:damage_dealt":5514,"minecraft:swim_one_cm":12505,"minecraft:fly_one_cm":848302,"minecraft:open_chest":108,"minecraft:crouch_one_cm":93319,"minecraft:interact_with_smoker":1,"minecraft:fall_one_cm":91606,"minecraft:horse_one_cm":621797},"minecraft:dropped":{"minecraft:water_bucket":1,"minecraft:apple":1,"minecraft:stick":2,"minecraft:dirt":1,"minecraft:iron_axe":1,"minecraft:iron_pickaxe":1,"minecraft:cactus":1,"minecraft:smooth_sandstone":4,"minecraft:stone_axe":1,"minecraft:mangrove_roots":3,"minecraft:cocoa_beans":4,"minecraft:smoker":1,"minecraft:carrot":56,"minecraft:potato":29,"minecraft:shield":1,"minecraft:glass":116},"minecraft:picked_up":{"minecraft:cocoa_beans":4,"minecraft:crafting_table":1,"minecraft:string":8,"minecraft:moss_carpet":3,"minecraft:lectern":1,"minecraft:sugar_cane":253,"minecraft:mangrove_log":11,"minecraft:furnace":2,"minecraft:stick":47,"minecraft:raw_iron":22,"minecraft:sandstone":86,"minecraft:composter":1,"minecraft:green_bed":4,"minecraft:carrot":130,"minecraft:stone_pressure_plate":2,"minecraft:dark_oak_planks":3,"minecraft:tnt":17,"minecraft:arrow":7,"minecraft:cactus":13,"minecraft:rotten_flesh":6,"minecraft:hay_block":25,"minecraft:mangrove_roots":8,"minecraft:cobblestone":26,"minecraft:lime_bed":7,"minecraft:jungle_log":7,"minecraft:cut_sandstone":13,"minecraft:smoker":1,"minecraft:potato":80,"minecraft:smooth_sandstone_stairs":11,"minecraft:oak_log":70,"minecraft:gunpowder":2,"minecraft:dirt":437,"minecraft:smooth_sandstone":81,"minecraft:mangrove_boat":1,"minecraft:bone":12,"minecraft:apple":1,"minecraft:wheat_seeds":1,"minecraft:rabbit_hide":2,"minecraft:bell":1,"minecraft:rabbit":5,"minecraft:book":27,"minecraft:sand":735,"minecraft:spruce_sapling":68,"minecraft:spruce_log":566,"minecraft:cyan_bed":3,"minecraft:chiseled_sandstone":2,"minecraft:spider_eye":1,"minecraft:blue_terracotta":1,"minecraft:bread":80,"minecraft:terracotta":12,"minecraft:oak_sapling":37,"minecraft:coal":15},"minecraft:crafted":{"minecraft:oak_planks":136,"minecraft:stone_shovel":1,"minecraft:furnace":1,"minecraft:mangrove_boat":1,"minecraft:bone_meal":141,"minecraft:glass":116,"minecraft:hopper":7,"minecraft:iron_axe":3,"minecraft:ladder":15,"minecraft:iron_hoe":1,"minecraft:stone_pickaxe":1,"minecraft:chest":21,"minecraft:dark_oak_planks":24,"minecraft:stone_hoe":1,"minecraft:cooked_rabbit":4,"minecraft:crafting_table":3,"minecraft:spruce_planks":64,"minecraft:wooden_pickaxe":1,"minecraft:mangrove_planks":44,"minecraft:bucket":3,"minecraft:stone_axe":1,"minecraft:air":0,"minecraft:jungle_planks":28,"minecraft:shield":2,"minecraft:stick":140,"minecraft:iron_ingot":22,"minecraft:iron_pickaxe":2,"minecraft:stone_sword":1,"minecraft:iron_shovel":3,"minecraft:sandstone":27},"minecraft:used":{"minecraft:moss_carpet":3,"minecraft:stone_sword":104,"minecraft:iron_shovel":673,"minecraft:stone_shovel":131,"minecraft:ladder":12,"minecraft:chest":8,"minecraft:shield":13,"minecraft:stone_hoe":131,"minecraft:rotten_flesh":11,"minecraft:dirt":81,"minecraft:hopper":5,"minecraft:jungle_planks":13,"minecraft:carrot":81,"minecraft:dark_oak_planks":5,"minecraft:iron_hoe":54,"minecraft:lava_bucket":12,"minecraft:iron_axe":570,"minecraft:smooth_sandstone":1,"minecraft:goat_horn":2,"minecraft:furnace":3,"minecraft:potato":34,"minecraft:mangrove_boat":1,"minecraft:water_bucket":39,"minecraft:stone_pickaxe":108,"minecraft:cactus":12,"minecraft:wooden_pickaxe":3,"minecraft:sandstone":39,"minecraft:cut_sandstone":1,"minecraft:sugar_cane":159,"minecraft:sand":287,"minecraft:crafting_table":4,"minecraft:bread":35,"minecraft:iron_pickaxe":180,"minecraft:spruce_sapling":54,"minecraft:stone_axe":118,"minecraft:cobblestone":6,"minecraft:cooked_rabbit":5,"minecraft:bucket":53,"minecraft:bone_meal":140}},"DataVersion":3953}