{"stats":{"minecraft:mined":{"minecraft:dark_oak_planks":4,"minecraft:cut_sandstone":6,"minecraft:stone_pressure_plate":2,"minecraft:oak_sapling":1,"minecraft:smoker":1,"minecraft:mangrove_roots":7,"minecraft:crafting_table":1,"minecraft:short_grass":7,"minecraft:grass_block":58,"minecraft:jungle_log":7,"minecraft:dead_bush":4,"minecraft:lectern":1,"minecraft:tall_grass":3,"minecraft:spruce_leaves":115,"minecraft:cyan_bed":3,"minecraft:composter":1,"minecraft:sugar_cane":48,"minecraft:sandstone":18,"minecraft:hay_block":25,"minecraft:lime_bed":7,"minecraft:furnace":2,"minecraft:carrots":6,"minecraft:iron_ore":22,"minecraft:wheat":1,"minecraft:chiseled_sandstone":2,"minecraft:spruce_log":132,"minecraft:moss_carpet":1,"minecraft:tnt":18,"minecraft:mangrove_leaves":2,"minecraft:oak_log":70,"minecraft:bell":1,"minecraft:bookshelf":9,"minecraft:potatoes":19,"minecraft:coal_ore":6,"minecraft:beetroots":1,"minecraft:vine":2,"minecraft:dirt":15,"minecraft:sand":129,"minecraft:smooth_sandstone_stairs":1,"minecraft:mangrove_log":11,"minecraft:stone":25,"minecraft:oak_leaves":15,"minecraft:green_bed":4},"minecraft:broken":{"minecraft:stone_shovel":1,"minecraft:stone_hoe":1},"minecraft:dropped":{"minecraft:stone_axe":1,"minecraft:mangrove_roots":3,"minecraft:cocoa_beans":4,"minecraft:smoker":1,"minecraft:apple":1,"minecraft:stick":2,"minecraft:dirt":1,"minecraft:potato":29,"minecraft:shield":1,"minecraft:cactus":1,"minecraft:smooth_sandstone":4},"minecraft:killed":{"minecraft:armadillo":1,"minecraft:husk":1,"minecraft:rabbit":5,"minecraft:spider":1,"minecraft:skeleton":2,"minecraft:zombie":5},"minecraft:used":{"minecraft:mangrove_boat":1,"minecraft:water_bucket":9,"minecraft:moss_carpet":3,"minecraft:iron_shovel":66,"minecraft:stone_sword":56,"minecraft:stone_shovel":131,"minecraft:stone_pickaxe":107,"minecraft:shield":9,"minecraft:chest":4,"minecraft:wooden_pickaxe":3,"minecraft:sandstone":2,"minecraft:cut_sandstone":1,"minecraft:sugar_cane":64,"minecraft:stone_hoe":131,"minecraft:rotten_flesh":11,"minecraft:dirt":16,"minecraft:sand":50,"minecraft:crafting_table":4,"minecraft:jungle_planks":13,"minecraft:carrot":6,"minecraft:dark_oak_planks":5,"minecraft:iron_axe":127,"minecraft:bread":14,"minecraft:spruce_sapling":17,"minecraft:stone_axe":118,"minecraft:cobblestone":6,"minecraft:goat_horn":2,"minecraft:furnace":3,"minecraft:bucket":10,"minecraft:cooked_rabbit":5,"minecraft:potato":34,"minecraft:bone_meal":99},"minecraft:picked_up":{"minecraft:cocoa_beans":4,"minecraft:lime_bed":7,"minecraft:crafting_table":1,"minecraft:jungle_log":7,"minecraft:cut_sandstone":6,"minecraft:smoker":1,"minecraft:potato":60,"minecraft:oak_log":70,"minecraft:dirt":65,"minecraft:moss_carpet":3,"minecraft:smooth_sandstone":4,"minecraft:mangrove_boat":1,"minecraft:bone":3,"minecraft:apple":1,"minecraft:wheat_seeds":1,"minecraft:bell":1,"minecraft:rabbit_hide":2,"minecraft:rabbit":5,"minecraft:lectern":1,"minecraft:sugar_cane":99,"minecraft:mangrove_log":11,"minecraft:furnace":2,"minecraft:book":27,"minecraft:stick":21,"minecraft:raw_iron":22,"minecraft:sandstone":17,"minecraft:composter":1,"minecraft:green_bed":4,"minecraft:sand":117,"minecraft:spruce_sapling":20,"minecraft:spruce_log":130,"minecraft:cyan_bed":3,"minecraft:carrot":20,"minecraft:dark_oak_planks":3,"minecraft:chiseled_sandstone":2,"minecraft:arrow":4,"minecraft:stone_pressure_plate":2,"minecraft:tnt":17,"minecraft:cactus":1,"minecraft:blue_terracotta":1,"minecraft:rotten_flesh":2,"minecraft:hay_block":25,"minecraft:mangrove_roots":8,"minecraft:bread":80,"minecraft:oak_sapling":37,"minecraft:coal":15,"minecraft:cobblestone":25},"minecraft:crafted":{"minecraft:oak_planks":24,"minecraft:stone_shovel":1,"minecraft:crafting_table":3,"minecraft:wooden_pickaxe":1,"minecraft:furnace":1,"minecraft:mangrove_boat":1,"minecraft:bone_meal":114,"minecraft:mangrove_planks":44,"minecraft:bucket":1,"minecraft:stone_axe":1,"minecraft:air":0,"minecraft:jungle_planks":28,"minecraft:shield":2,"minecraft:iron_axe":1,"minecraft:iron_shovel":1,"minecraft:stick":20,"minecraft:iron_ingot":22,"minecraft:stone_pickaxe":1,"minecraft:stone_sword":1,"minecraft:chest":4,"minecraft:sandstone":1,"minecraft:dark_oak_planks":24,"minecraft:stone_hoe":1,"minecraft:cooked_rabbit":4},"minecraft:custom":{"minecraft:interact_with_furnace":13,"minecraft:mob_kills":17,"minecraft:interact_with_crafting_table":17,"minecraft:leave_game":2,"minecraft:time_since_death":76681,"minecraft:sleep_in_bed":1,"minecraft:climb_one_cm":322,"minecraft:time_since_rest":8755,"minecraft:sprint_one_cm":241583,"minecraft:damage_taken":585,"minecraft:walk_one_cm":96721,"minecraft:damage_blocked_by_shield":295,"minecraft:drop":16,"minecraft:damage_dealt":2744,"minecraft:swim_one_cm":12308,"minecraft:fly_one_cm":457649,"minecraft:open_chest":39,"minecraft:crouch_one_cm":27703,"minecraft:play_time":76681,"minecraft:sneak_time":8343,"minecraft:walk_under_water_one_cm":4085,"minecraft:boat_one_cm":6531,"minecraft:jump":1930,"minecraft:walk_on_water_one_cm":8004,"minecraft:total_world_time":76681,"minecraft:fall_one_cm":59369,"minecraft:horse_one_cm":621797}},"DataVersion":3953}