{"stats":{"minecraft:mined":{"minecraft:dark_oak_planks":4,"minecraft:spruce_planks":4,"minecraft:stone_pressure_plate":2,"minecraft:oak_sapling":1,"minecraft:obsidian":4,"minecraft:granite":14,"minecraft:grass_block":58,"minecraft:jungle_log":7,"minecraft:composter":1,"minecraft:nether_wart":55,"minecraft:sandstone_stairs":1,"minecraft:spawner":1,"minecraft:raw_iron_block":4,"minecraft:glowstone":2,"minecraft:iron_ore":90,"minecraft:sticky_piston":2,"minecraft:fire":20,"minecraft:moss_carpet":1,"minecraft:deepslate_lapis_ore":2,"minecraft:fletching_table":9,"minecraft:enchanting_table":1,"minecraft:smooth_sandstone_stairs":25,"minecraft:spruce_slab":9,"minecraft:green_bed":5,"minecraft:deepslate_redstone_ore":13,"minecraft:cut_sandstone":30,"minecraft:jungle_door":1,"minecraft:smoker":1,"minecraft:torch":2,"minecraft:blast_furnace":1,"minecraft:chest":4,"minecraft:dead_bush":20,"minecraft:glass":1,"minecraft:cobblestone":33,"minecraft:sugar_cane":316,"minecraft:cyan_bed":14,"minecraft:smooth_sandstone_slab":14,"minecraft:wall_torch":2,"minecraft:wheat":1,"minecraft:tnt":27,"minecraft:oak_log":71,"minecraft:beetroots":1,"minecraft:oak_fence_gate":2,"minecraft:sand":1858,"minecraft:dirt":17,"minecraft:sandstone_wall":2,"minecraft:mangrove_log":11,"minecraft:dispenser":2,"minecraft:netherrack":31,"minecraft:oak_leaves":15,"minecraft:deepslate":40,"minecraft:tuff":109,"minecraft:deepslate_diamond_ore":12,"minecraft:mangrove_roots":7,"minecraft:nether_bricks":113,"minecraft:weeping_vines":1,"minecraft:spruce_leaves":323,"minecraft:cartography_table":1,"minecraft:sandstone":1661,"minecraft:crimson_stem":1,"minecraft:hay_block":25,"minecraft:spruce_sapling":92,"minecraft:furnace":4,"minecraft:carrots":434,"minecraft:chiseled_sandstone":2,"minecraft:andesite":5,"minecraft:bell":1,"minecraft:nether_brick_fence":14,"minecraft:bookshelf":10,"minecraft:potatoes":28,"minecraft:deepslate_iron_ore":108,"minecraft:cobblestone_slab":7,"minecraft:vine":2,"minecraft:rail":19,"minecraft:warped_stem":1,"minecraft:bamboo":59,"minecraft:stone":98,"minecraft:bone_block":7,"minecraft:jungle_fence_gate":3,"minecraft:smithing_table":1,"minecraft:podzol":1,"minecraft:oak_slab":3,"minecraft:scaffolding":8,"minecraft:soul_sand":32,"minecraft:smooth_sandstone":127,"minecraft:crafting_table":2,"minecraft:short_grass":18,"minecraft:lectern":150,"minecraft:tall_grass":5,"minecraft:deepslate_gold_ore":20,"minecraft:diorite":3,"minecraft:cactus":9,"minecraft:lime_bed":18,"minecraft:spruce_log":2104,"minecraft:mangrove_leaves":2,"minecraft:coal_ore":88,"minecraft:gravel":157,"minecraft:terracotta":25},"minecraft:broken":{"minecraft:iron_shovel":3,"minecraft:iron_sword":1,"minecraft:stone_shovel":1,"minecraft:golden_chestplate":1,"minecraft:stone_hoe":1,"minecraft:iron_axe":3,"minecraft:iron_pickaxe":1},"minecraft:dropped":{"minecraft:iron_sword":2,"minecraft:diamond_axe":2,"minecraft:crafting_table":1,"minecraft:sandstone_stairs":8,"minecraft:sandstone_slab":12,"minecraft:crossbow":1,"minecraft:mangrove_planks":3,"minecraft:saddle":1,"minecraft:rail":1,"minecraft:dirt":2,"minecraft:cut_sandstone":36,"minecraft:mangrove_boat":1,"minecraft:bone_meal":2,"minecraft:bone_block":10,"minecraft:sand":155,"minecraft:sugar":6,"minecraft:iron_pickaxe":4,"minecraft:white_wool":6,"minecraft:bone":2,"minecraft:stone_axe":3,"minecraft:mangrove_roots":8,"minecraft:cobbled_deepslate":5,"minecraft:smooth_sandstone_stairs":30,"minecraft:rotten_flesh":26,"minecraft:oak_planks":1,"minecraft:glowstone_dust":38,"minecraft:nether_brick_fence":26,"minecraft:carrot":1250,"minecraft:sandstone_wall":104,"minecraft:rabbit_hide":2,"minecraft:spruce_pressure_plate":64,"minecraft:arrow":18,"minecraft:glass":116,"minecraft:warped_wart_block":1,"minecraft:scaffolding":133,"minecraft:green_stained_glass":224,"minecraft:netherrack":20,"minecraft:water_bucket":1,"minecraft:stone_hoe":13,"minecraft:bread":159,"minecraft:oak_slab":74,"minecraft:wheat_seeds":4,"minecraft:golden_helmet":2,"minecraft:diamond_leggings":1,"minecraft:iron_helmet":19,"minecraft:feather":6,"minecraft:cobblestone":2,"minecraft:apple":1,"minecraft:granite":16,"minecraft:golden_apple":2,"minecraft:stick":46,"minecraft:diorite":4,"minecraft:torch":1,"minecraft:jungle_door":1,"minecraft:diamond_helmet":1,"minecraft:smooth_sandstone_slab":35,"minecraft:iron_axe":4,"minecraft:cactus":9,"minecraft:iron_shovel":2,"minecraft:string":9,"minecraft:smooth_sandstone":198,"minecraft:spruce_sapling":2,"minecraft:chiseled_sandstone":2,"minecraft:blue_terracotta":1,"minecraft:oak_trapdoor":6,"minecraft:stone_sword":5,"minecraft:cobblestone_wall":22,"minecraft:cocoa_beans":4,"minecraft:stone_shovel":2,"minecraft:chicken":4,"minecraft:iron_hoe":3,"minecraft:smoker":1,"minecraft:flint_and_steel":1,"minecraft:potato":29,"minecraft:cobblestone_slab":34,"minecraft:shield":11,"minecraft:oak_button":20,"minecraft:diamond_chestplate":1,"minecraft:diamond_pickaxe":2,"minecraft:andesite":28,"minecraft:oak_boat":2,"minecraft:stone_pressure_plate":2,"minecraft:spider_eye":17,"minecraft:bamboo":9,"minecraft:diamond_boots":1,"minecraft:sandstone":188,"minecraft:bow":7,"minecraft:stone_pickaxe":2,"minecraft:wooden_pickaxe":2,"minecraft:magma_cream":2,"minecraft:black_wool":1,"minecraft:terracotta":35},"minecraft:killed":{"minecraft:cave_spider":4,"minecraft:spider":37,"minecraft:skeleton":91,"minecraft:magma_cube":13,"minecraft:creeper":15,"minecraft:zombie":14,"minecraft:donkey":1,"minecraft:blaze":23,"minecraft:cow":20,"minecraft:armadillo":1,"minecraft:horse":12,"minecraft:husk":31,"minecraft:rabbit":5,"minecraft:enderman":1},"minecraft:used":{"minecraft:moss_carpet":3,"minecraft:iron_shovel":791,"minecraft:spruce_slab":141,"minecraft:ladder":12,"minecraft:chest":37,"minecraft:shield":79,"minecraft:iron_sword":274,"minecraft:nether_wart":73,"minecraft:smooth_sandstone_stairs":4,"minecraft:rotten_flesh":11,"minecraft:soul_sand":31,"minecraft:jungle_planks":13,"minecraft:nether_bricks":109,"minecraft:carrot":524,"minecraft:tuff":21,"minecraft:glass":2,"minecraft:lava_bucket":12,"minecraft:jungle_fence_gate":3,"minecraft:item_frame":13,"minecraft:scaffolding":14,"minecraft:furnace":7,"minecraft:potato":34,"minecraft:diorite":3,"minecraft:stone_pickaxe":108,"minecraft:cactus":12,"minecraft:wooden_pickaxe":3,"minecraft:sandstone":85,"minecraft:sugar_cane":161,"minecraft:diamond_axe":1863,"minecraft:sand":302,"minecraft:blast_furnace":3,"minecraft:bread":172,"minecraft:cyan_bed":14,"minecraft:lectern":155,"minecraft:gravel":118,"minecraft:golden_helmet":1,"minecraft:diamond_sword":58,"minecraft:grindstone":1,"minecraft:smithing_table":2,"minecraft:cooked_rabbit":5,"minecraft:andesite":4,"minecraft:oak_boat":3,"minecraft:bone_meal":557,"minecraft:experience_bottle":1,"minecraft:enchanting_table":2,"minecraft:stone_sword":124,"minecraft:stone_shovel":131,"minecraft:spruce_planks":13,"minecraft:stone_hoe":137,"minecraft:sandstone_wall":26,"minecraft:netherrack":22,"minecraft:torch":5,"minecraft:dirt":82,"minecraft:anvil":1,"minecraft:hopper":5,"minecraft:diamond_helmet":1,"minecraft:granite":7,"minecraft:oak_fence_gate":8,"minecraft:iron_hoe":54,"minecraft:dark_oak_planks":5,"minecraft:bookshelf":16,"minecraft:iron_axe":764,"minecraft:smooth_sandstone":19,"minecraft:bamboo":70,"minecraft:diamond_chestplate":1,"minecraft:goat_horn":2,"minecraft:cooked_beef":12,"minecraft:cobbled_deepslate":24,"minecraft:mangrove_boat":1,"minecraft:water_bucket":116,"minecraft:sandstone_stairs":3,"minecraft:smooth_sandstone_slab":4,"minecraft:cut_sandstone":5,"minecraft:green_bed":7,"minecraft:fletching_table":17,"minecraft:cobblestone_slab":77,"minecraft:terracotta":5,"minecraft:oak_slab":32,"minecraft:lime_bed":18,"minecraft:crafting_table":9,"minecraft:white_bed":9,"minecraft:spruce_log":21,"minecraft:diamond_pickaxe":2286,"minecraft:diamond_shovel":1189,"minecraft:iron_pickaxe":679,"minecraft:spruce_sapling":209,"minecraft:stone_axe":118,"minecraft:crimson_sign":4,"minecraft:cobblestone":173,"minecraft:bucket":131,"minecraft:sandstone_slab":4},"minecraft:picked_up":{"minecraft:nether_brick_fence":48,"minecraft:smithing_table":1,"minecraft:string":54,"minecraft:gold_nugget":64,"minecraft:cobbled_deepslate":39,"minecraft:spruce_planks":4,"minecraft:cobblestone_slab":10,"minecraft:iron_pickaxe":2,"minecraft:furnace":4,"minecraft:mangrove_log":11,"minecraft:crimson_sign":1,"minecraft:golden_helmet":1,"minecraft:stick":187,"minecraft:jungle_door":1,"minecraft:composter":1,"minecraft:torch":5,"minecraft:green_bed":5,"minecraft:sandstone_wall":2,"minecraft:diorite":3,"minecraft:golden_chestplate":1,"minecraft:stone_sword":2,"minecraft:cactus":13,"minecraft:rotten_flesh":19,"minecraft:mangrove_roots":8,"minecraft:blaze_rod":17,"minecraft:obsidian":4,"minecraft:cobblestone":101,"minecraft:enchanting_table":1,"minecraft:cooked_beef":40,"minecraft:magma_cream":3,"minecraft:andesite":8,"minecraft:water_bucket":1,"minecraft:jungle_log":7,"minecraft:smoker":1,"minecraft:potato":80,"minecraft:flint":43,"minecraft:tuff":99,"minecraft:smooth_sandstone_stairs":34,"minecraft:lapis_lazuli":24,"minecraft:dirt":438,"minecraft:bone":157,"minecraft:bow":8,"minecraft:wheat_seeds":4,"minecraft:raw_gold":39,"minecraft:bell":1,"minecraft:fletching_table":9,"minecraft:rabbit":5,"minecraft:glowstone_dust":81,"minecraft:bamboo":214,"minecraft:stone_hoe":11,"minecraft:warped_wart_block":1,"minecraft:sand":1795,"minecraft:cyan_bed":13,"minecraft:chiseled_sandstone":2,"minecraft:iron_hoe":2,"minecraft:dispenser":2,"minecraft:blue_terracotta":1,"minecraft:diamond":22,"minecraft:granite":15,"minecraft:bone_meal":1,"minecraft:golden_apple":1,"minecraft:bread":191,"minecraft:oak_sapling":37,"minecraft:netherrack":54,"minecraft:cocoa_beans":4,"minecraft:crafting_table":3,"minecraft:sandstone_slab":2,"minecraft:nether_wart":259,"minecraft:shield":2,"minecraft:moss_carpet":3,"minecraft:iron_axe":4,"minecraft:iron_shovel":1,"minecraft:cartography_table":1,"minecraft:beef":38,"minecraft:oak_boat":2,"minecraft:spruce_slab":9,"minecraft:lectern":150,"minecraft:sugar_cane":539,"minecraft:chest":10,"minecraft:raw_iron":400,"minecraft:sandstone":1487,"minecraft:stone":23,"minecraft:jungle_fence_gate":3,"minecraft:carrot":1875,"minecraft:redstone":78,"minecraft:stone_pressure_plate":2,"minecraft:dark_oak_planks":3,"minecraft:smooth_sandstone_slab":13,"minecraft:tnt":26,"minecraft:arrow":124,"minecraft:nether_bricks":151,"minecraft:hay_block":25,"minecraft:sandstone_stairs":3,"minecraft:saddle":7,"minecraft:gold_ingot":5,"minecraft:bone_block":20,"minecraft:rail":19,"minecraft:white_wool":4,"minecraft:lime_bed":18,"minecraft:crimson_stem":7,"minecraft:cut_sandstone":41,"minecraft:leather":28,"minecraft:oak_log":70,"minecraft:gunpowder":13,"minecraft:smooth_sandstone":207,"minecraft:mangrove_boat":1,"minecraft:apple":1,"minecraft:warped_stem":1,"minecraft:rabbit_hide":2,"minecraft:iron_ingot":49,"minecraft:oak_fence_gate":2,"minecraft:iron_sword":4,"minecraft:soul_sand":51,"minecraft:book":30,"minecraft:scaffolding":3,"minecraft:oak_slab":3,"minecraft:raw_iron_block":4,"minecraft:gravel":118,"minecraft:lava_bucket":1,"minecraft:spruce_sapling":256,"minecraft:blast_furnace":1,"minecraft:spruce_log":2078,"minecraft:spider_eye":17,"minecraft:iron_helmet":9,"minecraft:diamond_axe":1,"minecraft:terracotta":40,"minecraft:coal":165},"minecraft:killed_by":{"minecraft:blaze":1},"minecraft:custom":{"minecraft:interact_with_crafting_table":105,"minecraft:open_barrel":1,"minecraft:leave_game":10,"minecraft:time_since_death":323698,"minecraft:sprint_one_cm":1621619,"minecraft:damage_blocked_by_shield":2134,"minecraft:drop":324,"minecraft:talked_to_villager":349,"minecraft:play_time":475743,"minecraft:deaths":1,"minecraft:jump":12034,"minecraft:walk_on_water_one_cm":46145,"minecraft:enchant_item":16,"minecraft:interact_with_furnace":189,"minecraft:traded_with_villager":757,"minecraft:sleep_in_bed":17,"minecraft:damage_dealt":48772,"minecraft:crouch_one_cm":208420,"minecraft:interact_with_smoker":9,"minecraft:inspect_dispenser":1,"minecraft:horse_one_cm":897920,"minecraft:interact_with_smithing_table":2,"minecraft:interact_with_anvil":1,"minecraft:mob_kills":279,"minecraft:climb_one_cm":12099,"minecraft:walk_one_cm":703468,"minecraft:sneak_time":62295,"minecraft:walk_under_water_one_cm":17652,"minecraft:boat_one_cm":10500,"minecraft:interact_with_blast_furnace":31,"minecraft:total_world_time":475743,"minecraft:interact_with_grindstone":6,"minecraft:time_since_rest":34054,"minecraft:damage_taken":6519,"minecraft:swim_one_cm":31404,"minecraft:fly_one_cm":2808376,"minecraft:open_chest":494,"minecraft:fall_one_cm":294495},"minecraft:crafted":{"minecraft:grindstone":1,"minecraft:smooth_stone":10,"minecraft:oak_planks":552,"minecraft:cobblestone_slab":102,"minecraft:crimson_sign":3,"minecraft:mangrove_boat":1,"minecraft:diamond_shovel":1,"minecraft:bookshelf":24,"minecraft:spruce_pressure_plate":64,"minecraft:warped_planks":4,"minecraft:green_dye":78,"minecraft:glass":394,"minecraft:hopper":7,"minecraft:diamond_helmet":2,"minecraft:bow":2,"minecraft:diamond_leggings":2,"minecraft:chest":40,"minecraft:oak_button":20,"minecraft:stone_hoe":13,"minecraft:cooked_rabbit":4,"minecraft:item_frame":13,"minecraft:emerald":911,"minecraft:diamond_axe":2,"minecraft:crafting_table":7,"minecraft:spruce_planks":10772,"minecraft:wooden_pickaxe":1,"minecraft:iron_helmet":10,"minecraft:smithing_table":1,"minecraft:fletching_table":8,"minecraft:green_stained_glass":224,"minecraft:lectern":6,"minecraft:book":19,"minecraft:diamond_pickaxe":4,"minecraft:paper":255,"minecraft:charcoal":154,"minecraft:emerald_block":56,"minecraft:shield":12,"minecraft:stone_slab":6,"minecraft:stick":20672,"minecraft:iron_ingot":344,"minecraft:iron_pickaxe":3,"minecraft:iron_block":3,"minecraft:stone_sword":1,"minecraft:gold_ingot":6,"minecraft:sandstone":209,"minecraft:sandstone_stairs":4,"minecraft:raw_iron":36,"minecraft:stone_shovel":1,"minecraft:furnace":5,"minecraft:blast_furnace":2,"minecraft:bone_meal":588,"minecraft:scaffolding":144,"minecraft:iron_axe":5,"minecraft:ladder":15,"minecraft:iron_hoe":1,"minecraft:spruce_slab":156,"minecraft:stone_pickaxe":1,"minecraft:diamond_boots":2,"minecraft:dark_oak_planks":24,"minecraft:golden_helmet":1,"minecraft:wheat":459,"minecraft:crimson_planks":20,"minecraft:diamond_sword":2,"minecraft:enchanting_table":1,"minecraft:iron_sword":1,"minecraft:sandstone_slab":6,"minecraft:mangrove_planks":44,"minecraft:bucket":3,"minecraft:stone_axe":1,"minecraft:enchanted_book":3,"minecraft:air":0,"minecraft:bread":153,"minecraft:jungle_planks":28,"minecraft:oak_fence_gate":6,"minecraft:oak_boat":1,"minecraft:sandstone_wall":54,"minecraft:white_wool":28,"minecraft:iron_shovel":4,"minecraft:anvil":1,"minecraft:white_bed":9,"minecraft:torch":24,"minecraft:diamond_chestplate":2}},"DataVersion":3953}