{"stats":{"minecraft:mined":{"minecraft:dark_oak_planks":4,"minecraft:spruce_planks":4,"minecraft:white_bed":3,"minecraft:stone_pressure_plate":2,"minecraft:oak_sapling":1,"minecraft:cherry_log":96,"minecraft:cobblestone_stairs":2,"minecraft:obsidian":28,"minecraft:granite":16,"minecraft:grass_block":58,"minecraft:jungle_log":7,"minecraft:composter":1,"minecraft:spawner":3,"minecraft:nether_wart":116,"minecraft:sandstone_stairs":1,"minecraft:raw_iron_block":5,"minecraft:glowstone":2,"minecraft:iron_ore":278,"minecraft:sticky_piston":2,"minecraft:fire":35,"minecraft:cobbled_deepslate":4,"minecraft:moss_carpet":1,"minecraft:deepslate_lapis_ore":29,"minecraft:fletching_table":9,"minecraft:enchanting_table":1,"minecraft:iron_bars":3,"minecraft:smooth_sandstone_stairs":25,"minecraft:spruce_slab":9,"minecraft:green_bed":5,"minecraft:deepslate_redstone_ore":25,"minecraft:sandstone_slab":2,"minecraft:cut_sandstone":30,"minecraft:jungle_door":1,"minecraft:smoker":1,"minecraft:soul_fire":2,"minecraft:orange_terracotta":1,"minecraft:torch":2,"minecraft:blast_furnace":6,"minecraft:chest":4,"minecraft:dead_bush":33,"minecraft:glass":1,"minecraft:cobblestone":158,"minecraft:oak_planks":1,"minecraft:sugar_cane":1030,"minecraft:cyan_bed":14,"minecraft:iron_door":11,"minecraft:smooth_sandstone_slab":14,"minecraft:wall_torch":3,"minecraft:blue_terracotta":1,"minecraft:wheat":1,"minecraft:tnt":27,"minecraft:oak_log":76,"minecraft:beetroots":1,"minecraft:oak_fence_gate":2,"minecraft:sand":2792,"minecraft:dirt":62,"minecraft:sandstone_wall":2,"minecraft:mangrove_log":11,"minecraft:wither_skeleton_skull":1,"minecraft:dispenser":2,"minecraft:netherrack":164,"minecraft:oak_leaves":15,"minecraft:deepslate":412,"minecraft:diamond_ore":1,"minecraft:tuff":154,"minecraft:mossy_cobblestone":3,"minecraft:deepslate_diamond_ore":55,"minecraft:mangrove_roots":7,"minecraft:end_stone":8,"minecraft:shulker_box":23,"minecraft:nether_bricks":257,"minecraft:glow_lichen":1,"minecraft:crimson_roots":1,"minecraft:weeping_vines":1,"minecraft:spruce_leaves":349,"minecraft:cartography_table":1,"minecraft:sandstone":2685,"minecraft:crimson_stem":1,"minecraft:hay_block":25,"minecraft:spruce_sapling":92,"minecraft:furnace":12,"minecraft:carrots":674,"minecraft:chiseled_sandstone":2,"minecraft:andesite":16,"minecraft:bell":1,"minecraft:nether_brick_fence":17,"minecraft:bookshelf":291,"minecraft:potatoes":28,"minecraft:cobblestone_slab":7,"minecraft:deepslate_iron_ore":281,"minecraft:vine":2,"minecraft:rail":19,"minecraft:warped_stem":1,"minecraft:bamboo":461,"minecraft:stone":490,"minecraft:bone_block":7,"minecraft:jungle_fence_gate":3,"minecraft:ender_chest":2,"minecraft:podzol":1,"minecraft:smithing_table":1,"minecraft:oak_slab":3,"minecraft:scaffolding":24,"minecraft:soul_sand":35,"minecraft:infested_stone_bricks":2,"minecraft:smooth_sandstone":127,"minecraft:crafting_table":2,"minecraft:short_grass":18,"minecraft:lectern":150,"minecraft:copper_ore":2,"minecraft:tall_grass":5,"minecraft:deepslate_coal_ore":1,"minecraft:lapis_ore":3,"minecraft:deepslate_gold_ore":65,"minecraft:diorite":7,"minecraft:cactus":9,"minecraft:lime_bed":18,"minecraft:spruce_log":3689,"minecraft:mangrove_leaves":2,"minecraft:coal_ore":159,"minecraft:cherry_leaves":1370,"minecraft:gravel":192,"minecraft:cobweb":2,"minecraft:cracked_stone_bricks":7,"minecraft:terracotta":25,"minecraft:stone_bricks":32,"minecraft:mossy_stone_bricks":14},"minecraft:broken":{"minecraft:iron_shovel":3,"minecraft:shears":5,"minecraft:iron_sword":1,"minecraft:stone_shovel":1,"minecraft:golden_chestplate":1,"minecraft:stone_hoe":1,"minecraft:iron_axe":3,"minecraft:iron_pickaxe":1},"minecraft:dropped":{"minecraft:iron_sword":2,"minecraft:diamond_axe":5,"minecraft:glow_ink_sac":1,"minecraft:glass_bottle":11,"minecraft:ender_pearl":14,"minecraft:diamond":2,"minecraft:crafting_table":1,"minecraft:sandstone_stairs":8,"minecraft:sandstone_slab":12,"minecraft:crossbow":2,"minecraft:lantern":5,"minecraft:cracked_stone_bricks":6,"minecraft:mangrove_planks":3,"minecraft:saddle":1,"minecraft:elytra":3,"minecraft:rail":1,"minecraft:dragon_breath":2,"minecraft:cobblestone_stairs":5,"minecraft:emerald":106,"minecraft:flint":12,"minecraft:dirt":2,"minecraft:stone_button":22,"minecraft:crimson_roots":1,"minecraft:cut_sandstone":36,"minecraft:mangrove_boat":1,"minecraft:bone_meal":2,"minecraft:bone_block":10,"minecraft:sand":158,"minecraft:sugar":6,"minecraft:iron_pickaxe":4,"minecraft:white_wool":6,"minecraft:bone":25,"minecraft:gravel":6,"minecraft:stone_axe":3,"minecraft:sugar_cane":1,"minecraft:mangrove_roots":8,"minecraft:cobbled_deepslate":5,"minecraft:smooth_sandstone_stairs":30,"minecraft:obsidian":8,"minecraft:rotten_flesh":69,"minecraft:oak_planks":1,"minecraft:diamond_shovel":1,"minecraft:glowstone_dust":38,"minecraft:nether_brick_fence":27,"minecraft:carrot":1285,"minecraft:sandstone_wall":104,"minecraft:rabbit_hide":2,"minecraft:tipped_arrow":5,"minecraft:gunpowder":93,"minecraft:spruce_pressure_plate":64,"minecraft:chainmail_boots":2,"minecraft:arrow":40,"minecraft:glass":127,"minecraft:warped_wart_block":1,"minecraft:scaffolding":235,"minecraft:green_stained_glass":224,"minecraft:netherrack":20,"minecraft:firework_rocket":620,"minecraft:stone_hoe":13,"minecraft:water_bucket":1,"minecraft:enchanted_book":6,"minecraft:iron_ingot":64,"minecraft:bread":159,"minecraft:oak_slab":74,"minecraft:wheat_seeds":11,"minecraft:golden_helmet":2,"minecraft:diamond_leggings":2,"minecraft:feather":6,"minecraft:iron_helmet":19,"minecraft:cobblestone":106,"minecraft:book":4,"minecraft:apple":1,"minecraft:granite":16,"minecraft:golden_apple":2,"minecraft:stick":104,"minecraft:diorite":4,"minecraft:golden_carrot":64,"minecraft:torch":5,"minecraft:rabbit":1,"minecraft:jungle_door":1,"minecraft:diamond_helmet":2,"minecraft:smooth_sandstone_slab":35,"minecraft:iron_axe":4,"minecraft:cactus":9,"minecraft:iron_shovel":2,"minecraft:chainmail_leggings":1,"minecraft:paper":207,"minecraft:string":27,"minecraft:smooth_sandstone":198,"minecraft:spruce_sapling":3,"minecraft:chiseled_sandstone":2,"minecraft:blue_terracotta":2,"minecraft:oak_trapdoor":6,"minecraft:blaze_rod":67,"minecraft:stone_sword":14,"minecraft:cobblestone_wall":22,"minecraft:cocoa_beans":4,"minecraft:bowl":1,"minecraft:stone_shovel":3,"minecraft:chicken":4,"minecraft:iron_hoe":3,"minecraft:smoker":1,"minecraft:shulker_box":4,"minecraft:flint_and_steel":1,"minecraft:suspicious_stew":2,"minecraft:diamond_sword":3,"minecraft:cobblestone_slab":34,"minecraft:potato":29,"minecraft:shield":12,"minecraft:oak_button":20,"minecraft:diamond_chestplate":5,"minecraft:orange_terracotta":1,"minecraft:diamond_pickaxe":5,"minecraft:andesite":33,"minecraft:mossy_stone_bricks":2,"minecraft:oak_boat":2,"minecraft:golden_sword":2,"minecraft:stone_pressure_plate":2,"minecraft:stone_bricks":17,"minecraft:spider_eye":26,"minecraft:bamboo":17,"minecraft:diamond_boots":3,"minecraft:sandstone":189,"minecraft:bow":8,"minecraft:stone_pickaxe":2,"minecraft:wooden_pickaxe":2,"minecraft:magma_cream":5,"minecraft:black_wool":1,"minecraft:terracotta":35},"minecraft:killed":{"minecraft:cave_spider":5,"minecraft:zombified_piglin":23,"minecraft:spider":48,"minecraft:skeleton":125,"minecraft:silverfish":1,"minecraft:magma_cube":22,"minecraft:ender_dragon":1,"minecraft:creeper":32,"minecraft:trader_llama":2,"minecraft:pillager":4,"minecraft:donkey":1,"minecraft:zombie":49,"minecraft:blaze":59,"minecraft:cow":20,"minecraft:armadillo":1,"minecraft:vindicator":1,"minecraft:horse":12,"minecraft:husk":54,"minecraft:rabbit":7,"minecraft:ravager":1,"minecraft:wither_skeleton":87,"minecraft:enderman":9},"minecraft:used":{"minecraft:moss_carpet":3,"minecraft:cherry_sapling":7,"minecraft:nether_brick_fence":2,"minecraft:iron_shovel":791,"minecraft:elytra":42,"minecraft:spruce_slab":141,"minecraft:ladder":12,"minecraft:shield":97,"minecraft:chest":38,"minecraft:iron_sword":274,"minecraft:stone":6,"minecraft:nether_wart":133,"minecraft:smooth_sandstone_stairs":4,"minecraft:rotten_flesh":11,"minecraft:soul_sand":37,"minecraft:jungle_planks":13,"minecraft:nether_bricks":245,"minecraft:carrot":766,"minecraft:tuff":31,"minecraft:obsidian":12,"minecraft:glass":2,"minecraft:lava_bucket":14,"minecraft:jungle_fence_gate":3,"minecraft:cherry_leaves":411,"minecraft:stone_bricks":20,"minecraft:item_frame":15,"minecraft:deepslate_diamond_ore":2,"minecraft:scaffolding":227,"minecraft:furnace":19,"minecraft:potato":34,"minecraft:diorite":7,"minecraft:diamond_boots":5,"minecraft:mossy_stone_bricks":8,"minecraft:wither_skeleton_skull":5,"minecraft:cactus":12,"minecraft:stone_pickaxe":108,"minecraft:ender_pearl":9,"minecraft:wooden_pickaxe":3,"minecraft:sandstone":795,"minecraft:sugar_cane":224,"minecraft:diamond_axe":3873,"minecraft:golden_apple":1,"minecraft:sand":331,"minecraft:blast_furnace":12,"minecraft:shears":1361,"minecraft:firework_rocket":149,"minecraft:bread":172,"minecraft:cyan_bed":14,"minecraft:lectern":155,"minecraft:deepslate":66,"minecraft:iron_door":11,"minecraft:gravel":118,"minecraft:golden_helmet":1,"minecraft:cooked_rabbit":5,"minecraft:diamond_sword":1303,"minecraft:andesite":7,"minecraft:pufferfish_bucket":14,"minecraft:oak_boat":3,"minecraft:grindstone":1,"minecraft:bone_meal":594,"minecraft:smithing_table":2,"minecraft:experience_bottle":176,"minecraft:iron_bars":7,"minecraft:stone_sword":124,"minecraft:enchanting_table":2,"minecraft:flint_and_steel":3,"minecraft:stone_shovel":131,"minecraft:spruce_planks":22,"minecraft:ender_chest":2,"minecraft:stone_hoe":137,"minecraft:sandstone_wall":26,"minecraft:netherrack":128,"minecraft:torch":7,"minecraft:dirt":132,"minecraft:anvil":2,"minecraft:white_carpet":125,"minecraft:hopper":14,"minecraft:diamond_helmet":3,"minecraft:shulker_box":25,"minecraft:granite":8,"minecraft:oak_fence_gate":8,"minecraft:iron_hoe":54,"minecraft:dark_oak_planks":5,"minecraft:bookshelf":64,"minecraft:iron_axe":764,"minecraft:smooth_sandstone":19,"minecraft:bamboo":155,"minecraft:diamond_chestplate":43,"minecraft:golden_carrot":137,"minecraft:goat_horn":3,"minecraft:cooked_beef":20,"minecraft:cobbled_deepslate":182,"minecraft:mangrove_boat":1,"minecraft:water_bucket":322,"minecraft:sandstone_stairs":3,"minecraft:smooth_sandstone_slab":4,"minecraft:cut_sandstone":5,"minecraft:green_bed":7,"minecraft:fletching_table":17,"minecraft:cobblestone_slab":77,"minecraft:cracked_stone_bricks":1,"minecraft:terracotta":5,"minecraft:lime_bed":18,"minecraft:tnt":20,"minecraft:crafting_table":10,"minecraft:oak_slab":32,"minecraft:white_bed":12,"minecraft:spruce_log":30,"minecraft:diamond_pickaxe":5575,"minecraft:diamond_shovel":2166,"minecraft:iron_pickaxe":679,"minecraft:spruce_sapling":222,"minecraft:stone_axe":118,"minecraft:crimson_sign":4,"minecraft:cobblestone":348,"minecraft:bucket":353,"minecraft:sandstone_slab":12,"minecraft:diamond_leggings":2},"minecraft:picked_up":{"minecraft:chainmail_boots":3,"minecraft:ender_chest":2,"minecraft:nether_brick_fence":51,"minecraft:suspicious_stew":2,"minecraft:lead":2,"minecraft:diamond_sword":5,"minecraft:smithing_table":1,"minecraft:enchanted_book":4,"minecraft:golden_sword":2,"minecraft:string":72,"minecraft:gold_nugget":90,"minecraft:cobbled_deepslate":256,"minecraft:spruce_planks":4,"minecraft:cobblestone_slab":10,"minecraft:iron_pickaxe":2,"minecraft:mangrove_log":11,"minecraft:crimson_sign":1,"minecraft:furnace":12,"minecraft:golden_helmet":1,"minecraft:tipped_arrow":7,"minecraft:stick":265,"minecraft:jungle_door":1,"minecraft:composter":1,"minecraft:torch":12,"minecraft:green_bed":5,"minecraft:sandstone_wall":2,"minecraft:cherry_log":96,"minecraft:diorite":7,"minecraft:golden_chestplate":1,"minecraft:rabbit_foot":1,"minecraft:cactus":13,"minecraft:stone_sword":11,"minecraft:rotten_flesh":94,"minecraft:mangrove_roots":8,"minecraft:blaze_rod":151,"minecraft:obsidian":32,"minecraft:iron_bars":7,"minecraft:cobblestone":471,"minecraft:enchanting_table":1,"minecraft:jungle_log":7,"minecraft:water_bucket":1,"minecraft:cooked_beef":40,"minecraft:magma_cream":6,"minecraft:iron_door":11,"minecraft:cherry_leaves":1363,"minecraft:andesite":17,"minecraft:smoker":1,"minecraft:potato":80,"minecraft:flint":56,"minecraft:tuff":124,"minecraft:smooth_sandstone_stairs":34,"minecraft:wither_skeleton_skull":5,"minecraft:lapis_lazuli":462,"minecraft:dirt":454,"minecraft:glass":9,"minecraft:bone":381,"minecraft:bow":9,"minecraft:wheat_seeds":11,"minecraft:raw_gold":126,"minecraft:bell":1,"minecraft:diamond_helmet":2,"minecraft:bamboo":3667,"minecraft:mossy_stone_bricks":13,"minecraft:fletching_table":9,"minecraft:rabbit":7,"minecraft:glowstone_dust":81,"minecraft:oak_planks":1,"minecraft:stone_hoe":11,"minecraft:warped_wart_block":1,"minecraft:sand":2746,"minecraft:cyan_bed":13,"minecraft:chiseled_sandstone":2,"minecraft:shulker_box":26,"minecraft:mossy_cobblestone":3,"minecraft:iron_hoe":2,"minecraft:dispenser":2,"minecraft:blue_terracotta":2,"minecraft:deepslate":178,"minecraft:diamond":107,"minecraft:crossbow":1,"minecraft:granite":16,"minecraft:bone_meal":1,"minecraft:golden_apple":1,"minecraft:bread":191,"minecraft:oak_sapling":37,"minecraft:netherrack":180,"minecraft:charcoal":34,"minecraft:crimson_roots":1,"minecraft:cocoa_beans":4,"minecraft:diamond_pickaxe":3,"minecraft:crafting_table":3,"minecraft:sandstone_slab":4,"minecraft:nether_wart":505,"minecraft:shield":5,"minecraft:dragon_breath":2,"minecraft:moss_carpet":3,"minecraft:elytra":4,"minecraft:iron_axe":4,"minecraft:flint_and_steel":1,"minecraft:item_frame":2,"minecraft:iron_shovel":1,"minecraft:cracked_stone_bricks":13,"minecraft:cartography_table":1,"minecraft:deepslate_diamond_ore":2,"minecraft:beef":38,"minecraft:oak_boat":2,"minecraft:spruce_slab":9,"minecraft:lectern":150,"minecraft:sugar_cane":1831,"minecraft:chest":10,"minecraft:raw_iron":1234,"minecraft:sandstone":2485,"minecraft:stone":239,"minecraft:bowl":1,"minecraft:stone_button":22,"minecraft:cookie":1,"minecraft:jungle_fence_gate":3,"minecraft:carrot":3161,"minecraft:redstone":150,"minecraft:stone_pressure_plate":2,"minecraft:dark_oak_planks":3,"minecraft:smooth_sandstone_slab":13,"minecraft:tnt":26,"minecraft:arrow":162,"minecraft:stone_shovel":1,"minecraft:diamond_chestplate":5,"minecraft:nether_bricks":287,"minecraft:diamond_boots":1,"minecraft:hay_block":25,"minecraft:sandstone_stairs":3,"minecraft:saddle":9,"minecraft:gold_ingot":5,"minecraft:bone_block":20,"minecraft:rail":19,"minecraft:white_wool":4,"minecraft:lime_bed":18,"minecraft:golden_carrot":9,"minecraft:glow_ink_sac":2,"minecraft:crimson_stem":7,"minecraft:leather":31,"minecraft:cut_sandstone":41,"minecraft:oak_log":86,"minecraft:gunpowder":42,"minecraft:cobblestone_stairs":5,"minecraft:paper":79,"minecraft:orange_terracotta":1,"minecraft:smooth_sandstone":207,"minecraft:mangrove_boat":1,"minecraft:apple":1,"minecraft:stone_bricks":52,"minecraft:warped_stem":1,"minecraft:rabbit_hide":2,"minecraft:iron_ingot":213,"minecraft:oak_fence_gate":2,"minecraft:iron_sword":4,"minecraft:soul_sand":57,"minecraft:book":890,"minecraft:scaffolding":319,"minecraft:oak_slab":3,"minecraft:raw_iron_block":5,"minecraft:gravel":139,"minecraft:lava_bucket":1,"minecraft:spruce_sapling":341,"minecraft:blast_furnace":6,"minecraft:white_bed":3,"minecraft:spruce_log":4230,"minecraft:spider_eye":26,"minecraft:dragon_egg":1,"minecraft:firework_rocket":226,"minecraft:diamond_shovel":1,"minecraft:chainmail_leggings":1,"minecraft:iron_helmet":9,"minecraft:diamond_axe":4,"minecraft:cherry_sapling":14,"minecraft:terracotta":40,"minecraft:hopper":10,"minecraft:shulker_shell":14,"minecraft:coal":488,"minecraft:ender_pearl":44},"minecraft:killed_by":{"minecraft:blaze":1},"minecraft:custom":{"minecraft:animals_bred":1,"minecraft:interact_with_crafting_table":169,"minecraft:open_barrel":74,"minecraft:open_shulker_box":82,"minecraft:bell_ring":6,"minecraft:leave_game":21,"minecraft:time_since_death":294020,"minecraft:sprint_one_cm":3154877,"minecraft:damage_blocked_by_shield":3618,"minecraft:drop":653,"minecraft:talked_to_villager":733,"minecraft:play_time":968976,"minecraft:deaths":2,"minecraft:jump":22452,"minecraft:walk_on_water_one_cm":150580,"minecraft:enchant_item":53,"minecraft:interact_with_furnace":272,"minecraft:traded_with_villager":3425,"minecraft:sleep_in_bed":29,"minecraft:open_enderchest":2,"minecraft:damage_dealt":109360,"minecraft:player_kills":1,"minecraft:crouch_one_cm":469122,"minecraft:interact_with_smithing_table":2,"minecraft:inspect_dispenser":2,"minecraft:interact_with_smoker":9,"minecraft:horse_one_cm":919105,"minecraft:interact_with_anvil":23,"minecraft:mob_kills":584,"minecraft:climb_one_cm":70581,"minecraft:walk_one_cm":1307743,"minecraft:raid_win":1,"minecraft:sneak_time":131869,"minecraft:walk_under_water_one_cm":116916,"minecraft:boat_one_cm":10500,"minecraft:interact_with_blast_furnace":130,"minecraft:total_world_time":968976,"minecraft:interact_with_grindstone":31,"minecraft:time_since_rest":83904,"minecraft:damage_absorbed":42,"minecraft:damage_taken":17157,"minecraft:swim_one_cm":296456,"minecraft:fly_one_cm":5411908,"minecraft:open_chest":957,"minecraft:aviate_one_cm":3104755,"minecraft:fall_one_cm":613618},"minecraft:crafted":{"minecraft:ender_chest":1,"minecraft:grindstone":1,"minecraft:smooth_stone":18,"minecraft:oak_planks":616,"minecraft:cobblestone_slab":102,"minecraft:blaze_powder":2,"minecraft:crimson_sign":3,"minecraft:mangrove_boat":1,"minecraft:diamond_shovel":1,"minecraft:iron_bars":16,"minecraft:bookshelf":49,"minecraft:spruce_pressure_plate":64,"minecraft:shulker_box":5,"minecraft:green_dye":78,"minecraft:warped_planks":4,"minecraft:glass":1450,"minecraft:hopper":7,"minecraft:diamond_helmet":4,"minecraft:diamond_leggings":3,"minecraft:bow":3,"minecraft:chest":46,"minecraft:oak_button":20,"minecraft:copper_block":4,"minecraft:stone_hoe":13,"minecraft:ender_eye":1,"minecraft:magenta_dye":12,"minecraft:cooked_rabbit":4,"minecraft:glass_bottle":1056,"minecraft:item_frame":13,"minecraft:emerald":3972,"minecraft:diamond_axe":3,"minecraft:crafting_table":8,"minecraft:spruce_planks":24288,"minecraft:wooden_pickaxe":1,"minecraft:iron_helmet":10,"minecraft:smithing_table":1,"minecraft:copper_ingot":51,"minecraft:gold_block":14,"minecraft:fletching_table":8,"minecraft:green_stained_glass":264,"minecraft:red_tulip":6,"minecraft:apple":320,"minecraft:spruce_trapdoor":8,"minecraft:lectern":6,"minecraft:book":19,"minecraft:paper":1719,"minecraft:charcoal":154,"minecraft:diamond_pickaxe":6,"minecraft:emerald_block":160,"minecraft:shield":12,"minecraft:stone_slab":6,"minecraft:stick":49973,"minecraft:light_blue_dye":12,"minecraft:iron_ingot":2513,"minecraft:iron_pickaxe":3,"minecraft:iron_block":167,"minecraft:stone_sword":1,"minecraft:gold_ingot":263,"minecraft:sandstone":438,"minecraft:shears":7,"minecraft:sandstone_stairs":4,"minecraft:golden_carrot":540,"minecraft:cherry_planks":384,"minecraft:stone_shovel":1,"minecraft:raw_iron":45,"minecraft:coal":27,"minecraft:experience_bottle":175,"minecraft:furnace":14,"minecraft:blast_furnace":6,"minecraft:cherry_sapling":8,"minecraft:bone_meal":660,"minecraft:white_carpet":132,"minecraft:diamond_block":6,"minecraft:flint_and_steel":1,"minecraft:scaffolding":240,"minecraft:lantern":20,"minecraft:diamond":27,"minecraft:iron_axe":5,"minecraft:ladder":48,"minecraft:spruce_slab":156,"minecraft:iron_hoe":1,"minecraft:stone_pickaxe":1,"minecraft:diamond_boots":6,"minecraft:redstone_block":17,"minecraft:dark_oak_planks":24,"minecraft:golden_helmet":1,"minecraft:wheat":459,"minecraft:coal_block":37,"minecraft:red_dye":6,"minecraft:crimson_planks":20,"minecraft:diamond_sword":8,"minecraft:enchanting_table":1,"minecraft:iron_sword":1,"minecraft:sandstone_slab":6,"minecraft:mangrove_planks":44,"minecraft:bucket":4,"minecraft:stone_axe":1,"minecraft:enchanted_book":23,"minecraft:orange_dye":12,"minecraft:bread":153,"minecraft:air":0,"minecraft:jungle_planks":28,"minecraft:oak_fence_gate":6,"minecraft:oak_boat":1,"minecraft:sandstone_wall":54,"minecraft:white_wool":116,"minecraft:iron_shovel":4,"minecraft:anvil":3,"minecraft:white_bed":9,"minecraft:torch":24,"minecraft:lapis_lazuli":162,"minecraft:lapis_block":64,"minecraft:diamond_chestplate":4,"minecraft:firework_rocket":768}},"DataVersion":3953}