{"stats":{"minecraft:mined":{"minecraft:dark_oak_planks":4,"minecraft:spruce_planks":4,"minecraft:stone_pressure_plate":2,"minecraft:white_bed":3,"minecraft:oak_sapling":1,"minecraft:obsidian":28,"minecraft:granite":16,"minecraft:grass_block":58,"minecraft:jungle_log":7,"minecraft:composter":1,"minecraft:nether_wart":85,"minecraft:spawner":3,"minecraft:sandstone_stairs":1,"minecraft:raw_iron_block":5,"minecraft:glowstone":2,"minecraft:iron_ore":274,"minecraft:sticky_piston":2,"minecraft:fire":35,"minecraft:cobbled_deepslate":4,"minecraft:moss_carpet":1,"minecraft:deepslate_lapis_ore":29,"minecraft:fletching_table":9,"minecraft:enchanting_table":1,"minecraft:iron_bars":3,"minecraft:smooth_sandstone_stairs":25,"minecraft:spruce_slab":9,"minecraft:green_bed":5,"minecraft:deepslate_redstone_ore":25,"minecraft:sandstone_slab":2,"minecraft:cut_sandstone":30,"minecraft:jungle_door":1,"minecraft:smoker":1,"minecraft:soul_fire":1,"minecraft:torch":2,"minecraft:blast_furnace":6,"minecraft:chest":4,"minecraft:dead_bush":27,"minecraft:glass":1,"minecraft:cobblestone":43,"minecraft:sugar_cane":646,"minecraft:cyan_bed":14,"minecraft:smooth_sandstone_slab":14,"minecraft:wall_torch":3,"minecraft:wheat":1,"minecraft:tnt":27,"minecraft:oak_log":71,"minecraft:beetroots":1,"minecraft:oak_fence_gate":2,"minecraft:sand":1861,"minecraft:dirt":17,"minecraft:sandstone_wall":2,"minecraft:mangrove_log":11,"minecraft:wither_skeleton_skull":1,"minecraft:dispenser":2,"minecraft:netherrack":142,"minecraft:oak_leaves":15,"minecraft:deepslate":410,"minecraft:diamond_ore":1,"minecraft:tuff":154,"minecraft:mossy_cobblestone":3,"minecraft:deepslate_diamond_ore":55,"minecraft:mangrove_roots":7,"minecraft:end_stone":8,"minecraft:shulker_box":7,"minecraft:nether_bricks":257,"minecraft:glow_lichen":1,"minecraft:crimson_roots":1,"minecraft:weeping_vines":1,"minecraft:spruce_leaves":334,"minecraft:cartography_table":1,"minecraft:sandstone":1662,"minecraft:crimson_stem":1,"minecraft:hay_block":25,"minecraft:spruce_sapling":92,"minecraft:furnace":12,"minecraft:carrots":615,"minecraft:chiseled_sandstone":2,"minecraft:andesite":14,"minecraft:bell":1,"minecraft:nether_brick_fence":17,"minecraft:bookshelf":42,"minecraft:potatoes":28,"minecraft:cobblestone_slab":7,"minecraft:deepslate_iron_ore":281,"minecraft:vine":2,"minecraft:rail":19,"minecraft:warped_stem":1,"minecraft:bamboo":460,"minecraft:stone":265,"minecraft:bone_block":7,"minecraft:jungle_fence_gate":3,"minecraft:ender_chest":2,"minecraft:podzol":1,"minecraft:smithing_table":1,"minecraft:oak_slab":3,"minecraft:scaffolding":24,"minecraft:soul_sand":35,"minecraft:infested_stone_bricks":1,"minecraft:smooth_sandstone":127,"minecraft:crafting_table":2,"minecraft:short_grass":18,"minecraft:copper_ore":2,"minecraft:lectern":150,"minecraft:tall_grass":5,"minecraft:deepslate_coal_ore":1,"minecraft:lapis_ore":3,"minecraft:deepslate_gold_ore":65,"minecraft:diorite":7,"minecraft:cactus":9,"minecraft:lime_bed":18,"minecraft:spruce_log":3304,"minecraft:mangrove_leaves":2,"minecraft:coal_ore":159,"minecraft:gravel":178,"minecraft:cobweb":2,"minecraft:cracked_stone_bricks":6,"minecraft:terracotta":25,"minecraft:stone_bricks":18,"minecraft:mossy_stone_bricks":9},"minecraft:broken":{"minecraft:iron_shovel":3,"minecraft:iron_sword":1,"minecraft:stone_shovel":1,"minecraft:golden_chestplate":1,"minecraft:stone_hoe":1,"minecraft:iron_axe":3,"minecraft:iron_pickaxe":1},"minecraft:dropped":{"minecraft:iron_sword":2,"minecraft:diamond_axe":3,"minecraft:glow_ink_sac":1,"minecraft:ender_pearl":2,"minecraft:diamond":2,"minecraft:crafting_table":1,"minecraft:sandstone_stairs":8,"minecraft:sandstone_slab":12,"minecraft:crossbow":1,"minecraft:cracked_stone_bricks":6,"minecraft:mangrove_planks":3,"minecraft:saddle":1,"minecraft:elytra":1,"minecraft:rail":1,"minecraft:dragon_breath":2,"minecraft:emerald":106,"minecraft:flint":12,"minecraft:dirt":2,"minecraft:stone_button":22,"minecraft:crimson_roots":1,"minecraft:cut_sandstone":36,"minecraft:mangrove_boat":1,"minecraft:bone_meal":2,"minecraft:bone_block":10,"minecraft:sand":155,"minecraft:sugar":6,"minecraft:iron_pickaxe":4,"minecraft:white_wool":6,"minecraft:bone":21,"minecraft:stone_axe":3,"minecraft:sugar_cane":1,"minecraft:mangrove_roots":8,"minecraft:cobbled_deepslate":5,"minecraft:smooth_sandstone_stairs":30,"minecraft:obsidian":8,"minecraft:rotten_flesh":49,"minecraft:oak_planks":1,"minecraft:glowstone_dust":38,"minecraft:nether_brick_fence":27,"minecraft:carrot":1281,"minecraft:sandstone_wall":104,"minecraft:rabbit_hide":2,"minecraft:gunpowder":29,"minecraft:spruce_pressure_plate":64,"minecraft:arrow":25,"minecraft:glass":116,"minecraft:warped_wart_block":1,"minecraft:scaffolding":137,"minecraft:green_stained_glass":224,"minecraft:netherrack":20,"minecraft:firework_rocket":368,"minecraft:stone_hoe":13,"minecraft:water_bucket":1,"minecraft:enchanted_book":3,"minecraft:bread":159,"minecraft:oak_slab":74,"minecraft:wheat_seeds":4,"minecraft:golden_helmet":2,"minecraft:diamond_leggings":2,"minecraft:feather":6,"minecraft:iron_helmet":19,"minecraft:cobblestone":14,"minecraft:apple":1,"minecraft:granite":16,"minecraft:golden_apple":2,"minecraft:stick":79,"minecraft:diorite":4,"minecraft:torch":5,"minecraft:jungle_door":1,"minecraft:diamond_helmet":1,"minecraft:smooth_sandstone_slab":35,"minecraft:iron_axe":4,"minecraft:cactus":9,"minecraft:iron_shovel":2,"minecraft:paper":79,"minecraft:string":12,"minecraft:smooth_sandstone":198,"minecraft:spruce_sapling":3,"minecraft:chiseled_sandstone":2,"minecraft:blue_terracotta":1,"minecraft:oak_trapdoor":6,"minecraft:stone_sword":14,"minecraft:blaze_rod":67,"minecraft:cobblestone_wall":22,"minecraft:cocoa_beans":4,"minecraft:stone_shovel":2,"minecraft:chicken":4,"minecraft:iron_hoe":3,"minecraft:smoker":1,"minecraft:flint_and_steel":1,"minecraft:diamond_sword":1,"minecraft:cobblestone_slab":34,"minecraft:potato":29,"minecraft:shield":11,"minecraft:oak_button":20,"minecraft:diamond_chestplate":3,"minecraft:diamond_pickaxe":4,"minecraft:andesite":28,"minecraft:mossy_stone_bricks":2,"minecraft:oak_boat":2,"minecraft:golden_sword":2,"minecraft:stone_pressure_plate":2,"minecraft:stone_bricks":10,"minecraft:spider_eye":26,"minecraft:bamboo":10,"minecraft:diamond_boots":1,"minecraft:sandstone":188,"minecraft:bow":7,"minecraft:stone_pickaxe":2,"minecraft:wooden_pickaxe":2,"minecraft:magma_cream":5,"minecraft:black_wool":1,"minecraft:terracotta":35},"minecraft:killed":{"minecraft:cave_spider":5,"minecraft:zombified_piglin":23,"minecraft:spider":46,"minecraft:skeleton":119,"minecraft:silverfish":1,"minecraft:magma_cube":22,"minecraft:ender_dragon":1,"minecraft:creeper":31,"minecraft:trader_llama":2,"minecraft:donkey":1,"minecraft:zombie":49,"minecraft:blaze":59,"minecraft:cow":20,"minecraft:armadillo":1,"minecraft:horse":12,"minecraft:husk":46,"minecraft:rabbit":6,"minecraft:wither_skeleton":87,"minecraft:enderman":9},"minecraft:used":{"minecraft:moss_carpet":3,"minecraft:nether_brick_fence":2,"minecraft:iron_shovel":791,"minecraft:spruce_slab":141,"minecraft:elytra":6,"minecraft:ladder":12,"minecraft:shield":79,"minecraft:chest":38,"minecraft:iron_sword":274,"minecraft:stone":3,"minecraft:nether_wart":103,"minecraft:smooth_sandstone_stairs":4,"minecraft:rotten_flesh":11,"minecraft:soul_sand":37,"minecraft:jungle_planks":13,"minecraft:nether_bricks":245,"minecraft:carrot":705,"minecraft:tuff":31,"minecraft:obsidian":12,"minecraft:glass":2,"minecraft:lava_bucket":12,"minecraft:jungle_fence_gate":3,"minecraft:stone_bricks":5,"minecraft:item_frame":13,"minecraft:deepslate_diamond_ore":2,"minecraft:scaffolding":227,"minecraft:furnace":19,"minecraft:potato":34,"minecraft:diorite":7,"minecraft:diamond_boots":2,"minecraft:mossy_stone_bricks":4,"minecraft:wither_skeleton_skull":5,"minecraft:stone_pickaxe":108,"minecraft:cactus":12,"minecraft:ender_pearl":8,"minecraft:wooden_pickaxe":3,"minecraft:sandstone":85,"minecraft:sugar_cane":179,"minecraft:diamond_axe":3100,"minecraft:golden_apple":1,"minecraft:sand":321,"minecraft:blast_furnace":12,"minecraft:firework_rocket":28,"minecraft:bread":172,"minecraft:cyan_bed":14,"minecraft:lectern":155,"minecraft:deepslate":66,"minecraft:gravel":118,"minecraft:golden_helmet":1,"minecraft:diamond_sword":1124,"minecraft:pufferfish_bucket":14,"minecraft:cooked_rabbit":5,"minecraft:grindstone":1,"minecraft:smithing_table":2,"minecraft:andesite":7,"minecraft:oak_boat":3,"minecraft:bone_meal":557,"minecraft:experience_bottle":106,"minecraft:iron_bars":7,"minecraft:stone_sword":124,"minecraft:enchanting_table":2,"minecraft:flint_and_steel":2,"minecraft:stone_shovel":131,"minecraft:spruce_planks":22,"minecraft:ender_chest":2,"minecraft:stone_hoe":137,"minecraft:sandstone_wall":26,"minecraft:netherrack":107,"minecraft:torch":7,"minecraft:dirt":85,"minecraft:anvil":1,"minecraft:hopper":5,"minecraft:diamond_helmet":2,"minecraft:shulker_box":7,"minecraft:granite":8,"minecraft:oak_fence_gate":8,"minecraft:iron_hoe":54,"minecraft:dark_oak_planks":5,"minecraft:bookshelf":48,"minecraft:iron_axe":764,"minecraft:smooth_sandstone":19,"minecraft:bamboo":155,"minecraft:diamond_chestplate":8,"minecraft:golden_carrot":83,"minecraft:goat_horn":2,"minecraft:cooked_beef":20,"minecraft:cobbled_deepslate":182,"minecraft:mangrove_boat":1,"minecraft:water_bucket":200,"minecraft:sandstone_stairs":3,"minecraft:smooth_sandstone_slab":4,"minecraft:cut_sandstone":5,"minecraft:green_bed":7,"minecraft:fletching_table":17,"minecraft:cobblestone_slab":77,"minecraft:terracotta":5,"minecraft:lime_bed":18,"minecraft:crafting_table":10,"minecraft:oak_slab":32,"minecraft:white_bed":12,"minecraft:spruce_log":28,"minecraft:diamond_pickaxe":4031,"minecraft:diamond_shovel":1212,"minecraft:iron_pickaxe":679,"minecraft:spruce_sapling":209,"minecraft:stone_axe":118,"minecraft:crimson_sign":4,"minecraft:cobblestone":293,"minecraft:bucket":230,"minecraft:sandstone_slab":12,"minecraft:diamond_leggings":2},"minecraft:picked_up":{"minecraft:ender_chest":2,"minecraft:nether_brick_fence":51,"minecraft:lead":2,"minecraft:smithing_table":1,"minecraft:diamond_sword":3,"minecraft:enchanted_book":1,"minecraft:golden_sword":2,"minecraft:string":57,"minecraft:gold_nugget":90,"minecraft:cobbled_deepslate":254,"minecraft:spruce_planks":4,"minecraft:cobblestone_slab":10,"minecraft:iron_pickaxe":2,"minecraft:mangrove_log":11,"minecraft:crimson_sign":1,"minecraft:furnace":12,"minecraft:golden_helmet":1,"minecraft:stick":215,"minecraft:jungle_door":1,"minecraft:composter":1,"minecraft:torch":12,"minecraft:green_bed":5,"minecraft:sandstone_wall":2,"minecraft:diorite":7,"minecraft:golden_chestplate":1,"minecraft:cactus":13,"minecraft:stone_sword":11,"minecraft:rotten_flesh":74,"minecraft:mangrove_roots":8,"minecraft:blaze_rod":151,"minecraft:obsidian":32,"minecraft:iron_bars":7,"minecraft:cobblestone":268,"minecraft:enchanting_table":1,"minecraft:cooked_beef":40,"minecraft:magma_cream":6,"minecraft:jungle_log":7,"minecraft:water_bucket":1,"minecraft:andesite":12,"minecraft:smoker":1,"minecraft:potato":80,"minecraft:flint":55,"minecraft:tuff":124,"minecraft:smooth_sandstone_stairs":34,"minecraft:wither_skeleton_skull":5,"minecraft:lapis_lazuli":462,"minecraft:dirt":441,"minecraft:bone":377,"minecraft:bow":8,"minecraft:wheat_seeds":4,"minecraft:raw_gold":126,"minecraft:bell":1,"minecraft:mossy_stone_bricks":9,"minecraft:fletching_table":9,"minecraft:rabbit":5,"minecraft:diamond_helmet":1,"minecraft:glowstone_dust":81,"minecraft:bamboo":3660,"minecraft:stone_hoe":11,"minecraft:warped_wart_block":1,"minecraft:sand":1817,"minecraft:cyan_bed":13,"minecraft:chiseled_sandstone":2,"minecraft:shulker_box":7,"minecraft:mossy_cobblestone":3,"minecraft:iron_hoe":2,"minecraft:dispenser":2,"minecraft:blue_terracotta":1,"minecraft:diamond":107,"minecraft:deepslate":178,"minecraft:granite":16,"minecraft:bone_meal":1,"minecraft:golden_apple":1,"minecraft:bread":191,"minecraft:oak_sapling":37,"minecraft:netherrack":159,"minecraft:crimson_roots":1,"minecraft:diamond_pickaxe":2,"minecraft:charcoal":34,"minecraft:cocoa_beans":4,"minecraft:crafting_table":3,"minecraft:sandstone_slab":4,"minecraft:nether_wart":391,"minecraft:shield":2,"minecraft:dragon_breath":2,"minecraft:elytra":1,"minecraft:moss_carpet":3,"minecraft:iron_axe":4,"minecraft:flint_and_steel":1,"minecraft:iron_shovel":1,"minecraft:cracked_stone_bricks":12,"minecraft:cartography_table":1,"minecraft:deepslate_diamond_ore":2,"minecraft:beef":38,"minecraft:oak_boat":2,"minecraft:spruce_slab":9,"minecraft:lectern":150,"minecraft:sugar_cane":1139,"minecraft:chest":10,"minecraft:raw_iron":1224,"minecraft:sandstone":1487,"minecraft:stone":26,"minecraft:stone_button":22,"minecraft:jungle_fence_gate":3,"minecraft:carrot":2846,"minecraft:redstone":150,"minecraft:stone_pressure_plate":2,"minecraft:dark_oak_planks":3,"minecraft:smooth_sandstone_slab":13,"minecraft:tnt":26,"minecraft:arrow":139,"minecraft:diamond_chestplate":3,"minecraft:nether_bricks":287,"minecraft:hay_block":25,"minecraft:sandstone_stairs":3,"minecraft:saddle":7,"minecraft:gold_ingot":5,"minecraft:bone_block":20,"minecraft:rail":19,"minecraft:white_wool":4,"minecraft:lime_bed":18,"minecraft:glow_ink_sac":2,"minecraft:crimson_stem":7,"minecraft:leather":31,"minecraft:cut_sandstone":41,"minecraft:oak_log":81,"minecraft:gunpowder":42,"minecraft:paper":79,"minecraft:smooth_sandstone":207,"minecraft:mangrove_boat":1,"minecraft:apple":1,"minecraft:stone_bricks":30,"minecraft:warped_stem":1,"minecraft:rabbit_hide":2,"minecraft:iron_ingot":149,"minecraft:oak_fence_gate":2,"minecraft:iron_sword":4,"minecraft:soul_sand":57,"minecraft:book":126,"minecraft:scaffolding":221,"minecraft:oak_slab":3,"minecraft:raw_iron_block":5,"minecraft:gravel":133,"minecraft:lava_bucket":1,"minecraft:spruce_sapling":309,"minecraft:blast_furnace":6,"minecraft:white_bed":3,"minecraft:spruce_log":3851,"minecraft:spider_eye":26,"minecraft:dragon_egg":1,"minecraft:firework_rocket":117,"minecraft:iron_helmet":9,"minecraft:diamond_axe":2,"minecraft:terracotta":40,"minecraft:shulker_shell":2,"minecraft:coal":488,"minecraft:ender_pearl":16},"minecraft:killed_by":{"minecraft:blaze":1},"minecraft:custom":{"minecraft:interact_with_crafting_table":142,"minecraft:open_barrel":46,"minecraft:open_shulker_box":11,"minecraft:leave_game":14,"minecraft:time_since_death":97812,"minecraft:sprint_one_cm":2475031,"minecraft:damage_blocked_by_shield":2134,"minecraft:drop":485,"minecraft:talked_to_villager":528,"minecraft:play_time":772768,"minecraft:deaths":2,"minecraft:jump":19268,"minecraft:walk_on_water_one_cm":103917,"minecraft:enchant_item":36,"minecraft:interact_with_furnace":258,"minecraft:traded_with_villager":2182,"minecraft:sleep_in_bed":22,"minecraft:open_enderchest":2,"minecraft:damage_dealt":101730,"minecraft:crouch_one_cm":314382,"minecraft:interact_with_smoker":9,"minecraft:interact_with_smithing_table":2,"minecraft:inspect_dispenser":1,"minecraft:horse_one_cm":919104,"minecraft:interact_with_anvil":14,"minecraft:mob_kills":559,"minecraft:climb_one_cm":68412,"minecraft:walk_one_cm":1041986,"minecraft:sneak_time":95860,"minecraft:walk_under_water_one_cm":42539,"minecraft:boat_one_cm":10500,"minecraft:interact_with_blast_furnace":106,"minecraft:total_world_time":772768,"minecraft:interact_with_grindstone":19,"minecraft:time_since_rest":68359,"minecraft:damage_absorbed":42,"minecraft:damage_taken":13168,"minecraft:swim_one_cm":198749,"minecraft:fly_one_cm":4626197,"minecraft:open_chest":735,"minecraft:aviate_one_cm":762939,"minecraft:fall_one_cm":505943},"minecraft:crafted":{"minecraft:ender_chest":1,"minecraft:grindstone":1,"minecraft:smooth_stone":18,"minecraft:oak_planks":596,"minecraft:cobblestone_slab":102,"minecraft:blaze_powder":2,"minecraft:crimson_sign":3,"minecraft:mangrove_boat":1,"minecraft:diamond_shovel":1,"minecraft:bookshelf":33,"minecraft:spruce_pressure_plate":64,"minecraft:shulker_box":1,"minecraft:warped_planks":4,"minecraft:green_dye":78,"minecraft:glass":442,"minecraft:hopper":7,"minecraft:diamond_helmet":3,"minecraft:diamond_leggings":3,"minecraft:bow":2,"minecraft:chest":42,"minecraft:oak_button":20,"minecraft:copper_block":4,"minecraft:stone_hoe":13,"minecraft:ender_eye":1,"minecraft:magenta_dye":12,"minecraft:cooked_rabbit":4,"minecraft:item_frame":13,"minecraft:emerald":2877,"minecraft:diamond_axe":2,"minecraft:crafting_table":8,"minecraft:spruce_planks":22780,"minecraft:wooden_pickaxe":1,"minecraft:iron_helmet":10,"minecraft:smithing_table":1,"minecraft:copper_ingot":51,"minecraft:gold_block":14,"minecraft:fletching_table":8,"minecraft:green_stained_glass":264,"minecraft:red_tulip":6,"minecraft:apple":320,"minecraft:lectern":6,"minecraft:book":19,"minecraft:paper":1278,"minecraft:charcoal":154,"minecraft:diamond_pickaxe":6,"minecraft:emerald_block":128,"minecraft:shield":12,"minecraft:stone_slab":6,"minecraft:stick":45928,"minecraft:light_blue_dye":12,"minecraft:iron_ingot":1459,"minecraft:iron_pickaxe":3,"minecraft:iron_block":73,"minecraft:stone_sword":1,"minecraft:gold_ingot":241,"minecraft:sandstone":209,"minecraft:sandstone_stairs":4,"minecraft:golden_carrot":288,"minecraft:stone_shovel":1,"minecraft:raw_iron":45,"minecraft:coal":27,"minecraft:experience_bottle":105,"minecraft:furnace":14,"minecraft:blast_furnace":6,"minecraft:cherry_sapling":8,"minecraft:bone_meal":588,"minecraft:diamond_block":6,"minecraft:scaffolding":240,"minecraft:lantern":15,"minecraft:iron_axe":5,"minecraft:ladder":15,"minecraft:spruce_slab":156,"minecraft:iron_hoe":1,"minecraft:stone_pickaxe":1,"minecraft:diamond_boots":3,"minecraft:redstone_block":17,"minecraft:dark_oak_planks":24,"minecraft:golden_helmet":1,"minecraft:wheat":459,"minecraft:coal_block":37,"minecraft:red_dye":6,"minecraft:crimson_planks":20,"minecraft:diamond_sword":2,"minecraft:enchanting_table":1,"minecraft:iron_sword":1,"minecraft:sandstone_slab":6,"minecraft:mangrove_planks":44,"minecraft:bucket":4,"minecraft:stone_axe":1,"minecraft:enchanted_book":15,"minecraft:orange_dye":12,"minecraft:bread":153,"minecraft:air":0,"minecraft:jungle_planks":28,"minecraft:oak_fence_gate":6,"minecraft:oak_boat":1,"minecraft:sandstone_wall":54,"minecraft:white_wool":28,"minecraft:iron_shovel":4,"minecraft:anvil":2,"minecraft:white_bed":9,"minecraft:torch":24,"minecraft:lapis_lazuli":108,"minecraft:lapis_block":64,"minecraft:diamond_chestplate":4,"minecraft:firework_rocket":576}},"DataVersion":3953}